"Subsector","Actividad","RUT","No. de Identificación","Nombre","Sector/Zona Turística","Provincia","Estatus Proceso","Estatus Licencia","Estatus Establecimiento","Fecha de Vencimiento","Teléfono","Correo"
"Agencias de viajes y tour operador","Agencia de viajes mayorista","AV-AVMA-1301-00962","130459215","EVELYN BUSINESS TRAVEL","La Vega - Centro Ciudad","La Vega","Sin licencia","En formación","Cerrado","","8293420866",""
"Agencias de viajes y tour operador","Agencias de viajes, reservas y pasajes","AV-AVMI-1101-02270","131049508","Better Place To Go","Verón","La Altagracia","Sin licencia","En formación","Cerrado","","",""
"Agencias de viajes y tour operador","Agencias de viajes, reservas y pasajes","AV-AVMI-2501-00982","102009031","Agencia De Viajes Rodriguez","Santiago - Centro Ciudad","Santiago","Vigente","Activa","Abierto","2027-06-26","8095823278",""
"Agencias de viajes y tour operador","Agencias de viajes, reservas y pasajes","AV-AVMI-2703-00914","130197164","Davelba Tours","Laguna Salada","Valverde","Vencida","Inactiva","Abierto","2025-08-26","8095857188",""
"Agencias de viajes y tour operador","Agencias de viajes, reservas y pasajes","AV-AVMI-2501-00986","132179161","Kalson Tours","Santiago - Centro Ciudad","Santiago","Sin licencia","En formación","Cerrado","","8095640249",""
"Agencias de viajes y tour operador","Agencias de viajes, reservas y pasajes","AV-AVMI-0101-00989","132065581","Luxrove Travel And Tourism","Zona Colonial","Distrito Nacional","Vigente","Activa","Cerrado","2026-03-15","8293439108",""
"Agencias de viajes y tour operador","Agencias de viajes, reservas y pasajes","AV-AVMI-2501-00991","131380842","Multitours","Santiago - Centro Ciudad","Santiago","Sin licencia","En formación","Cerrado","","8498060152",""
"Agencias de viajes y tour operador","Agencias de viajes, reservas y pasajes y tour operador local-doméstico","AV-AITL-1801-00998","131016642","Cofresi Tours","Cafemba","Puerto Plata","Sin licencia","En formación","Cerrado","","8492849494",""
"Agencias de viajes y tour operador","Agencias de viajes, reservas y pasajes y tour operador local-doméstico","AV-AITL-0101-00999","130050953","UEI Ultra Eventos Internacionales","San Gerónimo","Distrito Nacional","Sin licencia","En formación","Abierto","","8095658284",""
"Agencias de viajes y tour operador","Agencias de viajes, reservas y pasajes y tour operador local-doméstico","AV-AITL-1101-01000","131684165","Crowdmeeting","Sección Juanillo","La Altagracia","Sin licencia","En formación","Cerrado","","8093337999",""
"Agencias de viajes y tour operador","Agencias de viajes, reservas y pasajes y tour operador local-doméstico","AV-AITL-0101-01002","131931219","Aladevi Events Tours","Gazcue","Distrito Nacional","Sin licencia","En formación","Cerrado","","8093380707",""
"Agencias de viajes y tour operador","Agencias de viajes, reservas y pasajes y tour operador local-doméstico","AV-AITL-3001-01004","132160363","Eco Scape Island","Miches","Hato Mayor","Sin licencia","En formación","Cerrado","","8498613027",""
"Agencias de viajes y tour operador","Agencias de viajes, reservas y pasajes y tour operador local-doméstico","AV-AITL-3201-01006","131533701","Odille Services Tours","Cansino","Santo Domingo","Sin licencia","En formación","Cerrado","","8492613666",""
"Agencias de viajes y tour operador","Agencias de viajes, reservas y pasajes y tour operador local-doméstico","AV-AITL-1101-01008","131802273","Pero Dime Excursion & Diving","Dominicus - Bayahibe","La Altagracia","Sin licencia","En formación","Cerrado","","8292657265",""
"Agencias de viajes y tour operador","Agencias de viajes, reservas y pasajes y tour operador local-doméstico","AV-AITL-2301-01009","101769521","San Pedro Tours","San Pedro - Centro Ciudad","San Pedro de Macorís","Sin licencia","En formación","Abierto","","8095292107",""
"Agencias de viajes y tour operador","Agencias de viajes, reservas y pasajes y tour operador local-doméstico","AV-AITL-3201-01010","131952102","S.P TOURS","Bávaro","La Altagracia","Sin licencia","En formación","Abierto","","8296966615",""
"Agencias de viajes y tour operador","Agencias de viajes, reservas y pasajes y tour operador receptivo-emisivo","AV-AITE-3201-01012","132086643","Luxury Vacation Club LVC","Ensache Ozama","Santo Domingo","Sin licencia","En formación","Cerrado","","8099779892",""
"Agencias de viajes y tour operador","Agencias de viajes, reservas y pasajes y tour operador receptivo-emisivo","AV-AITE-0101-01013","131289886","Pyhex Travel","Jardines del Norte","Distrito Nacional","Sin licencia","En formación","Cerrado","","8092213300",""
"Agencias de viajes y tour operador","Tour operador local-doméstico","AV-TOLD-1101-01855","130962138","Ola Kala Trade","Bávaro","La Altagracia","Vigente","Activa","Cerrado","2029-12-31","8095010555",""
"Agencias de viajes y tour operador","Tour operador local-doméstico","AV-TOLD-1101-01856","131501001","AUTO MACHINERY TRADER M&A (AV)","Bávaro","La Altagracia","Vigente","Activa","Cerrado","2026-09-26","8095541732",""
"Agencias de viajes y tour operador","Tour operador local-doméstico","AV-TOLD-2001-01858","130406693","Marivanna Tours","Samaná - Centro","Samaná","Sin licencia","En formación","Cerrado","","8099020225",""
"Agencias de viajes y tour operador","Tour operador local-doméstico","AV-TOLD-1101-01861","130387338","On Tour By RCD","Las Terrenas","La Altagracia","Sin licencia","En formación","Abierto","","8092892343",""
"Agencias de viajes y tour operador","Tour operador local-doméstico","AV-TOLD-1201-01862","131539599","Botello Caceres & Asociados","Las Terrenas","La Romana","Sin licencia","En formación","Abierto","","8098132294",""
"Agencias de viajes y tour operador","Tour operador local-doméstico","AV-TOLD-1101-01865","132110994","Profesional Sun Tours PST","Las Terrenas","La Altagracia","Sin licencia","En formación","Cerrado","","8292657265",""
"Agencias de viajes y tour operador","Tour operador local-doméstico","AV-TOLD-1102-01867","131896383","ADVENTURE TOUR CARIBBREAN ATC (AV)","Las Terrenas","La Altagracia","Sin licencia","En formación","Cerrado","","8096886817",""
"Agencias de viajes y tour operador","Tour operador receptivo-emisivo","AV-TOER-0802-01885","131497111","Touring One","Miches","El Seibo","Sin licencia","En formación","Abierto","","8098736051",""
"Agencias de viajes y tour operador","Tour operador receptivo-emisivo","AV-TOER-1101-01886","130331898","Coral Hospitality Corp","Bávaro","La Altagracia","Sin licencia","En formación","Abierto","","8495626725",""
"Agencias de viajes y tour operador","Tour operador receptivo-emisivo","AV-TOER-1101-01887","131506208","KJ Tours","Bávaro","La Altagracia","Sin licencia","En formación","Cerrado","","8293768244",""
"Agencias de viajes y tour operador","Tour operador receptivo-emisivo","AV-TOER-1801-01888","131945422","ECOMOTION TOURS","Malecón","Puerto Plata","Vigente","Activa","Abierto","2027-12-21","8097698732",""
"Agencias de viajes y tour operador","Tour operador receptivo-emisivo","AV-TOER-1101-01889","131661416","Cortecito Tours","Playa El Cortecito","La Altagracia","Sin licencia","En formación","Cerrado","","8497773023",""
"Agencias de viajes y tour operador","Tour operador receptivo-emisivo","AV-TOER-1101-01895","131365035","Wise Vacation","Bávaro","La Altagracia","Sin licencia","En formación","Abierto","","8093318062",""
"Agencias de viajes y tour operador","Tour operador receptivo-emisivo","AV-TOER-1201-01897","131469531","SOL PARAISO GOLF","La Romana","La Romana","Vencida","Inactiva","Cerrado","2025-10-28","8096975347",""
"Agencias de viajes y tour operador","Agencias de viajes, reservas y pasajes","AV-AVMA-3201-00216","131094473","D ROSE TRAVEL & SERVICES","Alma Rosa I","Santo Domingo","Vencida","Inactiva","Cerrado","2025-10-28","8096992272",""
"Agencias de viajes y tour operador","Agencias de viajes, reservas y pasajes","AV-AVMI-0101-00796","131262678","Viajex dadafe","Bella Vista","Distrito Nacional","Vigente","Activa","Abierto","2026-03-18","8096031957",""
"Agencias de viajes y tour operador","Tour operador local-doméstico","AV-TOLD-0101-00763","130864251","Fun Vacations Tours & Travels","Ensanche Quisqueya","Distrito Nacional","Vencida","Inactiva","Cerrado","2025-09-06","8093788231",""
"Agencias de viajes y tour operador","Tour operador local-doméstico","AV-TOLD-1101-00153","130466785","GO MAJESTIC BY ELEGANCE","Uvero Alto","La Altagracia","Vigente","Activa","Abierto","2029-10-27","8295994937",""
"Agencias de viajes y tour operador","Tour operador local-doméstico","AV-TOLD-1101-00100","132048474","Go Majestic By Colonial","Uvero Alto","La Altagracia","En proceso","Activa","Abierto","","8095623344",""
"Agencias de viajes y tour operador","Tour operador receptivo-emisivo","AV-TOER-3204-00873","131990053","Inter Ula Ula Tours","Boca Chica","Santo Domingo","Sin licencia","En formación","Cerrado","","8098669621",""
"Agencias de viajes y tour operador","Tour operador receptivo-emisivo","AV-TOER-1801-00143","132103904","Silver Port Transfers","Centro","Puerto Plata","Sin licencia","En formación","Cerrado","","8098460894",""
"Agencias de viajes y tour operador","Tour operador receptivo-emisivo","AV-TOER-0101-00148","131194402","Xploratur","Ensanche Naco","Distrito Nacional","Vigente","Activa","Abierto","2026-03-25","8092273939",""
"Agencias de viajes y tour operador","Tour operador receptivo-emisivo","AV-TOER-0101-00072","132106253","GBP Kayoe Excursiones","GAZCUE","Distrito Nacional","Vencida","Inactiva","Cerrado","2026-01-26","8095394801",""
"Agencias de viajes y tour operador","Agencias de viajes, reservas y pasajes y tour operador receptivo-emisivo","AV-AITE-1101-00233","132023005","Globalist International Tour & Services.","Bávaro","La Altagracia","Sin licencia","En formación","Cerrado","","8292282791",""
"Agencias de viajes y tour operador","Agencias de viajes, reservas y pasajes y tour operador receptivo-emisivo","AV-AITE-1101-00797","119020451","DOMINICANA EXPERIENCE DMC","Punta Cana","La Altagracia","Vigente","Activa","Abierto","2030-01-23","8099333500",""
"Agencias de viajes y tour operador","Agencias de viajes mayorista y tour operador receptivo-emisivo","AV-AITL-0101-00129","101174536","Trigi Travel","La Julia","Distrito Nacional","Vigente","Activa","Cerrado","2029-10-20","8095625454",""
"Agencias de viajes y tour operador","Agencias de viajes mayorista y tour operador receptivo-emisivo","AV-AMTE-0101-00215","131128718","MamaJuana Travel","Bella Vista","Distrito Nacional","Sin licencia","En formación","Cerrado","","8095914268",""
"Agencias de viajes y tour operador","Agencias de viajes mayorista y tour operador receptivo-emisivo","AV-AMTE-0101-00293","132042964","NETTY`S TOUR & TRAVEL","Encarnaciòn","Distrito Nacional","Sin licencia","En formación","Cerrado","","8297062352",""
"Agencias de viajes y tour operador","Agencia de viajes mayorista","AV-AVMA-0101-00300","130745722","ZONA DE VIAJES","El Millón","Distrito Nacional","Vigente","Activa","Abierto","2029-10-27","8492010300",""
"Agencias de viajes y tour operador","Agencias de viajes, reservas y pasajes","AV-AVMI-0101-00134","131851673","Pasaje a Bordo","Ensanche Naco","Distrito Nacional","Vencida","Inactiva","Cerrado","2025-12-02","8299010910",""
"Agencias de viajes y tour operador","Agencias de viajes, reservas y pasajes","AV-AVMI-0101-00170","131211852","Wallys Tours","Gazcue","Distrito Nacional","Vigente","Activa","Cerrado","2030-01-23","8296055524",""
"Agencias de viajes y tour operador","Agencias de viajes, reservas y pasajes","AV-AVMI-0101-00301","130745722","OUT2-TRAVEL","El Millón","Distrito Nacional","Vigente","Activa","Abierto","2029-10-28","8492010300",""
"Agencias de viajes y tour operador","Agencias de viajes, reservas y pasajes","AV-AVMI-2001-00132","132057465","Nazaret Service Samana","Samaná - Centro","Samaná","Vigente","Activa","Cerrado","2026-03-21","8095383243",""
"Agencias de viajes y tour operador","Tour operador receptivo-emisivo","AV-TOER-3204-00244","131072011","Jazmin catamarán","Boca Chica","Santo Domingo","Sin licencia","En formación","Cerrado","","8299619002",""
"Agencias de viajes y tour operador","Tour operador local-doméstico","AV-TOLD-1101-00284","132065921","Espejo del mar","Bávaro","La Altagracia","Sin licencia","En formación","Cerrado","","8093782003",""
"Agencias de viajes y tour operador","Agencias de viajes, reservas y pasajes","AV-AVMI-1401-00314","131330932","GONBA","Nagua - Centro","María Trinidad Sánchez","Vencida","Inactiva","Abierto","2026-03-02","8095436102",""
"Agencias de viajes y tour operador","Agencias de viajes mayorista y tour operador receptivo-emisivo","AV-AMTE-1101-00316","131923542","HYROGEN'S VIP TOURS","Bávaro","La Altagracia","Sin licencia","En formación","Cerrado","","8093589110",""
"Agencias de viajes y tour operador","Tour operador local-doméstico","AV-TOER-1101-00317","132157214","Los Corales Tours Transfers Y Excursions","Punta Cana","La Altagracia","Vigente","Activa","Abierto","2029-11-27","8097071592",""
"Agencias de viajes y tour operador","Agencias de viajes, reservas y pasajes","AV-AVMI-0101-00762","130255652","Convitur","Los Robles","Distrito Nacional","Vigente","Activa","Abierto","2027-03-29","8097694031",""
"Agencias de viajes y tour operador","Agencias de viajes, reservas y pasajes","AV-AVMI-1303-00764","130639851","Viajes Pueblo","La Vega - Centro Ciudad","La Vega","Vencida","Inactiva","Abierto","2025-07-30","8095745488",""
"Agencias de viajes y tour operador","Agencias de viajes mayorista y tour operador local-doméstico","AV-AMTL-2001-00794","40222399459","KELTRAVEL SRL","Samaná - Centro","Samaná","Vencida","Inactiva","Abierto","2025-11-10","8298651816",""
"Agencias de viajes y tour operador","Agencias de viajes, reservas y pasajes","AV-AVMI-0101-00844","131939198","NEUS TRAVEL","La Esperilla","Distrito Nacional","Vigente","Activa","Cerrado","2026-11-16","8095347933",""
"Agencias de viajes y tour operador","Tour operador local-doméstico","AV-TOLD-1101-00845","131920233","Fantasy's Tavel EPM","Punta Cana","La Altagracia","Vencida","Inactiva","Abierto","2025-10-18","8296293263",""
"Agencias de viajes y tour operador","Agencias de viajes, reservas y pasajes","AV-AVMI-0101-00856","131985386","CBM TOURS","Ciudad Nueva","Distrito Nacional","Vigente","Activa","Cerrado","2026-06-21","8094810941",""
"Agencias de viajes y tour operador","Agencia de viajes mayorista","AV-AVMA-3201-00868","131638619","Logitur","El Rosal","Santo Domingo","Vigente","Activa","Abierto","2029-10-31","8095959555",""
"Agencias de viajes y tour operador","Tour operador local-doméstico","AV-TOLD-1101-00874","132054598","ADAEM EXCLUSIVE TOURS (AV-TOLD) - 2","Bávaro","La Altagracia","Sin licencia","En formación","Abierto","","8493575586",""
"Agencias de viajes y tour operador","Agencias de viajes, reservas y pasajes","AV-AVMI-3201-00875","132069072","Miranda Travel & Services","Ensache Ozama","Distrito Nacional","Vencida","Inactiva","Cerrado","2026-01-31","8097134792",""
"Agencias de viajes y tour operador","Tour operador local-doméstico","AV-TOLD-1101-00789","130093571","GO MAJESTIC","Bávaro","La Altagracia","Vencida","Inactiva","Abierto","","8095623344",""
"Agencias de viajes y tour operador","Agencias de viajes mayorista y tour operador local-doméstico","AV-AMTL-0101-00957","101661909","Ozama Travel","Villa Juana","Distrito Nacional","Vencida","Inactiva","Abierto","2001-02-10","8295474033",""
"Agencias de viajes y tour operador","Agencias de viajes, reservas y pasajes y tour operador local-doméstico","AV-AITL-3001-01011","101147733","Viajes Bohio","Hato Mayor","Hato Mayor","Vencida","Inactiva","Abierto","2015-05-06","",""
"Agencias de viajes y tour operador","Tour operador local-doméstico","AV-TOLD-3204-02208","131478107","Amuris Tours","Boca Chica","Santo Domingo","Vigente","Activa","Abierto","2026-03-25","8299172106",""
"Agencias de viajes y tour operador","Tour operador local-doméstico","AV-TOLD-1101-00916","131588727","INDULGENCE LUXURY CONCIERGE SERVICES","Bávaro","La Altagracia","Vigente","Activa","Cerrado","2026-03-14","8295699042",""
"Agencias de viajes y tour operador","Tour operador local-doméstico","AV-TOLD-3201-00932","132086643","Luxury Vacation Club LVC","Alma Rosa I","Santo Domingo","Sin licencia","En formación","Cerrado","","8099779892",""
"Agencias de viajes y tour operador","Agencias de viajes, reservas y pasajes","AV-AVMI-3201-02275","131143113","Sun Beach Time","Ensache Ozama","Santo Domingo","Vencida","Inactiva","Abierto","2026-02-18","8095910406",""
"Agencias de viajes y tour operador","Agencias de viajes, reservas y pasajes","AV-AVMI-1301-02312","132182006","Oscami Tours y Travel","Rio Seco","La Vega","Vencida","Inactiva","Cerrado","2025-07-28","8092243536",""
"Agencias de viajes y tour operador","Agencias de viajes, reservas y pasajes","AV-AVMI-1301-02322","132176332","3VISO TOURS","La Vega - Centro Ciudad","La Vega","Vigente","Activa","Abierto","2026-03-18","8099889460",""
"Agencias de viajes y tour operador","Agencias de viajes, reservas y pasajes","AV-AVMI-0101-02351","132172876","Vandertours","Villa Mella","Santo Domingo","Vigente","Activa","Abierto","2029-08-05","8093640182",""
"Agencias de viajes y tour operador","Tour operador receptivo-emisivo","AV-TOER-1101-02384","132336461","Jelouma","Bávaro","La Altagracia","Vencida","Inactiva","Abierto","2025-08-20","8293633617",""
"Agencias de viajes y tour operador","Agencias de viajes mayorista y tour operador receptivo-emisivo","AV-AITE-3201-02407","131756026","DOMINICAN SERVICE TRAVEL DIOMEDES S.R.L.","Piantini","Distrito Nacional","Sin licencia","En formación","Abierto","","8093306266",""
"Agencias de viajes y tour operador","Agencias de viajes, reservas y pasajes","AV-AVMI-3201-02439","132246642","DULUS TRAVEL","Alma Rosa","Santo Domingo","Vencida","Inactiva","Cerrado","2026-01-31","8092892929",""
"Agencias de viajes y tour operador","Agencias de viajes, reservas y pasajes y tour operador receptivo-emisivo","AV-AITE-0101-02446","132190742","ONYX INTERNATIONAL","Mirador Sur","Distrito Nacional","Sin licencia","En formación","Cerrado","","8092745009",""
"Agencias de viajes y tour operador","Agencia de viajes mayorista","AV-AVMA-2501-02473","132018249","DESTINEXT TRAVEL","Santiago - Centro Ciudad","Santiago","Vigente","Activa","Abierto","2030-02-20","8098942682",""
"Agencias de viajes y tour operador","Tour operador receptivo-emisivo","AV-TOER-1801-02482","132330226","MYT Solutions","Puerto Plata - Centro Ciudad","Puerto Plata","Suspendido","Inactiva","Cerrado","2025-10-05","8097061237",""
"Agencias de viajes y tour operador","Agencias de viajes, reservas y pasajes y tour operador receptivo-emisivo","AV-AITE-1101-02486","132305231","GO SUN VACATION","Bávaro","La Altagracia","Vencida","Inactiva","Cerrado","2026-02-18","8294502470",""
"Agencias de viajes y tour operador","Agencias de viajes, reservas y pasajes","AV-AVMI-2201-02489","132197412","INCIDEAL TRAVELS","San Juan - Centro Ciudad","San Juan","Sin licencia","En formación","Cerrado","","8099893664",""
"Agencias de viajes y tour operador","Agencias de viajes, reservas y pasajes y tour operador receptivo-emisivo","AV-AITE-0101-02490","131696007","BETH TRAVEL CONSULTING","Ensanche Paraíso","Distrito Nacional","Vencida","Inactiva","Cerrado","2025-09-20","8296795250",""
"Agencias de viajes y tour operador","Tour operador receptivo-emisivo","AV-TOER-1101-02501","132141832","ROMIDOM GROUP","Bávaro","La Altagracia","Sin licencia","En formación","Cerrado","","8099144873",""
"Agencias de viajes y tour operador","Tour operador local-doméstico","AV-TOLD-1102-02502","132355636","SUN DREAMS TOURS","Dominicus - Bayahibe","La Altagracia","Sin licencia","En formación","Abierto","","8292657265",""
"Agencias de viajes y tour operador","Agencias de viajes mayorista y tour operador receptivo-emisivo","AV-AMTE-2003-02503","132358211","CAYENASAM TOURS AND TRAVEL","Samaná","Samaná","Vigente","Activa","Cerrado","2026-03-10","8097955965",""
"Agencias de viajes y tour operador","Agencias de viajes, reservas y pasajes","AV-AVMI-1301-02517","131654355","ADRY PEGUERO TOURS","La Torre","La Vega","Sin licencia","En formación","Cerrado","","8092763300",""
"Agencias de viajes y tour operador","Agencias de viajes, reservas y pasajes y tour operador receptivo-emisivo","AV-AITE-1101-02518","132267605","CANAGO","Veron","La Altagracia","Vigente","Activa","Cerrado","2029-12-26","8098314028",""
"Agencias de viajes y tour operador","Agencia de viajes mayorista","AV-AVMI-3201-00980","131058515","Vacaciones Wao","Alma Rosa I","Santo Domingo","Vigente","Activa","Abierto","2027-10-13","8090000000",""
"Agencias de viajes y tour operador","Tour operador receptivo-emisivo","AV-TOER-1101-02304","126000472","Quisqueya Domincan Sunland","Higuey - Centro Ciudad","La Altagracia","Sin licencia","En formación","Cerrado","","",""
"Agencias de viajes y tour operador","Agencias de viajes, reservas y pasajes","AV-AVMI-0101-00994","131341446","Incanto Travel","Ensanche Naco","Distrito Nacional","Vencida","Inactiva","Abierto","2024-12-07","",""
"Agencias de viajes y tour operador","Agencia de viajes mayorista","AV-AVMI-0101-00455","131341446","Incanto Travel","ensanche naco","Distrito Nacional","Vigente","Activa","Abierto","2028-12-09","8095428626",""
"Agencias de viajes y tour operador","Tour operador receptivo-emisivo","AV-TOER-1201-00511","131856055","Capco Ecotours","Dominicus - Bayahibe","La Altagracia","Vigente","Activa","Abierto","2029-02-20","8295743859",""
"Agencias de viajes y tour operador","Tour operador local-doméstico","AV-TOLD-1101-02229","131368395","Everest Tours","Punta Cana","La Altagracia","Vigente","Activa","Abierto","2029-09-01","8296599910",""
"Agencias de viajes y tour operador","Tour operador receptivo-emisivo","AV-TOER-1101-02129","101898747","Discova","Bávaro","La Altagracia","Vigente","Activa","Cerrado","2026-10-18","8292139786",""
"Agencias de viajes y tour operador","Agencias de viajes, reservas y pasajes","AV-AVMI-0101-02205","131061672","Orbitur","Jarabacoa","Distrito Nacional","Vencida","Inactiva","Abierto","2019-05-23","8095742846",""
"Agencias de viajes y tour operador","Agencias de viajes mayorista y tour operador receptivo-emisivo","AV-AMTE-0101-00240","131441831","YOU2 TRAVEL","Ensanche Naco","Distrito Nacional","Vencida","Inactiva","Abierto","2026-02-21","8299869552",""
"Agencias de viajes y tour operador","Agencias de viajes, reservas y pasajes","AV-AVMI-0101-00990","130087972","Oficina De Turismo E Intercambio Cultural (OFIT)","Mata Hambre","Distrito Nacional","Vencida","Inactiva","Abierto","2009-12-14","8095354881",""
"Agencias de viajes y tour operador","Tour operador receptivo-emisivo","AV-TOER-1201-00214","130569266","Pro-Excursions Bayahibe","Las Piedras","La Romana","Vencida","Inactiva","Cerrado","2026-03-02","8095568380",""
"Agencias de viajes y tour operador","Tour operador local-doméstico","AV-TOLD-2001-01863","101502126","Moto Marina Tours","Centro del Pueblo","Samaná","Vigente","Activa","Abierto","2026-07-26","8097962600",""
"Agencias de viajes y tour operador","Tour operador receptivo-emisivo","AV-TOER-1101-02543","131470009","MAOMER TECH","Ensanche Boulevard","La Altagracia","Sin licencia","En formación","Cerrado","","8099144873",""
"Agencias de viajes y tour operador","Agencias de viajes mayorista y tour operador receptivo-emisivo","AV-AMTE-1101-00221","131490867","Republica.Pro - Principal","Bávaro","La Altagracia","Vencida","Inactiva","Cerrado","2025-09-08","8097535145",""
"Agencias de viajes y tour operador","Agencias de viajes, reservas y pasajes y tour operador receptivo-emisivo","AV-AITE-1101-02333","132190386","TU AGENDA PUNTA CANA","Bávaro","La Altagracia","Sin licencia","En formación","Cerrado","","8096044871",""
"Agencias de viajes y tour operador","Agencias de viajes, reservas y pasajes y tour operador local-doméstico","AV-TOLD-1101-02334","131477453","J.A.C. TOURS PUNTA CANA","La Ceiba","La Altagracia","Vigente","Activa","Abierto","2026-10-10","8092542580",""
"Agencias de viajes y tour operador","Agencias de viajes, reservas y pasajes y tour operador local-doméstico","AV-TOLD-1101-02342","132005813","JEISON DIAMOND TOURS","Friusa","La Altagracia","Sin licencia","En formación","Cerrado","","8099833370",""
"Agencias de viajes y tour operador","Tiempo compartido","AV-TICO-1101-01552","130040869","Sol Melia VC Dominicana","Punta Cana","La Altagracia","Vencida","Inactiva","Cerrado","2018-01-04","8092211290",""
"Agencias de viajes y tour operador","Tour operador receptivo-emisivo","AV-TOER-1102-02210","131442854","ALKQUIMIA TOURS (AV)","Dominicus - Bayahibe","La Altagracia","Vigente","Activa","Abierto","2026-05-16","8296995852",""
"Agencias de viajes y tour operador","Tour operador receptivo-emisivo","AV-TOER-1101-00518","131612814","Extreme Mini Boat Adventure Tours, C.L.M.","Zona del Faro a Colón","La Altagracia","Vencida","Inactiva","Cerrado","2024-01-02","8097726993",""
"Agencias de viajes y tour operador","Tour operador receptivo-emisivo","AV-TOER-1201-00558","131615572","Caribbean Holiday Services","La Romana - Centro Ciudad","La Romana","Vencida","Inactiva","Cerrado","2025-01-13","8099380047",""
"Agencias de viajes y tour operador","Tour operador receptivo-emisivo","AV-TOER-1101-00861","130877922","I.R.B. Turismo","Bávaro","La Altagracia","Vencida","Inactiva","Cerrado","2024-01-09","8498890374",""
"Agencias de viajes y tour operador","Agencias de viajes, reservas y pasajes","AV-AVMI-2501-02272","130651681","O & N Services Travel","Santiago - Centro Ciudad","Santiago","Vigente","Activa","Abierto","2029-06-09","8097247019",""
"Agencias de viajes y tour operador","Tour operador receptivo-emisivo","AV-TOER-1102-02187","130723834","Milou Bayahibe Tours","Dominicus - Bayahibe","La Altagracia","Vencida","Inactiva","Cerrado","2018-01-13","8497219163",""
"Agencias de viajes y tour operador","Tour operador local-doméstico","AV-TOLD-2301-00583","111126088","Faenza","Juan Dolio","San Pedro de Macorís","Vencida","Inactiva","Cerrado","2024-01-02","8095261713",""
"Agencias de viajes y tour operador","Agencias de viajes, reservas y pasajes y tour operador receptivo-emisivo","AV-AMTE-2501-00851","101526513","Emely Tours","Santiago - Centro Ciudad","Santiago","Vencida","Inactiva","Abierto","2022-12-01","8095664545",""
"Agencias de viajes y tour operador","Agencias de viajes, reservas y pasajes","AV-AVMI-3201-00663","130629732","Cristina Tours","Urbanización La Esperanza","Santo Domingo","Vigente","Activa","Cerrado","2028-07-22","8095937383",""
"Agencias de viajes y tour operador","Tour operador receptivo-emisivo","AV-TOER-1801-00884","101590718","Iberdom","Cofresi","Puerto Plata","Vencida","Inactiva","Cerrado","2022-01-15","8095865920",""
"Agencias de viajes y tour operador","Tour operador receptivo-emisivo","AV-TOER-2501-00592","102329109","Agencia De Viajes S&S (TO)","Santiago - Centro Ciudad","Santiago","Vencida","Inactiva","Abierto","2025-01-18","8097248300",""
"Agencias de viajes y tour operador","Agencias de viajes mayorista y tour operador local-doméstico","AV-AMTL-0101-00407","131905641","DOMINICAN WORLD TRAVEL FERNÁNDEZ & CASTILLO","Gazcue","Distrito Nacional","Vigente","Activa","Cerrado","2029-02-19","8096856174",""
"Agencias de viajes y tour operador","Agencias de viajes mayorista y tour operador receptivo-emisivo","AV-AMTE-0101-00442","131802151","D.R. Health Travel DHT","Zona Colonial","Distrito Nacional","Vencida","Inactiva","Cerrado","2024-01-04","8099944752",""
"Agencias de viajes y tour operador","Tour operador local-doméstico","AV-TOLD-1102-00497","131418686","Ital cruises","Dominicus - Bayahibe","La Altagracia","Vigente","Activa","Abierto","2027-02-28","8294470186",""
"Agencias de viajes y tour operador","Tour operador receptivo-emisivo","AV-TOER-0101-00475","130105081","Sans Souci Ports","Ciudad Colonial","Distrito Nacional","Vigente","Activa","Abierto","2027-07-28","8092214272",""
"Agencias de viajes y tour operador","Tour operador receptivo-emisivo","AV-TOER-0101-02188","130309762","Next Tour C por A","Los Restauradores","Distrito Nacional","Vencida","Inactiva","Cerrado","2018-02-04","",""
"Agencias de viajes y tour operador","Agencias de viajes, reservas y pasajes","AV-AVMI-0101-00426","131621716","Olabay Vacations Planners","Piantini","Distrito Nacional","Vigente","Activa","Abierto","2029-07-17","8096812851",""
"Agencias de viajes y tour operador","Agencias de viajes, reservas y pasajes","AV-AVMI-1101-00489","131609414","World Green Tours And Travels","Bávaro","La Altagracia","Vencida","Inactiva","Cerrado","2022-01-24","8299091942",""
"Agencias de viajes y tour operador","Tour operador receptivo-emisivo","AV-TOER-1101-00526","130887756","Inversiones Mercandi","Pueblo Bavaro","La Altagracia","Vigente","Activa","Cerrado","2026-05-20","8095520751",""
"Agencias de viajes y tour operador","Tour operador local-doméstico","AV-TOLD-1807-00572","105060337","Arco Iris Tours","Playa Alicia","Puerto Plata","Vencida","Inactiva","Abierto","2023-07-01","8295137626",""
"Agencias de viajes y tour operador","Agencias de viajes, reservas y pasajes","AV-AVMI-0101-00973","122001077","Transitur Viajes y Turismo","Ensanche Quisqueya","Distrito Nacional","Vencida","Inactiva","Cerrado","2004-04-26","8097320540",""
"Agencias de viajes y tour operador","Agencias de viajes, reservas y pasajes","AV-AVMI-0101-00440","101654643","Viajes Alkasa","Ensanche Naco","Distrito Nacional","Vigente","Activa","Abierto","2026-06-15","8095634631",""
"Agencias de viajes y tour operador","Agencias de viajes, reservas y pasajes","AV-AVMI-1301-00561","103031732","Agencia de Viajes y Turismo Abreu Tours","La Vega - Centro Ciudad","La Vega","Vigente","Activa","Abierto","2029-05-08","8095732077",""
"Agencias de viajes y tour operador","Agencias de viajes, reservas y pasajes y tour operador local-doméstico","AV-AMTL-1201-00553","131658563","Nanphilip Tours & Travels","La Romana - Centro Ciudad","La Romana","Vencida","Inactiva","Cerrado","2024-01-13","8299448602",""
"Agencias de viajes y tour operador","Agencias de viajes, reservas y pasajes y tour operador receptivo-emisivo","AV-AITE-0101-00447","131434754","Mix Viajes & Cruceros","Piantini","Distrito Nacional","Vigente","Activa","Abierto","2029-12-29","8097012222",""
"Agencias de viajes y tour operador","Agencias de viajes, reservas y pasajes y tour operador local-doméstico","AV-AITL-0101-02189","131029825","Expertur","Bella Vista","Distrito Nacional","Vencida","Inactiva","Cerrado","2018-01-23","",""
"Agencias de viajes y tour operador","Tour operador local-doméstico","AV-TOLD-1101-00786","131927531","Myrna Alexandra Castillo & Company Travel Agency-MAACC","Pueblo Bavaro","La Altagracia","Vencida","Inactiva","Cerrado","2024-01-31","8295285828",""
"Agencias de viajes y tour operador","Tour operador receptivo-emisivo","AV-TOER-2304-02236","130922187","Stream Vacation Tours","Placer Bonitoan Pedro de Macorís","San Pedro de Macorís","Vencida","Inactiva","Cerrado","2017-01-16","8095299257",""
"Agencias de viajes y tour operador","Agencias de viajes, reservas y pasajes","AV-AVMI-2301-00613","131817963","Joseth Travel Agency","San Pedro - Centro Ciudad","San Pedro de Macorís","Vencida","Inactiva","Cerrado","2023-09-01","8093399548",""
"Agencias de viajes y tour operador","Tour operador receptivo-emisivo","AV-TOER-1101-00548","131140343","Viaggi Caribe","Isla Saona","La Altagracia","Vigente","Activa","Cerrado","2028-04-16","8098330155",""
"Agencias de viajes y tour operador","Tour operador local-doméstico","AV-TOLD-1101-00894","131490867","Republica.Pro - Sucursal","El Cortecito","La Altagracia","Vencida","Inactiva","Cerrado","2022-01-25","8294929910",""
"Agencias de viajes y tour operador","Tour operador local-doméstico","AV-TOLD-1101-00895","131490867","Republica.Pro - Sucursal","Arena Gorda","La Altagracia","Vencida","Inactiva","Cerrado","2022-01-25","8294929910",""
"Agencias de viajes y tour operador","Tour operador receptivo-emisivo","AV-TOER-1101-00508","130506851","Ambos Travel","Bávaro","La Altagracia","Vencida","Inactiva","Cerrado","2025-02-16","8292224222",""
"Agencias de viajes y tour operador","Agencias de viajes mayorista y tour operador receptivo-emisivo","AV-AMTE-1101-00483","130558795","PUJ Tours","Punta Cana","La Altagracia","Vencida","Inactiva","Cerrado","2022-01-25","8097958918",""
"Agencias de viajes y tour operador","Tour operador local-doméstico","AV-TOLD-1101-00817","131289012","JMN Dominican Discovery","Bavaro","La Altagracia","Vigente","Activa","Abierto","2029-08-28","8095197710",""
"Agencias de viajes y tour operador","Tour operador local-doméstico","AV-TOLD-1801-00589","130087598","Yailin Tours","San Felipe","Puerto Plata","Vencida","Inactiva","Cerrado","2023-01-15","8099020225",""
"Agencias de viajes y tour operador","Agencias de viajes, reservas y pasajes","AV-AVMI-3202-00768","122024921","Agencia de Viajes de Reservaciones, Pasajes y Operadora de Turismo Kenia Tours","Herrera","Santo Domingo","Vencida","Inactiva","Abierto","2025-03-09","8095602655",""
"Agencias de viajes y tour operador","Agencias de viajes mayorista y tour operador receptivo-emisivo","AV-AMTE-0101-00425","131602401","Maravillas Travels","Atala","Distrito Nacional","Vencida","Inactiva","Abierto","2025-08-26","8292920193",""
"Agencias de viajes y tour operador","Agencias de viajes, reservas y pasajes","AV-AVMI-2501-02171","101014547","Agencia De Viajes Caminante","Santiago - Centro Ciudad","Santiago","Vencida","Inactiva","Abierto","2020-02-01","",""
"Agencias de viajes y tour operador","Tour operador local-doméstico","AV-TOLD-3201-00288","131511384","Aerotours Extremo","Las Americas","Santo Domingo","Vencida","Inactiva","Cerrado","2023-01-24","8097887931",""
"Agencias de viajes y tour operador","Agencias de viajes, reservas y pasajes","AV-AVMI-2501-00636","102614741","Boston Travel Tours","Santiago - Centro Ciudad","Santiago","Vencida","Inactiva","Abierto","2024-01-15","8095832726",""
"Agencias de viajes y tour operador","Tour operador local-doméstico","AV-TOLD-2003-00819","131238531","Peninsula Tours","Las Terrenas","Samaná","Vigente","Activa","Abierto","2029-11-14","8092409576",""
"Agencias de viajes y tour operador","Agencias de viajes, reservas y pasajes","AV-AVMI-2501-00648","102333866","Ulloa Tours","Santiago - Centro Ciudad","Santiago","Vencida","Inactiva","Cerrado","2022-01-30","8097240190",""
"Agencias de viajes y tour operador","Tour operador local-doméstico","AV-TOLD-1801-00570","124004683","Aligatours","Cofresi","Puerto Plata","Vencida","Inactiva","Cerrado","2024-01-15","8295375927",""
"Agencias de viajes y tour operador","Agencias de viajes mayorista y tour operador local-doméstico","AV-AMTL-0101-00355","131531075","Deto2 Travels","San Carlos","Distrito Nacional","Vencida","Inactiva","Cerrado","2022-02-07","8092885060",""
"Agencias de viajes y tour operador","Tour operador local-doméstico","AV-TOLD-2001-00595","131911501","Euris Tourist Services","Playa Punta Popy","Samaná","Incompleta","Inactiva","Abierto","","8095381236",""
"Agencias de viajes y tour operador","Tour operador receptivo-emisivo","AV-TOER-1101-00201","132041194","WORLD IS DREAMS”,","Friusa","La Altagracia","Vigente","Activa","Abierto","2029-05-19","8094699075",""
"Agencias de viajes y tour operador","Agencias de viajes, reservas y pasajes","AV-AVMI-1301-02296","130282749","Alina Tours","La Vega - Centro Ciudad","La Vega","Vencida","Inactiva","Cerrado","2013-03-16","",""
"Agencias de viajes y tour operador","Agencias de viajes, reservas y pasajes","AV-AVMI-0101-00383","101703972","Agencia de Viajes Tropico Tours","Ensanche Luperon","Distrito Nacional","Vigente","Activa","Abierto","2027-08-30","8095362048",""
"Agencias de viajes y tour operador","Agencias de viajes, reservas y pasajes","AV-AVMI-0101-02287","130344728","Agencia de Viajes Yira Travel","Ensanche Ozama","Distrito Nacional","Vencida","Inactiva","Cerrado","2015-02-21","8495541342",""
"Agencias de viajes y tour operador","Agencias de viajes, reservas y pasajes","AV-AVMI-0101-00363","101677457","Agencia De Viajes D´Ísis","Piantini","Distrito Nacional","Vigente","Activa","Abierto","2026-03-25","",""
"Agencias de viajes y tour operador","Tour operador receptivo-emisivo","AV-AMTE-0101-00863","101104759","Entrena","Ensanche Naco","Distrito Nacional","Vigente","Activa","Abierto","2028-10-10","8095678990",""
"Agencias de viajes y tour operador","Agencias de viajes, reservas y pasajes","AV-AVMI-2501-00649","130632847","Vianney Global Travel","La Zurzaantiago","Santiago","Vencida","Inactiva","Abierto","2023-08-02","8095834365",""
"Agencias de viajes y tour operador","Agencias de viajes, reservas y pasajes y tour operador receptivo-emisivo","AV-AMTE-0101-00754","101658495","ARBAJE TOURS","Bella Vista","Distrito Nacional","Vigente","Activa","Abierto","2029-03-12","8095354941",""
"Agencias de viajes y tour operador","Agencias de viajes, reservas y pasajes","AV-AVMI-2501-00782","130646643","LIFE TOURS","Santiago - Centro Ciudad","Santiago","Vigente","Activa","Abierto","2029-05-26","8095830909",""
"Agencias de viajes y tour operador","Tour operador local-doméstico","AV-TOLD-2001-00598","131035175","Joel & Ludi Excursions","Las Galeras","Samaná","Vencida","Inactiva","Abierto","2024-01-27","8099020225",""
"Agencias de viajes y tour operador","Tour operador receptivo-emisivo","AV-TOER-3201-00769","131638619","Travel Pro LGT","El Rosal","Santo Domingo","Vigente","Activa","Abierto","2029-10-20","8095959595",""
"Agencias de viajes y tour operador","Agencias de viajes, reservas y pasajes","AV-AVMI-0901-00783","130723524","AGENCIA DE VIAJES Y TURISMO LA MOCANA","Salcedo","Espaillat","Vigente","Activa","Abierto","2029-05-09","8098220990",""
"Agencias de viajes y tour operador","Tour operador receptivo-emisivo","AV-TOER-1101-02192","131182208","Gospel Tours And Travels","Hiüey","La Altagracia","Vencida","Inactiva","Cerrado","2019-02-11","",""
"Agencias de viajes y tour operador","Tour operador receptivo-emisivo","AV-TOER-2001-02149","130251959","Enmanuel F. Tour (Principal)","Pueblo de los Pescadores","Samaná","Vencida","Inactiva","Cerrado","2020-02-10","8098698571",""
"Agencias de viajes y tour operador","Agencia de viajes mayorista","AV-AVMA-0101-00350","131322069","Corporacion Turistica Easa","Piantini","Distrito Nacional","Vigente","Activa","Abierto","2028-06-05","8095422888",""
"Agencias de viajes y tour operador","Agencias de viajes, reservas y pasajes","AV-AVMI-0101-00838","101562579","Iraysa Travel & Tours","Ensanche Independencia","Distrito Nacional","Vencida","Inactiva","Cerrado","2025-04-06","8096824178",""
"Agencias de viajes y tour operador","Tour operador receptivo-emisivo","AV-TOER-1807-00577","131744443","Caribbean Fairy Tale","sosua","Puerto Plata","Vigente","Activa","Abierto","2028-08-30","8095712143",""
"Agencias de viajes y tour operador","Agencia de viajes mayorista","AV-AVMA-0101-00400","130472122","Terminal Tours & Travel","Piantini","Distrito Nacional","Vencida","Inactiva","Cerrado","2021-09-02","8093384888",""
"Agencias de viajes y tour operador","Agencias de viajes, reservas y pasajes","AV-AVMI-0101-02295","130624453","Turquesa Travel","Paseo de los Locutores","Distrito Nacional","Vencida","Inactiva","Abierto","2013-03-25","8095637606",""
"Agencias de viajes y tour operador","Agencias de viajes mayorista y tour operador receptivo-emisivo","AV-AMTE-0101-00961","130669422","GRUPO AGT","El Vergel","Distrito Nacional","Vigente","Activa","Abierto","2028-01-29","8098828190",""
"Agencias de viajes y tour operador","Agencias de viajes, reservas y pasajes","AV-AVMI-0101-00420","105000131","Exelenzia Travel Hub","Gazcue","Distrito Nacional","Vigente","Activa","Abierto","2026-07-07","8095402727",""
"Agencias de viajes y tour operador","Tour operador local-doméstico","AV-TOLD-2301-00584","111126088","Faenza","Los Llanos","San Pedro de Macorís","Vencida","Inactiva","Cerrado","2023-11-02","8095261713",""
"Agencias de viajes y tour operador","Agencias de viajes, reservas y pasajes","AV-AVMI-0601-00837","130621861","Raquel Travel Agency","San Francisco - Centro Ciudad","Duarte","Vencida","Inactiva","Abierto","2025-04-09","8097250101",""
"Agencias de viajes y tour operador","Tour operador receptivo-emisivo","AV-TOLD-1101-02107","131711863","R Tavarez y Asociados","Bávaro","La Altagracia","Vencida","Inactiva","Cerrado","2023-12-02","8492731844",""
"Agencias de viajes y tour operador","Tour operador receptivo-emisivo","AV-TOER-0101-00037","130678677","Sol HP tours","Solimar","Distrito Nacional","Vencida","Inactiva","Abierto","2025-04-09","8096697481",""
"Agencias de viajes y tour operador","Tour operador receptivo-emisivo","AV-TOER-1801-00615","131298257","Fit Caribe Travel Services","Maripica","Puerto Plata","Vencida","Inactiva","Cerrado","2021-02-16","8095676665",""
"Agencias de viajes y tour operador","Agencias de viajes, reservas y pasajes","AV-AVMI-1101-00488","131245137","Nizaly Tours And Travel","El Salado","La Altagracia","Vigente","Activa","Abierto","2027-11-02","8094558657",""
"Agencias de viajes y tour operador","Tour operador local-doméstico","AV-TOLD-3204-00674","131579191","Kazantip Tours Dominicana","Boca Chica","Santo Domingo","Vencida","Inactiva","Cerrado","2022-02-16","8097129995",""
"Agencias de viajes y tour operador","Agencias de viajes mayorista y tour operador receptivo-emisivo","AV-AMTE-1201-00960","131047246","Tours Operadores Esperanza","La Romana - Centro Ciudad","La Romana","Vencida","Inactiva","Cerrado","2017-03-25","8095520751",""
"Agencias de viajes y tour operador","Tour operador receptivo-emisivo","AV-TOER-1101-00318","131182216","BEST TRIP TOURS & TRAVEL","Playa Juanillo","La Altagracia","Vigente","Activa","Cerrado","2026-06-14","8295488550",""
"Agencias de viajes y tour operador","Agencias de viajes, reservas y pasajes","AV-AVMI-1101-00487","131786677","In Land Tour.Com","Bávaro","La Altagracia","Vencida","Inactiva","Cerrado","2023-02-13","8097726993",""
"Agencias de viajes y tour operador","Tour operador receptivo-emisivo","AV-TOER-0101-02168","101077344","Prieto Tours","Gazcue","Distrito Nacional","Vencida","Inactiva","Cerrado","2024-05-21","8096850102",""
"Agencias de viajes y tour operador","Tour operador receptivo-emisivo","AV-TOER-2003-00099","130288607","FLORA TOURS, FLOTOURS","Las Terrenas","Samaná","Vigente","Activa","Abierto","2029-10-06","8092405482",""
"Agencias de viajes y tour operador","Tour operador local-doméstico","AV-TOUR-1801-00853","105032244","Extra Tours Kluth","Vista Caribe","Puerto Plata","Vencida","Inactiva","Cerrado","2022-02-16","8299614656",""
"Agencias de viajes y tour operador","Agencias de viajes mayorista y tour operador local-doméstico","AV-AMTL-0101-00952","130924262","Dominican Destinations","Ensanche Naco","Distrito Nacional","Vencida","Inactiva","Cerrado","2017-03-25","8097321133",""
"Agencias de viajes y tour operador","Agencias de viajes, reservas y pasajes","AV-AVMI-0101-00424","131342485","Hibou Travel","Gazcue","Distrito Nacional","Vencida","Inactiva","Abierto","2024-11-02","8092211337",""
"Agencias de viajes y tour operador","Agencias de viajes, reservas y pasajes","AV-AVMI-3202-00209","131615171","Super Viajes T&S","Alma Rosa I","Santo Domingo","Vigente","Activa","Abierto","2027-12-08","",""
"Agencias de viajes y tour operador","Tour operador receptivo-emisivo","AV-TOER-1101-00542","131668429","Spyci Tours","Punta Cana","La Altagracia","Vigente","Activa","Cerrado","2028-11-19","8093627805",""
"Agencias de viajes y tour operador","Agencias de viajes, reservas y pasajes","AV-AVMI-2501-02201","130689301","Terra Travel","Santiago - Centro Ciudad","Santiago","Vencida","Inactiva","Abierto","2025-08-04","8098520522",""
"Agencias de viajes y tour operador","Agencias de viajes, reservas y pasajes","AV-AVMI-0101-02203","131113771","C.R.P. Travel","La Esperilla","Distrito Nacional","Vencida","Inactiva","Cerrado","2019-03-12","",""
"Agencias de viajes y tour operador","Tour operador receptivo-emisivo","AV-TOER-1101-00545","132010892","Tropical Incentive DMC Tour & Travel","Punta Cana","La Altagracia","Vigente","Activa","Abierto","2030-02-25","8297672200",""
"Agencias de viajes y tour operador","Agencias de viajes, reservas y pasajes","AV-AVMI-0101-00993","131102883","Diluz Tours","Hondura del Norte","Distrito Nacional","Vencida","Inactiva","Cerrado","2021-02-23","8294332543",""
"Agencias de viajes y tour operador","Agencias de viajes, reservas y pasajes","AV-AVMI-2501-00625","131789341","Agencia de viajes Cetinsa","Santiago - Centro Ciudad","Santiago","Vigente","Activa","Abierto","2027-10-05","8096265116",""
"Agencias de viajes y tour operador","Tour operador receptivo-emisivo","AV-TOER-1201-02238","130586527","Alphi Tours","La Romana - Centro Ciudad","La Romana","Vencida","Inactiva","Cerrado","2016-03-12","8293149495",""
"Agencias de viajes y tour operador","Agencias de viajes mayorista y tour operador local-doméstico","AV-AITL-2501-00897","101118581","Rosedy Tours","Santiago - Centro Ciudad","Santiago","Vencida","Inactiva","Abierto","2025-12-22","8095814565",""
"Agencias de viajes y tour operador","Agencia de viajes mayorista","AV-AVMA-3201-00657","130790698","MTV Mi Tierra Verde","Alma Rosa II","Santo Domingo","Vigente","Activa","Abierto","2027-01-25","8099042626",""
"Agencias de viajes y tour operador","Agencias de viajes, reservas y pasajes","AV-AVMI-0101-00414","130913595","Berna Travel","El Millón","Distrito Nacional","Vencida","Inactiva","Cerrado","2024-02-20","8095675715",""
"Agencias de viajes y tour operador","Tour operador receptivo-emisivo","AV-TOER-2501-00652","102338213","Gomez Tours","Santiago - Centro Ciudad","Santiago","Vencida","Inactiva","Abierto","2021-03-28","8095756115",""
"Agencias de viajes y tour operador","Tour operador local-doméstico","AV-TOLD-1101-02186","131138421","Axios Vacations JJ","Friusa","La Altagracia","Vencida","Inactiva","Cerrado","2019-03-19","8495521990",""
"Agencias de viajes y tour operador","Agencias de viajes, reservas y pasajes","AV-AVMI-0101-00429","131519067","Professional Travel Services Protser","República de Colombia","Distrito Nacional","Vencida","Inactiva","Abierto","2022-03-13","8097358636",""
"Agencias de viajes y tour operador","Agencias de viajes mayorista y tour operador local-doméstico","AV-AMTL-0101-00406","101704111","Desde El Medio Tours","Piantini","Distrito Nacional","Vencida","Inactiva","Cerrado","2021-07-03","8094724422",""
"Agencias de viajes y tour operador","Tour operador receptivo-emisivo","AV-TOER-1201-00506","130243433","Alison Excursion","Pueblo Bavaro","La Altagracia","Vencida","Inactiva","Cerrado","2021-07-03","8094551643",""
"Agencias de viajes y tour operador","Tour operador local-doméstico","AV-TOLD-2001-00602","131115004","Santi Limon Excursion","El Limón","Samaná","Vigente","Activa","Abierto","2027-07-13","8299808312",""
"Agencias de viajes y tour operador","Tour operador receptivo-emisivo","AV-TOER-1101-00544","130858756","Tours Point","Verón","La Altagracia","Vigente","Activa","Abierto","2028-06-04","8096886817",""
"Agencias de viajes y tour operador","Agencias de viajes, reservas y pasajes y tour operador receptivo-emisivo","AV-AITE-1801-00568","131366228","Gilmar Travel","Centro-Ciudad","Puerto Plata","Vencida","Inactiva","Cerrado","2021-07-03","8095862751",""
"Agencias de viajes y tour operador","Agencias de viajes mayorista y tour operador receptivo-emisivo","AV-AMTE-0101-00803","130740552","Procaribbean Invest","Piantini","Distrito Nacional","Vencida","Inactiva","Cerrado","2024-12-04","8095627666",""
"Agencias de viajes y tour operador","Agencias de viajes, reservas y pasajes y tour operador receptivo-emisivo","AV-AITE-0101-02232","130863423","Ambarintertur","Ensanche Naco","Distrito Nacional","Vencida","Inactiva","Cerrado","2019-04-07","",""
"Agencias de viajes y tour operador","Tour operador receptivo-emisivo","AV-TOER-1101-02233","131167764","Dominican Plus","Punta Cana","La Altagracia","Vencida","Inactiva","Cerrado","2019-04-07","8494550297",""
"Agencias de viajes y tour operador","Agencias de viajes mayorista y tour operador receptivo-emisivo","AV-AVMA-3201-00653","131626394","Geniall Business","El Rosal","Santo Domingo","Vigente","Activa","Abierto","2028-11-26","8099026878",""
"Agencias de viajes y tour operador","Agencias de viajes, reservas y pasajes","AV-AVMI-3201-00661","131372309","All Trips & Travels Bz","Altos de Cancino","Santo Domingo","Vigente","Activa","Abierto","2028-07-09","8095963086",""
"Agencias de viajes y tour operador","Tour operador local-doméstico","AV-TOLD-1101-02185","101658592","SAP Tours","Punta Cana","La Altagracia","Vencida","Inactiva","Cerrado","2018-03-31","",""
"Agencias de viajes y tour operador","Tour operador receptivo-emisivo","AV-TOER-1101-00886","105045044","Nexus Tours (antiguo Caribbean Tours)","Punta Cana","La Altagracia","En proceso","Activa","Abierto","","8094174441",""
"Agencias de viajes y tour operador","Tour operador receptivo-emisivo","AV-TOER-1102-00516","105059231","SeavisTours","Higüey","La Altagracia","Vigente","Activa","Abierto","2026-08-29","8297144947",""
"Agencias de viajes y tour operador","Tour operador receptivo-emisivo","AV-TOER-1101-02206","130735549","Agencia de Viajes Higuey Travel","La Otra Banda","La Altagracia","Vencida","Inactiva","Cerrado","2018-03-31","8495511304",""
"Agencias de viajes y tour operador","Tour operador receptivo-emisivo","AV-TOER-1101-00525","131007511","Gowaii Vacation Dominicana","Bávaro","La Altagracia","Vencida","Inactiva","Cerrado","2023-07-03","8095616665",""
"Agencias de viajes y tour operador","Tour operador receptivo-emisivo","AV-TOER-0101-00467","130234825","Cs Adventure","Piantini","Distrito Nacional","Vigente","Activa","Cerrado","2029-01-29","8092273939",""
"Agencias de viajes y tour operador","Tour operador local-doméstico","AV-TOLD-1101-00500","131632122","Nadal Tours Del Caribe","Dominicus - Bayahibe","La Altagracia","Vencida","Inactiva","Cerrado","2024-05-05","8095503388",""
"Agencias de viajes y tour operador","Tour operador receptivo-emisivo","AV-TOER-3204-00767","130398194","Pedro Diaz Tours- SUCURSAL","","San Pedro de Macorís","En proceso","Activa","Abierto","","8095235677",""
"Agencias de viajes y tour operador","Tour operador local-doméstico","AV-TOLD-1807-00571","130933367","Anddy Tours","Playa Cabarete","Puerto Plata","Vencida","Inactiva","Cerrado","2023-07-03","8298852521",""
"Agencias de viajes y tour operador","Tour operador local-doméstico","AV-TOLD-1201-00098","130860718","Esmeralda Charter","La Piedras","La Romana","Vencida","Inactiva","Cerrado","2025-06-08","",""
"Agencias de viajes y tour operador","Tour operador local-doméstico","AV-TOLD-1101-02211","130835446","S&S Tour Operador","Punta Cana","La Altagracia","Vencida","Inactiva","Cerrado","2020-03-21","8493302212",""
"Agencias de viajes y tour operador","Agencias de viajes, reservas y pasajes y tour operador receptivo-emisivo","AV-AITE-0101-00341","131570615","ADRIA TOUR & TRAVEL","Los Prados","Distrito Nacional","Vencida","Inactiva","Abierto","2025-11-08","8092275454",""
"Agencias de viajes y tour operador","Agencias de viajes, reservas y pasajes","AV-AVMI-2501-02184","130544638","VELOZ TRAVEL","Santiago - Centro Ciudad","Santiago","Vencida","Inactiva","Abierto","2026-02-24","8298300304",""
"Agencias de viajes y tour operador","Agencias de viajes, reservas y pasajes","AV-AVMI-0101-00441","101510791","Viajes Corporativo B&R","Piantini","Distrito Nacional","Vencida","Inactiva","Cerrado","2021-03-23","8097937000",""
"Agencias de viajes y tour operador","Agencias de viajes, reservas y pasajes y tour operador local-doméstico","AV-TOLD-3204-00676","131160859","SOMISTAR TOURS AND TRAVEL","La Caleta","Santo Domingo","Vigente","Activa","Abierto","2028-11-13","8094469949",""
"Agencias de viajes y tour operador","Agencias de viajes, reservas y pasajes","AV-AVMI-2501-00641","131454755","Forever Travel","Santiago - Centro Ciudad","Santiago","Vencida","Inactiva","Abierto","2021-03-23","8096264066",""
"Agencias de viajes y tour operador","Agencias de viajes, reservas y pasajes y tour operador local-doméstico","AV-AITL-2001-00581","131807781","Tours Josefina Las Terrenas","Las Terrenas","Samaná","Incompleta","Inactiva","Abierto","","8494592335",""
"Agencias de viajes y tour operador","Agencias de viajes, reservas y pasajes","AV-AVMI-0101-02279","130241201","Mundo Viajes","Ciudad Colonial","Distrito Nacional","Vencida","Inactiva","Abierto","2012-03-19","8494751134",""
"Agencias de viajes y tour operador","Tour operador receptivo-emisivo","AV-TOER-1101-00533","131009204","Mizael & Greilin- SUCURSAL","Los Corales","La Altagracia","Vencida","Inactiva","Abierto","2024-03-16","8097726993",""
"Agencias de viajes y tour operador","Tour operador receptivo-emisivo","AV-TOER-1101-00893","131490867","Republica.Pro - Sucursal","Bávaro","La Altagracia","Vencida","Inactiva","Cerrado","2022-04-05","8294929910",""
"Agencias de viajes y tour operador","Tour operador receptivo-emisivo","AV-TOER-1101-00543","131981951","Tambor y Guitarra Tours Eternity","Zona del Faro a Colón","La Altagracia","Vencida","Inactiva","Cerrado","2024-03-18","8096765415",""
"Agencias de viajes y tour operador","Agencias de viajes, reservas y pasajes y tour operador receptivo-emisivo","AV-AMTE-0101-00299","101604735","Turenlaces Del Caribe","Piantini","Distrito Nacional","Vigente","Activa","Abierto","2029-07-21","8097074950",""
"Agencias de viajes y tour operador","Agencias de viajes, reservas y pasajes","AV-AVMI-2501-02183","130184747","Saint-Hilaire","Santiago - Centro Ciudad","Santiago","Vencida","Inactiva","Cerrado","2020-03-29","8492127854",""
"Agencias de viajes y tour operador","Agencias de viajes mayorista y tour operador local-doméstico","AV-AMTL-1101-00482","131841351","Enjoyment Tours And Transfer-Entra","Punta Cana","La Altagracia","Vencida","Inactiva","Cerrado","2023-03-13","8297985074",""
"Agencias de viajes y tour operador","Tour operador local-doméstico","AV-TOLD-1101-00238","131170951","Your Concierge","Punta Cana","La Altagracia","Vigente","Activa","Abierto","2028-06-20","8298310001",""
"Agencias de viajes y tour operador","Agencias de viajes mayorista y tour operador receptivo-emisivo","AV-AMTE-1101-00315","119019364","OTIUM TRAVEL","Bávaro","La Altagracia","Vigente","Activa","Abierto","2029-04-11","8097239469",""
"Agencias de viajes y tour operador","Tour operador local-doméstico","AV-TOLD-2501-00651","131528201","Exceptcust Tours","Santiago - Centro Ciudad","Santiago","Vencida","Inactiva","Abierto","2022-04-13","8093990427",""
"Agencias de viajes y tour operador","Tour operador local-doméstico","AV-TOLD-1801-00573","131116932","Balbuena Tours","La Estancia","Puerto Plata","Vencida","Inactiva","Cerrado","2023-03-13","8098892188",""
"Agencias de viajes y tour operador","Tour operador receptivo-emisivo","AV-TOER-1101-00552","131241395","WISDOM TRAVEL","Bávaro","La Altagracia","Vencida","Inactiva","Cerrado","2022-04-13","8297603545",""
"Agencias de viajes y tour operador","Tour operador receptivo-emisivo","AV-TOER-1101-00535","131598323","Punta Cana Destino PCDOnline","Punta Cana","La Altagracia","Vencida","Inactiva","Cerrado","2023-03-15","8295153800",""
"Agencias de viajes y tour operador","Agencias de viajes, reservas y pasajes","AV-AVMI-2501-00125","130890099","Fadul Travel & Multiservicios","Santiago - Centro Ciudad","Santiago","En proceso","Activa","Cerrado","","8094717451",""
"Agencias de viajes y tour operador","Agencias de viajes, reservas y pasajes","AV-AVMI-1101-00490","130234337","Yonina Travel","Higuey - Centro Ciudad","La Altagracia","Vencida","Inactiva","Abierto","2022-04-20","8095549191",""
"Agencias de viajes y tour operador","Tour operador local-doméstico","AV-TOLD-1101-00159","131071953","Reefjet","Bávaro","La Altagracia","Vigente","Activa","Abierto","2027-08-10","",""
"Agencias de viajes y tour operador","Agencias de viajes, reservas y pasajes y tour operador local-doméstico","AV-AITL-3201-02182","130336024","Rubi Travel","Ensache Ozama","Santo Domingo","Vigente","Activa","Cerrado","2026-06-02","",""
"Agencias de viajes y tour operador","Tour operador receptivo-emisivo","AV-AMTE-1101-00849","131061494","ETC DOMINICANA","Cabeza de Toro","La Altagracia","Vigente","Activa","Abierto","2029-08-18","8095494646",""
"Agencias de viajes y tour operador","Agencias de viajes mayorista y tour operador receptivo-emisivo","AV-AMTE-0101-02345","130309459","NEXTTOUR","Los Restauradores","Santo Domingo","Vencida","Inactiva","Abierto","2018-02-04","8293945254",""
"Agencias de viajes y tour operador","Tour operador local-doméstico","AV-TOLD-1101-00494","132000102","Deine Ausfluege","Verón","La Altagracia","Vencida","Inactiva","Abierto","2024-12-05","8098565300",""
"Agencias de viajes y tour operador","Agencia de viajes mayorista","AV-AVMA-0101-00135","101705787","Viajarte","La Julia","Distrito Nacional","Vencida","Inactiva","Abierto","2025-06-17","8095663907",""
"Agencias de viajes y tour operador","Agencias de viajes, reservas y pasajes y tour operador local-doméstico","AV-AITL-1301-02137","131324975","Holguin Tours","La Vega - Centro Ciudad","La Vega","Vencida","Inactiva","Abierto","2020-08-04","8495733349",""
"Agencias de viajes y tour operador","Tour operador receptivo-emisivo","AV-TOER-0101-01912","131541089","Asia Caribe Tour","Villa Francisca","Distrito Nacional","Vencida","Inactiva","Cerrado","2021-04-04","8096827461",""
"Agencias de viajes y tour operador","Tour operador receptivo-emisivo","AV-TOER-1101-00601","131652794","BAILON EXCURSIONES LA FUENTE (AV)","Playa Meeting Point","La Altagracia","Vigente","Activa","Abierto","2027-07-11","8094199008",""
"Agencias de viajes y tour operador","Tour operador local-doméstico","AV-TOLD-1807-00575","105056072","Marhotel Tours","El Batey","Puerto Plata","Vencida","Inactiva","Cerrado","2023-03-21","8095714005",""
"Agencias de viajes y tour operador","Agencias de viajes, reservas y pasajes","AV-AVMI-0101-02288","101198028","Turvisa","Piantini","Distrito Nacional","Vencida","Inactiva","Abierto","2014-09-07","",""
"Agencias de viajes y tour operador","Agencias de viajes, reservas y pasajes y tour operador receptivo-emisivo","AV-TOLD-1101-00138","131720307","Lopez Peña Adventure Tours","Bávaro","La Altagracia","Vigente","Activa","Cerrado","2028-06-10","8099793253",""
"Agencias de viajes y tour operador","Agencias de viajes, reservas y pasajes","AV-AVMI-0101-00416","130743045","Cosmo Tours","Ensanche Julieta","Distrito Nacional","Vencida","Inactiva","Abierto","2021-05-04","8096839032",""
"Agencias de viajes y tour operador","Tour operador receptivo-emisivo","AV-TOER-1101-00528","131665748","IWANTRD","El Cortecito","La Altagracia","Vigente","Activa","Cerrado","2028-10-02","8094223215",""
"Agencias de viajes y tour operador","Agencias de viajes mayorista y tour operador receptivo-emisivo","AV-AITE-0101-00913","101582936","Agencia de viajes y tour operadora Olas Del Caribe","Piantini","Distrito Nacional","Vigente","Activa","Abierto","2026-03-18","8099758282",""
"Agencias de viajes y tour operador","Tour operador receptivo-emisivo","AV-TOER-1101-02108","130751455","Concept Tours","Bávaro","La Altagracia","Vigente","Activa","Cerrado","2029-02-04","8498155555",""
"Agencias de viajes y tour operador","Agencias de viajes, reservas y pasajes","AV-AVMI-3203-00992","130621861","D Homero Travel","Villa Juana","Santo Domingo","Vencida","Inactiva","Abierto","2025-07-05","8299143534",""
"Agencias de viajes y tour operador","Agencias de viajes, reservas y pasajes","AV-AVMI-0101-00354","130958114","ALIANA TOURS (MINORISTA)","La Julia","Distrito Nacional","Vencida","Inactiva","Cerrado","2024-05-28","8094121622",""
"Agencias de viajes y tour operador","Agencias de viajes, reservas y pasajes","AV-AVMI-0101-00977","131347169","Candy Travel & Services","Arroyo Hondo","Distrito Nacional","Vencida","Inactiva","Cerrado","2020-04-25","8495626579",""
"Agencias de viajes y tour operador","Tour operador local-doméstico","AV-TOLD-2301-00089","111127815","Cigua Tours","Juan Dolio","San Pedro de Macorís","Vencida","Inactiva","Cerrado","2023-03-26","8092249981",""
"Agencias de viajes y tour operador","Tour operador local-doméstico","AV-TOLD-1201-02136","130151199","Max Tours","Dominicus - Bayahibe","La Romana","Vencida","Inactiva","Cerrado","2018-04-22","",""
"Agencias de viajes y tour operador","Agencias de viajes, reservas y pasajes","AV-AVMI-2501-00627","131677223","Agencia De Viajes Enma Tours","Santiago - Centro Ciudad","Santiago","Vencida","Inactiva","Abierto","2022-04-25","8098250274",""
"Agencias de viajes y tour operador","Tour operador receptivo-emisivo","AV-TOER-1101-00523","131622747","Go ParadiseRD","Palma Bávaro","La Altagracia","Vencida","Inactiva","Abierto","2023-03-26","8495602804",""
"Agencias de viajes y tour operador","Tour operador local-doméstico","AV-TOLD-2803-00164","132084373","HMV & Mirtha Tours & Travels","Piedra Blanca","Monseñor Nouel","Vencida","Inactiva","Cerrado","2025-07-05","",""
"Agencias de viajes y tour operador","Agencias de viajes, reservas y pasajes","AV-AVMI-1101-02135","131222562","Gladyvesol","La Imagen","La Altagracia","Vencida","Inactiva","Cerrado","2020-04-25","",""
"Agencias de viajes y tour operador","Tour operador receptivo-emisivo","AV-TOER-2003-00791","110123868","BAHIA TOURS","Zona Colonial","Samaná","Vigente","Activa","Cerrado","2026-05-20","8099791564",""
"Agencias de viajes y tour operador","Agencias de viajes, reservas y pasajes y tour operador local-doméstico","AV-AITL-2001-00582","130491348","Tauro Tours","Samaná","Samaná","Vigente","Activa","Abierto","2028-12-20","8095382507",""
"Agencias de viajes y tour operador","Tour operador receptivo-emisivo","AV-TOER-1101-00120","131736009","Vivir El Caribe Tours And Travel","Bayahibe","La Altagracia","Vencida","Inactiva","Cerrado","2025-07-07","8099333318",""
"Agencias de viajes y tour operador","Tour operador local-doméstico","AV-TOLD-1101-00493","131534163","C.E.A. Tours","Bávaro","La Altagracia","Vencida","Inactiva","Cerrado","2021-11-04","8092168011",""
"Agencias de viajes y tour operador","Agencias de viajes, reservas y pasajes y tour operador receptivo-emisivo","AV-AITE-1801-00291","131158392","Reza Tours & Travel","Puerto Plata - Centro Ciudad","Puerto Plata","Vigente","Activa","Abierto","2028-10-01","8092619157",""
"Agencias de viajes y tour operador","Agencias de viajes, reservas y pasajes","AV-AVMI-3201-00243","131356567","Professional Travel And Events PROTRAVE","Ensache Ozama","Santo Domingo","Vigente","Activa","Cerrado","2026-03-16","8094228515",""
"Agencias de viajes y tour operador","Agencia de viajes mayorista","AV-AVMA-0101-00167","101738367","TravelNet","La Julia","Distrito Nacional","Vigente","Activa","Abierto","2026-09-30","8095347440",""
"Agencias de viajes y tour operador","Tour operador receptivo-emisivo","AV-TOER-0101-02133","130960909","Transacciones LEKKI","Zona Colonial","Distrito Nacional","Vencida","Inactiva","Cerrado","2020-05-05","8096894546",""
"Agencias de viajes y tour operador","Agencias de viajes, reservas y pasajes","AV-AVMI-2501-00632","102621799","AGENCIA DE VIAJES TRAFICO TOURS","Santiago - Centro Ciudad","Santiago","Vigente","Activa","Abierto","2028-05-21","8095703451",""
"Agencias de viajes y tour operador","Tour operador local-doméstico","AV-TOLD-1101-02131","131041531","Servicios Turisticos Turred","Verón","La Altagracia","Vencida","Inactiva","Cerrado","2019-05-11","",""
"Agencias de viajes y tour operador","Agencia de viajes mayorista","AV-AVMA-0101-00399","130102368","Suplitur","Piantini","Distrito Nacional","Vencida","Inactiva","Abierto","2026-01-18","8095638698",""
"Agencias de viajes y tour operador","Agencia de viajes mayorista","AV-AVMA-0101-00405","101174536","Zona de Viajes","La Julia","Distrito Nacional","Vencida","Inactiva","Cerrado","2021-04-17","8095625454",""
"Agencias de viajes y tour operador","Agencias de viajes, reservas y pasajes","AV-AVMI-2501-00630","102334951","Agencia De Viajes Taveras - Calle el Sol","Santiago - Centro Ciudad","Santiago","Vigente","Activa","Abierto","2027-10-20","8092660808",""
"Agencias de viajes y tour operador","Agencias de viajes, reservas y pasajes","AV-AVMI-2501-00637","131473849","CTA Carmen Pichardo Travel Agency","Santiago - Centro Ciudad","Santiago","Vencida","Inactiva","Cerrado","2021-04-17","8095837128",""
"Agencias de viajes y tour operador","Tour operador receptivo-emisivo","AV-TOER-1801-02127","130170983","Turissimo Caribe & Excursiones Dominican Republic","Costa Dorada","Puerto Plata","Vigente","Activa","Abierto","2027-05-04","8095863497",""
"Agencias de viajes y tour operador","Tour operador receptivo-emisivo","AV-TOER-0801-00478","131637558","Viturs","El Seibo - Ciudad","El Seibo","Vencida","Inactiva","Cerrado","2022-05-14","8492472444",""
"Agencias de viajes y tour operador","Tour operador receptivo-emisivo","AV-TOER-1101-02126","130170983","Turissimo Caribe Excursiones","El Cortecito","La Altagracia","Vigente","Activa","Abierto","2027-08-07","8095863497",""
"Agencias de viajes y tour operador","Agencias de viajes mayorista y tour operador receptivo-emisivo","AV-TOER-1101-00529","101864494","JUMBO TOURS DOMINICANA","BAVARO","La Altagracia","Vigente","Activa","Abierto","2029-01-20","8095351414",""
"Agencias de viajes y tour operador","Tour operador receptivo-emisivo","AV-TOER-1201-02125","130170983","Turissimo Caribe Excursiones","La Romana - Centro Ciudad","La Romana","Vigente","Activa","Abierto","2027-08-15","8095863497",""
"Agencias de viajes y tour operador","Agencias de viajes, reservas y pasajes y tour operador receptivo-emisivo","AV-AITE-1101-00513","130947661","COMPAÑIA SERVICIOS MULTIPLES AIRRUS","Punta Cana","La Altagracia","Vigente","Activa","Cerrado","2026-03-18","8097673344",""
"Agencias de viajes y tour operador","Tour operador receptivo-emisivo","AV-TOER-1101-00689","119500607","RH Tours","Bávaro","La Altagracia","Vigente","Activa","Abierto","2028-08-30","8096606909",""
"Agencias de viajes y tour operador","Agencias de viajes, reservas y pasajes","AV-AVMI-0101-00366","131629911","Jminyetty-Travel And Consulting","Renacimiento","Distrito Nacional","Vigente","Activa","Abierto","2028-09-23","8096929433",""
"Agencias de viajes y tour operador","Agencias de viajes, reservas y pasajes y tour operador receptivo-emisivo","AV-AVMI-0101-00384","130618267","CARIBBEAN XAM","Arroyo Hondo","Distrito Nacional","Vigente","Activa","Abierto","2029-12-03","8092365577",""
"Agencias de viajes y tour operador","Agencias de viajes, reservas y pasajes","AV-AVMI-1701-02284","130723257","Serret Travel","Baní","Peravia","Vencida","Inactiva","Cerrado","2015-07-07","8495225548",""
"Agencias de viajes y tour operador","Tour operador local-doméstico","AV-TOLD-1101-02134","131332331","DRLOCALS nt","Punta Cana","La Altagracia","Vigente","Activa","Cerrado","2026-03-31","",""
"Agencias de viajes y tour operador","Agencias de viajes mayorista y tour operador receptivo-emisivo","AV-AMTE-1101-00959","131126324","Suite Travel And Media Solution J.O.","Punta Cana","La Altagracia","Vencida","Inactiva","Cerrado","2020-05-09","8098825944",""
"Agencias de viajes y tour operador","Tour operador local-doméstico","AV-TOLD-1102-00498","131238051","La Gondola Tours","Dominicus - Bayahibe","La Altagracia","Vencida","Inactiva","Cerrado","2021-04-19","8098200598",""
"Agencias de viajes y tour operador","Tour operador local-doméstico","AV-TOLD-1806-00883","105049848","Luna Tours","Costa Dorada","Puerto Plata","Vigente","Activa","Abierto","2028-12-20","8092222222",""
"Agencias de viajes y tour operador","Tour operador receptivo-emisivo","AV-TOER-1101-02212","130730326","VDV Adventure","Punta Cana","La Altagracia","Vencida","Inactiva","Cerrado","2021-04-19","8097698588",""
"Agencias de viajes y tour operador","Tour operador local-doméstico","AV-TOLD-1101-00015","131394205","Solarena Tours","Plaza Artesanal","La Altagracia","Vigente","Activa","Cerrado","2028-10-09","8093996700",""
"Agencias de viajes y tour operador","Tour operador receptivo-emisivo","AV-TOER-1101-02109","131993631","Zenith Tours","Bávaro","La Altagracia","Vencida","Inactiva","Cerrado","2024-08-03","8097867961",""
"Agencias de viajes y tour operador","Agencias de viajes, reservas y pasajes y tour operador local-doméstico","AV-TOLD-0101-00463","131927106","Francia Travel","Manganagua","Distrito Nacional","Vigente","Activa","Abierto","2028-11-06","8296294288",""
"Agencias de viajes y tour operador","Tour operador receptivo-emisivo","AV-TOER-3202-00858","131341233","Sunshine Tours & Travel","Brisa Oriental","Santo Domingo","Vigente","Activa","Abierto","2028-07-26","8096204175",""
"Agencias de viajes y tour operador","Agencias de viajes, reservas y pasajes y tour operador receptivo-emisivo","AV-AITE-0101-02213","101096098","Turinter","Gazcue","Distrito Nacional","Vigente","Activa","Abierto","2030-02-17","8096864020",""
"Agencias de viajes y tour operador","Agencias de viajes, reservas y pasajes","AV-AVMI-3201-00670","130808767","Way Tours","San Isidro","Santo Domingo","Vencida","Inactiva","Cerrado","2021-04-21","8092348721",""
"Agencias de viajes y tour operador","Tiempo compartido","AV-TICO-1101-00457","101664908","ALLEGRO CLUB DE VACACIONES","Punta Cana","La Altagracia","Vigente","Activa","Abierto","2026-07-11","8094875700",""
"Agencias de viajes y tour operador","Tour operador local-doméstico","AV-TOLD-1801-00576","131499015","Nature River Park","Puerto Plata - Centro Ciudad","Puerto Plata","Incompleta","Inactiva","Abierto","","8292772345",""
"Agencias de viajes y tour operador","Tour operador receptivo-emisivo","AV-TOER-1101-02240","130569266","Pro-Excursions Bayahibe","Dominicus - Bayahibe","La Altagracia","Vencida","Inactiva","Cerrado","2016-06-05","8296594688",""
"Agencias de viajes y tour operador","Agencias de viajes mayorista y tour operador receptivo-emisivo","AV-AMTE-0101-00356","131421067","Domia Travels & Tours","Ensanche la Fé","Distrito Nacional","Vencida","Inactiva","Abierto","2022-05-22","8097232566",""
"Agencias de viajes y tour operador","Tour operador local-doméstico","AV-TOLD-2001-00597","131553605","Galeras Sea & Sun","Las Galeras","Samaná","Vencida","Inactiva","Abierto","2024-01-09","8498570945",""
"Agencias de viajes y tour operador","Tour operador receptivo-emisivo","AV-TOER-0101-02214","131062784","Turismo Rural Dominicana TRD","Piantini","Distrito Nacional","Vencida","Inactiva","Cerrado","2018-06-17","8495405304",""
"Agencias de viajes y tour operador","Tour operador local-doméstico","AV-TOLD-1201-01875","131274668","Bohio Tours","Dominicus - Bayahibe","La Romana","Vencida","Inactiva","Cerrado","2020-05-18","8096862992",""
"Agencias de viajes y tour operador","Agencias de viajes, reservas y pasajes y tour operador receptivo-emisivo","AV-AITE-0101-00445","122013075","ALL INCLUSIVE CLUB","Piantini","Distrito Nacional","Vigente","Activa","Abierto","2029-07-11","8094127156",""
"Agencias de viajes y tour operador","Tour operador receptivo-emisivo","AV-TOER-3204-00376","130398194","Pedro Diaz Tours","","San Pedro de Macorís","En proceso","Activa","Abierto","","8095235677",""
"Agencias de viajes y tour operador","Agencias de viajes, reservas y pasajes","AV-AVMI-1401-02215","131403239","Elba Servicios Multiples","Nagua - Centro","María Trinidad Sánchez","Vigente","Activa","Abierto","2030-02-20","8095842089",""
"Agencias de viajes y tour operador","Agencias de viajes, reservas y pasajes","AV-AVMI-1303-00917","130692823","Olas, Mar y Sol","Jarabacoa","La Vega","Vigente","Activa","Abierto","2029-10-20","8095746844",""
"Agencias de viajes y tour operador","Agencias de viajes, reservas y pasajes y tour operador receptivo-emisivo","AV-AITE-0101-00452","130751129","Worldwide Travel","Piantini","Distrito Nacional","Vencida","Inactiva","Cerrado","2022-06-18","8095494058",""
"Agencias de viajes y tour operador","Agencias de viajes, reservas y pasajes","AV-AVMI-0101-00437","131618626","Travelista","Ensanche Julieta Morales","Distrito Nacional","Vigente","Activa","Abierto","2030-01-15","8096976922",""
"Agencias de viajes y tour operador","Agencias de viajes, reservas y pasajes","AV-AVMI-0101-00439","130202621","Travelwise Consultores De Viajes","Piantini","Distrito Nacional","Vigente","Activa","Abierto","2026-08-19","8095623000",""
"Agencias de viajes y tour operador","Agencias de viajes, reservas y pasajes","AV-AVMI-2101-00607","130126232","D' Itaros Tours","San Cristobal - Centro Ciudad","San Cristóbal","Vigente","Activa","Abierto","2029-03-04","8095286518",""
"Agencias de viajes y tour operador","Tour operador receptivo-emisivo","AV-TOER-2303-00158","105039542","COMING2 DOMINICANA","San Pedro de Macoris","San Pedro de Macorís","Vigente","Activa","Cerrado","2026-03-18","8095471654",""
"Agencias de viajes y tour operador","Agencias de viajes mayorista y tour operador local-doméstico","AV-AITL-0101-02259","101823496","Agencia Consultora Tropical","Ensanche Naco","Distrito Nacional","Vencida","Inactiva","Abierto","2026-03-01","8097071351",""
"Agencias de viajes y tour operador","Tour operador receptivo-emisivo","AV-TOER-1101-00507","130341532","Alliance Russian Travel","Pueblo Bavaro","La Altagracia","Vencida","Inactiva","Cerrado","2025-09-20","8094551261",""
"Agencias de viajes y tour operador","Agencias de viajes, reservas y pasajes","AV-AVMI-2401-02154","104017536","Agencia de Viajes Sary Tours","La Fortuna","Sánchez Ramírez","Vencida","Inactiva","Abierto","2018-06-09","8495853155",""
"Agencias de viajes y tour operador","Tour operador receptivo-emisivo","AV-TOER-1101-02239","130685347","See More Tourism-Excursiones","Verón","La Altagracia","Vencida","Inactiva","Cerrado","2016-06-13","8098645862",""
"Agencias de viajes y tour operador","Agencias de viajes, reservas y pasajes","AV-AVMI-0101-00417","101712996","Eddy's Tours","Ensanche Kennedy","Distrito Nacional","Vigente","Activa","Abierto","2027-09-01","8095656249",""
"Agencias de viajes y tour operador","Tour operador receptivo-emisivo","AV-TOER-1101-02121","112106977","Palmera Travel","Bávaro","La Altagracia","Vigente","Activa","Abierto","2028-09-30","8295543436",""
"Agencias de viajes y tour operador","Tour operador local-doméstico","AV-TOLD-1102-00151","131300413","Matt Lory Adventure Experience (Mattlory Tours)","Benerito","La Altagracia","Vencida","Inactiva","Abierto","2025-09-06","8494072576",""
"Agencias de viajes y tour operador","Agencias de viajes mayorista y tour operador receptivo-emisivo","AV-AMTE-0101-00357","124016304","K&M Destinos Universales","La Castellana","Distrito Nacional","Vigente","Activa","Abierto","2026-09-26","8093341910",""
"Agencias de viajes y tour operador","Tour operador local-doméstico","AV-TOLD-1101-00503","131730132","Un Encuentro Tours","Higuey - Centro Ciudad","La Altagracia","Vencida","Inactiva","Cerrado","2023-04-16","8299441972",""
"Agencias de viajes y tour operador","Agencias de viajes, reservas y pasajes","AV-AVMI-1301-00563","130589348","Marmolejos Travel","La Vega - Centro Ciudad","La Vega","Vigente","Activa","Abierto","2027-12-08","8092422220",""
"Agencias de viajes y tour operador","Agencia de viajes mayorista","AV-AVMA-0101-00402","131535038","Travel Once","Villa Juana","Distrito Nacional","Vencida","Inactiva","Cerrado","2021-11-05","8097304664",""
"Agencias de viajes y tour operador","Tour operador receptivo-emisivo","AV-TOER-0101-02242","130181594","Mango Plus","Arroyo Hondo III","Distrito Nacional","Vencida","Inactiva","Cerrado","2016-06-15","8499550101",""
"Agencias de viajes y tour operador","Agencias de viajes, reservas y pasajes","AV-AVMI-2701-02207","131316875","Yascara Tours","Mao","Valverde","Vigente","Activa","Abierto","2027-10-20","",""
"Agencias de viajes y tour operador","Agencias de viajes, reservas y pasajes","AV-AVMI-0101-02440","130396868","Irisol Travel","El Millón","Distrito Nacional","Vigente","Activa","Abierto","2026-07-12","8094736741",""
"Agencias de viajes y tour operador","Agencia de viajes mayorista","AV-AVMA-0101-00403","131481485","Vida Time","Los Restauradores","Distrito Nacional","Vencida","Inactiva","Cerrado","2021-05-11","8095325673",""
"Agencias de viajes y tour operador","Tour operador receptivo-emisivo","AV-TOER-1102-00872","130237883","Turimsa (Bayatour)","Dominicus - Bayahibe","La Altagracia","Vencida","Inactiva","Cerrado","2025-12-02","8097107336",""
"Agencias de viajes y tour operador","Agencias de viajes, reservas y pasajes y tour operador local-doméstico","AV-AITL-1807-00567","131470442","Agencia De Viajes y Operadora De Tours Discover","El Batey","Puerto Plata","Vencida","Inactiva","Cerrado","2021-11-05","8095860578",""
"Agencias de viajes y tour operador","Agencias de viajes mayorista y tour operador receptivo-emisivo","AV-AMTE-3201-00691","131535151","MCC Agencia de Viajes y Turismo By Margarita Caba","Brisa Oriental","Santo Domingo","Vigente","Activa","Abierto","2030-01-27","8099057441",""
"Agencias de viajes y tour operador","Tour operador receptivo-emisivo","AV-TOER-2003-00603","110123965","El Caballo Tours","Playa Punta Popy","Samaná","Vigente","Activa","Abierto","2027-07-19","8092406249",""
"Agencias de viajes y tour operador","Tour operador local-doméstico","AV-TOLD-1201-02241","101036974","Collblanc Tours","La Romana - Centro Ciudad","La Romana","Vencida","Inactiva","Cerrado","2016-07-23","",""
"Agencias de viajes y tour operador","Tour operador receptivo-emisivo","AV-TOER-0101-00466","131733999","Aracena Tours And Travel","El Vergel","Distrito Nacional","Vigente","Activa","Abierto","2027-08-17","8099883850",""
"Agencias de viajes y tour operador","Tour operador receptivo-emisivo","AV-TOER-1801-00578","105049201","Excursiones Marysol Tours","Playa Dorada","Puerto Plata","Vigente","Activa","Abierto","2028-12-09","8092011403",""
"Agencias de viajes y tour operador","Agencias de viajes, reservas y pasajes y tour operador local-doméstico","AV-AITL-2501-00242","130773892","Saimon Tours","Santiago - Centro Ciudad","Santiago","Vigente","Activa","Abierto","2030-03-03","8099637262",""
"Agencias de viajes y tour operador","Agencias de viajes, reservas y pasajes","AV-AVMI-3201-00668","131728936","Viajes Ciberzios","Los Minas","Santo Domingo","Vencida","Inactiva","Abierto","2024-10-08","8095970499",""
"Agencias de viajes y tour operador","Tour operador receptivo-emisivo","AV-TOER-0101-00474","131668763","Memories & Experience In DR","Jardindes del Sur","Distrito Nacional","Vencida","Inactiva","Cerrado","2023-05-28","8492869119",""
"Agencias de viajes y tour operador","Tour operador local-doméstico","AV-TOLD-1101-02157","130867372","Punta Cana Mikes Adventure I","Punta Cana","La Altagracia","Vencida","Inactiva","Cerrado","2018-06-20","",""
"Agencias de viajes y tour operador","Tour operador local-doméstico","AV-TOLD-1101-02119","131612164","Latika Tours","Bávaro","La Altagracia","Vigente","Activa","Cerrado","2026-08-24","",""
"Agencias de viajes y tour operador","Agencias de viajes, reservas y pasajes","AV-AVMI-0101-00432","130722692","Sealand Tours And Travel","Altos de Arroyo Hondo","Distrito Nacional","Vigente","Activa","Abierto","2029-04-02","8099227483",""
"Agencias de viajes y tour operador","Tour operador local-doméstico","AV-TOLD-2301-02246","130783179","Family Tours","San Pedro - Centro Ciudad","San Pedro de Macorís","Incompleta","Inactiva","Cerrado","","",""
"Agencias de viajes y tour operador","Agencias de viajes, reservas y pasajes","AV-AVMI-2501-00643","102017842","Holiday Travel","Santiago - Centro Ciudad","Santiago","Vigente","Activa","Cerrado","2029-04-24","8092474014",""
"Agencias de viajes y tour operador","Tour operador local-doméstico","AV-TOLD-1101-02120","131688225","Maldivas Tours","El Cortecito","La Altagracia","Vencida","Inactiva","Cerrado","2022-12-06","8294204262",""
"Agencias de viajes y tour operador","Agencias de viajes, reservas y pasajes y tour operador receptivo-emisivo","AV-AITE-1101-02283","130781631","Koba Tours","Punta Cana Village","La Altagracia","Vencida","Inactiva","Cerrado","2015-10-19","",""
"Agencias de viajes y tour operador","Tour operador receptivo-emisivo","AV-TOER-1101-00596","101894229","Amstar DMC","Bávaro","La Altagracia","Vigente","Activa","Abierto","2026-06-23","",""
"Agencias de viajes y tour operador","Agencia de viajes mayorista","AV-AVMA-0101-00155","130452212","VIAPOR","Piantini","Distrito Nacional","Vencida","Inactiva","Abierto","2015-11-02","8095472164",""
"Agencias de viajes y tour operador","Agencias de viajes, reservas y pasajes","AV-AVMI-1201-00555","131549888","Per-Ara Travel And Tour","La Romana","La Romana","Vigente","Activa","Cerrado","2030-01-01","8095506378",""
"Agencias de viajes y tour operador","Tour operador receptivo-emisivo","AV-TOER-0802-00477","131704921","Montaña Redonda Paradise","Miches","El Seibo","Vencida","Inactiva","Abierto","2022-12-06","8094818815",""
"Agencias de viajes y tour operador","Agencias de viajes, reservas y pasajes y tour operador receptivo-emisivo","AV-AITE-0101-00935","130042004","GESTIONES TURÍSTICAS GESTUR","Serrallés","Distrito Nacional","Vigente","Activa","Abierto","2029-09-11","8099817506",""
"Agencias de viajes y tour operador","Agencia de viajes mayorista","AV-AVMA-2501-00620","130789525","Agec Expert Travellers","Santiago - Centro Ciudad","Santiago","Vigente","Activa","Abierto","2028-12-13","",""
"Agencias de viajes y tour operador","Tour operador local-doméstico","AV-TOLD-1101-00882","105049848","Luna Tours (Runners Adventure)","Bávaro","La Altagracia","Vigente","Activa","Abierto","2027-08-04","",""
"Agencias de viajes y tour operador","Agencias de viajes, reservas y pasajes","AV-AVMI-0101-00434","132074892","Terramarine","Jardines del Norte","Distrito Nacional","Vencida","Inactiva","Cerrado","2024-10-16","8498432211",""
"Agencias de viajes y tour operador","Agencia de viajes mayorista","AV-AVMA-0201-00392","130995184","Sol Valencia Internacional","Azua - Centro Ciudad","Azua","Vencida","Inactiva","Abierto","2022-06-13","8095214985",""
"Agencias de viajes y tour operador","Tour operador local-doméstico","AV-TOLD-1102-00586","105049848","Luna Tours (Runners Adventure)","Puerto Laguna","La Altagracia","Vigente","Activa","Abierto","2027-08-01","",""
"Agencias de viajes y tour operador","Agencias de viajes, reservas y pasajes","AV-AVMI-0101-00444","130779449","Ydel Tours","Ensanche la Fé","Distrito Nacional","Vencida","Inactiva","Cerrado","2022-06-13","8095630492",""
"Agencias de viajes y tour operador","Agencias de viajes, reservas y pasajes","AV-AVMI-2501-00634","102307938","Agencia De Viajes Zudy","Santiago - Centro Ciudad","Santiago","Vencida","Inactiva","Abierto","2023-06-05","8095829590",""
"Agencias de viajes y tour operador","Agencias de viajes, reservas y pasajes","AV-AVMI-1101-00995","101625457","Trewe, SA","Punta Cana","La Altagracia","Vencida","Inactiva","Cerrado","2015-09-11","",""
"Agencias de viajes y tour operador","Agencia de viajes mayorista","AV-AVMA-0101-00393","101833599","Agencia De Viajes Euroalpen","Ensanche Julieta","Distrito Nacional","Vigente","Activa","Abierto","2028-06-14","8092271376",""
"Agencias de viajes y tour operador","Agencias de viajes, reservas y pasajes","AV-AVMI-0101-00443","101141395","Viajes Golan","Zona Colonial","Distrito Nacional","En proceso","Activa","Abierto","","8096896902",""
"Agencias de viajes y tour operador","Agencias de viajes, reservas y pasajes","AV-AVMI-2502-00642","131925367","GMS Viajes","Santiago - Centro Ciudad","Santiago","Vencida","Inactiva","Abierto","2024-10-27","8095851478",""
"Agencias de viajes y tour operador","Tour operador local-doméstico","AV-TOLD-2001-00599","105049848","Luna Tours (Runners Adventure)","El Limón","Samaná","Vigente","Activa","Abierto","2027-07-27","",""
"Agencias de viajes y tour operador","Agencias de viajes, reservas y pasajes","AV-AVMI-0101-00979","130825629","WTS Travel","Bella Vista","Distrito Nacional","Vencida","Inactiva","Cerrado","2016-07-26","",""
"Agencias de viajes y tour operador","Tour operador receptivo-emisivo","AV-TOER-1101-00514","130808937","Conectando Artes DMC","Verón","La Altagracia","Vigente","Activa","Abierto","2029-10-07","8094661159",""
"Agencias de viajes y tour operador","Agencias de viajes, reservas y pasajes","AV-AVMI-3201-00664","101712996","Eddys Tours","Alma Rosa I","Santo Domingo","Vencida","Inactiva","Abierto","2021-05-26","8495656249",""
"Agencias de viajes y tour operador","Tour operador local-doméstico","AV-TOLD-1807-00569","131833853","ALBERTO FISHING TOURS OPERADORA (TOLD)","Sosua","Puerto Plata","Vigente","Activa","Abierto","2028-08-16","8092123657",""
"Agencias de viajes y tour operador","Tour operador local-doméstico","AV-TOLD-3201-02158","130972311","Legends Of Santo Domingo","Las Americas","Santo Domingo","Vencida","Inactiva","Cerrado","2018-08-07","",""
"Agencias de viajes y tour operador","Agencias de viajes, reservas y pasajes y tour operador receptivo-emisivo","AV-TOER-0101-00446","101679808","COLONIAL TOUR & TRAVEL (CIUDAD COLONIAL)","Zona Colonial","Distrito Nacional","Vigente","Activa","Abierto","2028-12-20","8096885285",""
"Agencias de viajes y tour operador","Agencias de viajes, reservas y pasajes y tour operador local-doméstico","AV-AMTL-3201-00660","131493092","Liranzo Tours & Travels","Residencial del Este","Santo Domingo","Vigente","Activa","Abierto","2029-02-03","8095962742",""
"Agencias de viajes y tour operador","Tour operador receptivo-emisivo","AV-TOER-0101-00471","131882463","Jump On Tours","Zona Colonial","Distrito Nacional","Vigente","Activa","Abierto","2028-12-26","8492120474",""
"Agencias de viajes y tour operador","Tour operador receptivo-emisivo","AV-TOER-1807-00580","132048611","Go Dominican Vacations EA","El Batey","Puerto Plata","Vigente","Activa","Cerrado","2028-12-16","8095712143",""
"Agencias de viajes y tour operador","Agencias de viajes, reservas y pasajes","AV-AVMI-3201-00974","130988498","Dream Team Tour & Travel","El Rosal","Santo Domingo","Vencida","Inactiva","Cerrado","2018-07-16","8297038511",""
"Agencias de viajes y tour operador","Agencias de viajes mayorista y tour operador receptivo-emisivo","AV-AMTE-0101-00448","102626294","Operahotel (Suc)","Yolanda Morales","Distrito Nacional","Vigente","Activa","Abierto","2028-02-13","8095496360",""
"Agencias de viajes y tour operador","Agencias de viajes, reservas y pasajes","AV-AVMI-0101-00418","130708304","Eurodominicana","Ensanche Naco","Distrito Nacional","Vencida","Inactiva","Abierto","2024-10-28","8095657614",""
"Agencias de viajes y tour operador","Agencias de viajes, reservas y pasajes","AV-AVMI-3201-02161","131271367","Mery Tours","Cancino","Santo Domingo","Vencida","Inactiva","Cerrado","2020-07-13","",""
"Agencias de viajes y tour operador","Agencias de viajes mayorista y tour operador receptivo-emisivo","AV-AMTE-0101-00804","101718102","Quepe Tours","Bella Vista","Distrito Nacional","Vencida","Inactiva","Abierto","2022-11-21","8095359051",""
"Agencias de viajes y tour operador","Tour operador receptivo-emisivo","AV-TOER-1101-00547","131900585","Unides Experience","Higüey","La Altagracia","Vencida","Inactiva","Cerrado","2023-05-15","8096038496",""
"Agencias de viajes y tour operador","Agencias de viajes, reservas y pasajes","AV-AVMI-2501-00968","430063185","COOPDO","Santiago - Centro Ciudad","Santiago","Vencida","Inactiva","Cerrado","2016-08-14","8098010000",""
"Agencias de viajes y tour operador","Agencia de viajes mayorista","AV-AVMA-3204-00654","131495011","Hidmir Vacation y Travels","La Caleta","Santo Domingo","Vencida","Inactiva","Cerrado","2021-05-30","8099143067",""
"Agencias de viajes y tour operador","Tour operador receptivo-emisivo","AV-TOER-1101-00521","131540074","Franconero Tours","Puerto Laguna","La Altagracia","Vigente","Activa","Abierto","2026-10-31","8496320472",""
"Agencias de viajes y tour operador","Tour operador local-doméstico","AV-TOLD-1102-02169","130721661","Bayahibe Caracol Tours","Dominicus - Bayahibe","La Altagracia","Vigente","Activa","Abierto","2029-03-03","8092585477",""
"Agencias de viajes y tour operador","Tour operador receptivo-emisivo","AV-TOER-1101-00871","130938733","Gray Line Dominican Republic","Bávaro","La Altagracia","Vencida","Inactiva","Cerrado","2023-05-16","8099333500",""
"Agencias de viajes y tour operador","Agencias de viajes, reservas y pasajes y tour operador receptivo-emisivo","AV-AITE-0101-00449","130188858","Viajes & Eventos Del Caribe","Ensanche Naco","Distrito Nacional","Vencida","Inactiva","Abierto","2024-11-04","8099853585",""
"Agencias de viajes y tour operador","Tour operador receptivo-emisivo","AV-TOER-3201-00677","131558917","Aua Destination Management Company & Events","Las Americas","Santo Domingo","Vigente","Activa","Cerrado","2027-12-18","8096979301",""
"Agencias de viajes y tour operador","Tour operador receptivo-emisivo","AV-TOER-1101-02110","131271812","Target Tours","Bávaro","La Altagracia","Vigente","Activa","Abierto","2027-08-01","",""
"Agencias de viajes y tour operador","Agencia de viajes mayorista","AV-AVMA-2501-00351","130590168","Grupo VDT Dominicana- Principal","Santiago - Centro Ciudad","Santiago","Vigente","Activa","Abierto","2028-11-26","8292515050",""
"Agencias de viajes y tour operador","Tour operador receptivo-emisivo","AV-TOER-3204-00633","130398194","Pedro Diaz Tours","Juan Dolio","San Pedro de Macorís","En proceso","Activa","Abierto","","8095264255",""
"Agencias de viajes y tour operador","Tour operador local-doméstico","AV-TOLD-1102-00588","131232574","Opexvi","Bayahibe","La Altagracia","Vigente","Activa","Abierto","2027-07-05","8095626001",""
"Agencias de viajes y tour operador","Agencia de viajes mayorista","AV-AVMA-2501-00622","102329109","Systours","Santiago - Centro Ciudad","Santiago","Vigente","Activa","Abierto","2026-08-29","8097248300",""
"Agencias de viajes y tour operador","Agencia de viajes mayorista","AV-AVMA-0101-00386","130687422","D' Rumba Tours","Ensanche Quisqueya","Distrito Nacional","Vencida","Inactiva","Abierto","2024-12-11","8095496065",""
"Agencias de viajes y tour operador","Tour operador receptivo-emisivo","AV-TOER-1101-00540","130570452","Solcana Tours","Friusa","La Altagracia","Vigente","Activa","Abierto","2027-09-28","8095520191",""
"Agencias de viajes y tour operador","Tour operador receptivo-emisivo","AV-TOER-1101-00530","131692729","Kolor Travel (Sucursal)","Friusa","La Altagracia","Vigente","Activa","Cerrado","2028-10-10","8297616138",""
"Agencias de viajes y tour operador","Agencias de viajes mayorista y tour operador receptivo-emisivo","AV-AMTE-1101-00486","132113391","Bre Bavaro Remarkable Experiences","Punta Cana","La Altagracia","Vencida","Inactiva","Abierto","2024-11-13","8093307598",""
"Agencias de viajes y tour operador","Agencias de viajes, reservas y pasajes","AV-AVMI-0901-02305","130823022","Namias Travel","Moca","Espaillat","Vencida","Inactiva","Abierto","2016-08-15","",""
"Agencias de viajes y tour operador","Agencias de viajes, reservas y pasajes","AV-AVMI-0101-00970","131348752","All Destiny Services - Ads","Los Prados","Distrito Nacional","Vencida","Inactiva","Cerrado","2020-06-21","8099086464",""
"Agencias de viajes y tour operador","Agencias de viajes, reservas y pasajes y tour operador local-doméstico","AV-AMTE-0101-00862","101125527","Larimar Tours","Ensanche Naco","Distrito Nacional","Vigente","Activa","Abierto","2029-02-18","8095358669",""
"Agencias de viajes y tour operador","Tour operador receptivo-emisivo","AV-TOER-1201-02209","131215351","Romana Port Agent and Tourism Services","Batey","La Romana","Vigente","Activa","Abierto","2029-12-26","8095506161",""
"Agencias de viajes y tour operador","Agencias de viajes, reservas y pasajes","AV-AVMI-2501-00456","131211577","Miguens & Ortiz Tour And Travel","Santiago - Centro Ciudad","Santiago","Vencida","Inactiva","Cerrado","2021-07-06","8494717686",""
"Agencias de viajes y tour operador","Tour operador local-doméstico","AV-TOLD-2001-02163","130406693","Marivanna Tours","Samaná - Centro Ciudad","Samaná","Vencida","Inactiva","Cerrado","2019-07-06","8099020225",""
"Agencias de viajes y tour operador","Tour operador local-doméstico","AV-TOLD-2001-00771","131241379","Optima Tours Samana","LAS GALERAS","Samaná","Vigente","Activa","Cerrado","2029-04-22","8292309651",""
"Agencias de viajes y tour operador","Agencia de viajes mayorista","AV-AVMA-0101-00396","131439519","Smartraveling Group","La Esperilla","Distrito Nacional","Incompleta","Inactiva","Abierto","","8096866100",""
"Agencias de viajes y tour operador","Tour operador local-doméstico","AV-TOLD-1101-00785","131377238","Dosbananas Eventos Especiales & Servicios Turisticos","Punta Cana","La Altagracia","Vencida","Inactiva","Cerrado","2021-05-12","8095528952",""
"Agencias de viajes y tour operador","Tour operador receptivo-emisivo","AV-TOER-1201-00509","130950563","Angie Tours","Dominicus - Bayahibe","La Altagracia","Vigente","Activa","Abierto","2027-05-04","8096043438",""
"Agencias de viajes y tour operador","Agencias de viajes, reservas y pasajes y tour operador receptivo-emisivo","AV-AMTE-1101-00859","131831095","Chintours Travel Solution","Los Tres Ojos","La Altagracia","Vencida","Inactiva","Cerrado","2023-05-27","8094036993",""
"Agencias de viajes y tour operador","Tour operador receptivo-emisivo","AV-TOER-2001-01878","105039542","COMING2 DOMINICANA","Loma Puerto Escondido","Samaná","Vigente","Activa","Cerrado","2026-09-27","8095471654",""
"Agencias de viajes y tour operador","Agencias de viajes, reservas y pasajes","AV-AVMI-2501-00454","102329109","Agencia De Viajes S&S (AV)","Santiago - Centro Ciudad","Santiago","Vigente","Activa","Abierto","2026-08-24","8097248300",""
"Agencias de viajes y tour operador","Tour operador receptivo-emisivo","AV-AMTE-0101-00802","130877297","Perla's S.T. Destination","Renacimiento","Distrito Nacional","Vigente","Activa","Abierto","2029-02-13","8094825301",""
"Agencias de viajes y tour operador","Tour operador receptivo-emisivo","AV-TOER-1801-02122","131261299","Puerto Plata Tours and Adventures","Peblo de los pescadores","Puerto Plata","Vigente","Activa","Abierto","2027-10-04","",""
"Agencias de viajes y tour operador","Agencias de viajes mayorista y tour operador local-doméstico","AV-AMTL-0101-00951","131156967","Aqua Tours & Travels","Arroyo Hondo","Distrito Nacional","Vencida","Inactiva","Cerrado","2019-06-06","8095488658",""
"Agencias de viajes y tour operador","Agencia de viajes mayorista","AV-AVMA-0101-00319","130326207","Asociacion Tour Operadores Mayoristas (Atom)","Gazcue","Distrito Nacional","Vencida","Inactiva","Cerrado","2024-11-24","8093384700",""
"Agencias de viajes y tour operador","Agencias de viajes, reservas y pasajes y tour operador receptivo-emisivo","AV-TOLD-0101-00372","130479552","MARIANNE TOURS","Los Prados","Distrito Nacional","Vigente","Activa","Abierto","2029-01-28","8092274141",""
"Agencias de viajes y tour operador","Tour operador receptivo-emisivo","AV-TOER-3204-02216","130809437","Mova Tour Operador","Boca Chica","Santo Domingo","Vencida","Inactiva","Abierto","2020-06-29","8495235968",""
"Agencias de viajes y tour operador","Agencias de viajes, reservas y pasajes","AV-AVMI-0101-00321","130875227","Chartering","Bella Vista","Distrito Nacional","Vigente","Activa","Abierto","2027-06-21","8095087800",""
"Agencias de viajes y tour operador","Tour operador receptivo-emisivo","AV-TOER-0101-00473","131602401","Maravillas Travel","Hondura","Distrito Nacional","Vencida","Inactiva","Abierto","2024-11-24","8292920193",""
"Agencias de viajes y tour operador","Tour operador receptivo-emisivo","AV-TOER-0101-02164","131425216","L N Tours","Honduras del Norte","Distrito Nacional","Vencida","Inactiva","Cerrado","2020-07-04","",""
"Agencias de viajes y tour operador","Tour operador local-doméstico","AV-TOLD-1101-00502","130862362","Sultana Tours & Experiences","Punta Cana","La Altagracia","Vigente","Activa","Cerrado","2028-01-08","8294523335",""
"Agencias de viajes y tour operador","Tour operador receptivo-emisivo","AV-TOER-1101-02247","105050625","Classic  Operadoradora de Tours","Punta Cana","La Altagracia","Vigente","Activa","Abierto","2029-03-27","",""
"Agencias de viajes y tour operador","Agencias de viajes mayorista y tour operador local-doméstico","AV-AMTL-0101-00411","101106018","Viajes Dumbo","Piantini","Distrito Nacional","En proceso","Activa","Abierto","","8095624949",""
"Agencias de viajes y tour operador","Tour operador receptivo-emisivo","AV-TOER-1101-02297","131061907","Loren Travel","Punta Cana","La Altagracia","Vencida","Inactiva","Cerrado","2018-08-11","",""
"Agencias de viajes y tour operador","Agencias de viajes mayorista y tour operador receptivo-emisivo","AV-TOLD-0101-00854","131844111","Sunset Conferme","PIANTINI","Distrito Nacional","Vigente","Activa","Abierto","2029-04-03","8094228789",""
"Agencias de viajes y tour operador","Tour operador receptivo-emisivo","AV-TOER-1101-00241","119019887","Manta Divers","Bávaro","La Altagracia","Vencida","Inactiva","Abierto","2025-08-20","8095015987",""
"Agencias de viajes y tour operador","Agencias de viajes, reservas y pasajes","AV-AVMI-2501-00635","131507451","Baldwin Agencia De Viajes","Santiago - Centro Ciudad","Santiago","Vigente","Activa","Abierto","2030-02-18","8095817228",""
"Agencias de viajes y tour operador","Agencias de viajes, reservas y pasajes","AV-AVMI-0101-00435","131014968","Travel Zone","La Castellana","Distrito Nacional","Vencida","Inactiva","Cerrado","2026-01-25","8094758800",""
"Agencias de viajes y tour operador","Agencias de viajes, reservas y pasajes","AV-AVMI-0101-00996","101141824","Sombrero Tours","Gazcue","Distrito Nacional","Vigente","Activa","Abierto","2028-12-30","8096887573",""
"Agencias de viajes y tour operador","Agencias de viajes, reservas y pasajes","AV-AVMI-2103-00609","131396801","Yesy Travel","Haina","San Cristóbal","Vigente","Activa","Abierto","2026-04-26","8099574200",""
"Agencias de viajes y tour operador","Tour operador receptivo-emisivo","AV-TOER-0101-00469","131981755","Funquest Tours & Travels","Gazcue","Distrito Nacional","Vencida","Inactiva","Cerrado","2024-07-12","8496239054",""
"Agencias de viajes y tour operador","Tour operador receptivo-emisivo","AV-TOER-0901-02253","130508119","Tenedora 45","Rio San Juan","Espaillat","Vencida","Inactiva","Cerrado","2018-08-14","",""
"Agencias de viajes y tour operador","Tour operador local-doméstico","AV-TOLD-1801-02217","130950504","Carpintero Maimon Tour Operadora","Don Gregorio","Puerto Plata","Vencida","Inactiva","Cerrado","2020-07-13","8098418191",""
"Agencias de viajes y tour operador","Tour operador receptivo-emisivo","AV-TOER-1101-02243","130597561","Go Caribe Tours","Punta Cana","La Altagracia","Vencida","Inactiva","Cerrado","2018-09-21","8299544096",""
"Agencias de viajes y tour operador","Agencias de viajes mayorista y tour operador local-doméstico","AV-AMTL-2501-00623","102621268","AGENCIA DE VIAJES LATINA- VIALAT","Santiago - Centro Ciudad","Santiago","Vigente","Activa","Abierto","2026-06-29","8097571923",""
"Agencias de viajes y tour operador","Tour operador receptivo-emisivo","AV-TOER-1101-02111","131984959","Wilmar Travel","El Salado","La Altagracia","Vencida","Inactiva","Cerrado","2024-07-12","8097950576",""
"Agencias de viajes y tour operador","Agencias de viajes, reservas y pasajes","AV-AVMI-0101-00377","131186963","Canoa Travel","LA FÈ","Distrito Nacional","Vigente","Activa","Abierto","2029-06-20","8096836595",""
"Agencias de viajes y tour operador","Tour operador local-doméstico","AV-TOLD-1102-00587","131232574","Opexvi","Dominicus - Bayahibe","La Altagracia","Vigente","Activa","Abierto","2029-12-10","8293806242",""
"Agencias de viajes y tour operador","Agencias de viajes, reservas y pasajes","AV-AVMI-0901-00479","131033377","Bienmi Travel","Moca","Espaillat","Vigente","Activa","Abierto","2029-06-03","8095780813",""
"Agencias de viajes y tour operador","Agencias de viajes, reservas y pasajes","AV-AVMI-0101-00680","101706351","Costamar Travel","Villa Mella","Distrito Nacional","Vencida","Inactiva","Cerrado","2024-12-15","",""
"Agencias de viajes y tour operador","Agencias de viajes, reservas y pasajes","AV-AVMI-0101-00391","131692354","Agencia De Viajes Enruteo Tours And Travels","Bella Vista","Distrito Nacional","Vencida","Inactiva","Cerrado","2023-05-31","",""
"Agencias de viajes y tour operador","Agencias de viajes, reservas y pasajes","AV-AVMI-1902-00481","132120817","Yustill Travel Services","Cristo Rey","Hermanas Mirabal","Vencida","Inactiva","Abierto","2024-12-15","8095770942",""
"Agencias de viajes y tour operador","Tour operador receptivo-emisivo","AV-TOER-1101-00524","119502431","Golden Vacation Tour","Punta Cana","La Altagracia","Vencida","Inactiva","Abierto","2024-12-15","8095520866",""
"Agencias de viajes y tour operador","Tour operador receptivo-emisivo","AV-TOER-1101-00505","131361765","3.0 Destino Caribbean Tours","Punta Cana","La Altagracia","Vigente","Activa","Abierto","2028-02-01","8295770481",""
"Agencias de viajes y tour operador","Agencias de viajes, reservas y pasajes","AV-AVMI-0101-00430","131387391","Rodando Tours con Tatiana Pérez","Altos de Arroyo Hondo","Distrito Nacional","Vencida","Inactiva","Abierto","2024-12-15","8297056106",""
"Agencias de viajes y tour operador","Agencias de viajes, reservas y pasajes y tour operador receptivo-emisivo","AV-AITE-2501-00461","130590168","Eurovip Travel- PRINCIPAL","Santiago - Centro Ciudad","Santiago","Vigente","Activa","Abierto","2028-11-26","8292515050",""
"Agencias de viajes y tour operador","Agencias de viajes, reservas y pasajes y tour operador receptivo-emisivo","AV-AITE-2501-00460","130590168","Eurovip Travel- SUCURSAL","la esperilla","Distrito Nacional","Vigente","Activa","Abierto","2028-11-28","8292515050",""
"Agencias de viajes y tour operador","Tour operador receptivo-emisivo","AV-TOER-1101-02218","131354688","Liberty Dominican Republic","BAVARO","La Altagracia","Vigente","Activa","Abierto","2028-11-07","8494557173",""
"Agencias de viajes y tour operador","Tour operador receptivo-emisivo","AV-TOER-1101-00519","131314791","First Class Tours Yeca","Bávaro","La Altagracia","Vencida","Inactiva","Cerrado","2021-07-13","8095529887",""
"Agencias de viajes y tour operador","Agencias de viajes, reservas y pasajes y tour operador local-doméstico","AV-AVMI-0101-00428","131017231","PEC Tourspresentaciones y eventos congresos","Las Praderas","Distrito Nacional","Vigente","Activa","Abierto","2027-07-31","8097322875",""
"Agencias de viajes y tour operador","Agencias de viajes, reservas y pasajes","AV-AVMI-0101-02219","101543221","Tary’s Travel","paraiso","Distrito Nacional","Vigente","Activa","Abierto","2028-05-28","8095671157",""
"Agencias de viajes y tour operador","Agencias de viajes, reservas y pasajes","AV-AVMI-0101-00421","131829988","Film Travel Solutions","Mirador Norte","Distrito Nacional","Vencida","Inactiva","Cerrado","2023-06-10","8098851194",""
"Agencias de viajes y tour operador","Agencias de viajes, reservas y pasajes","AV-AVMI-0101-00976","130013322","Inversiones Tascon","Ensanche Naco","Distrito Nacional","Vencida","Inactiva","Cerrado","2010-11-14","8095634631",""
"Agencias de viajes y tour operador","Agencias de viajes, reservas y pasajes","AV-AVMI-0101-00415","131122051","Calai Tours","Gazcue","Distrito Nacional","Vencida","Inactiva","Abierto","2026-01-18","8093336625",""
"Agencias de viajes y tour operador","Agencias de viajes mayorista y tour operador local-doméstico","AV-AMTL-1301-00559","103157637","Agencia De Viajes y Turismo Sonia","La Vega - Centro Ciudad","La Vega","Vencida","Inactiva","Cerrado","2022-07-25","8095734595",""
"Agencias de viajes y tour operador","Agencia de viajes mayorista","AV-AVMA-0101-00395","131871178","Gonzalez Medina Travels","Zona Colonial","Distrito Nacional","Vencida","Inactiva","Abierto","2024-12-16","8296672995",""
"Agencias de viajes y tour operador","Tour operador receptivo-emisivo","AV-TOER-1101-00813","131245382","Renny Travel","Verón","La Altagracia","Vigente","Activa","Abierto","2029-03-05","8298507005",""
"Agencias de viajes y tour operador","Tour operador receptivo-emisivo","AV-TOER-0101-02281","101688203","Limesa Tours","Evaristo Morales","Distrito Nacional","Vencida","Inactiva","Cerrado","2015-12-22","8092272928",""
"Agencias de viajes y tour operador","Agencias de viajes, reservas y pasajes y tour operador receptivo-emisivo","AV-AITE-1101-00541","131515959","Somos Viajes","Bávaro","La Altagracia","Vencida","Inactiva","Abierto","2026-02-21","8296459221",""
"Agencias de viajes y tour operador","Agencias de viajes, reservas y pasajes","AV-AVMI-0101-02280","130624909","AGENCIA DE VIAJES LA SUREÑA, AVESUR","San Cristonbal - Centro Ciudad","San Cristóbal","Vigente","Activa","Abierto","2029-03-06","8095289090",""
"Agencias de viajes y tour operador","Agencias de viajes, reservas y pasajes","AV-AVMI-2301-00814","111000602","Agencia De Viajes Orlando Martinez M Y CO","San Pedro - Centro Ciudad","San Pedro de Macorís","Incompleta","Inactiva","Abierto","","8295293515",""
"Agencias de viajes y tour operador","Agencias de viajes, reservas y pasajes","AV-AVMI-2501-00640","131001272","Evisa Tours","Santiago - Centro Ciudad","Santiago","Vigente","Activa","Cerrado","2030-02-18","8095831729",""
"Agencias de viajes y tour operador","Tour operador receptivo-emisivo","AV-TOER-1101-02244","130804402","Ivi Caribbean Quest DMC","Pueblo Bávaro","La Altagracia","Vencida","Inactiva","Cerrado","2016-09-26","",""
"Agencias de viajes y tour operador","Tour operador receptivo-emisivo","AV-TOER-0101-00465","122001069","Agencia De Viajes y Servicios Turisticos Green Services","Zona industrial de Herrera","Santo Domingo","Vigente","Activa","Abierto","2027-01-13","8094769893",""
"Agencias de viajes y tour operador","Tour operador receptivo-emisivo","AV-TOER-1101-02256","130826145","Lary Tours","Punta Cana","La Altagracia","Vencida","Inactiva","Cerrado","2017-10-09","",""
"Agencias de viajes y tour operador","Tour operador receptivo-emisivo","AV-TOER-1201-00510","131675182","Brasil Passeios Punta Cana","Punta Cana","La Altagracia","Vencida","Inactiva","Abierto","2022-08-08","8492123635",""
"Agencias de viajes y tour operador","Agencias de viajes, reservas y pasajes y tour operador local-doméstico","AV-AITL-3203-00459","101853107","AGENCIA DE VIAJES URECE TRAVEL - VILLA MELLA","Villa Mella","Santo Domingo","Vigente","Activa","Abierto","2028-08-15","8095365482",""
"Agencias de viajes y tour operador","Agencias de viajes mayorista y tour operador local-doméstico","AV-AMTL-0101-00950","130701768","Maritisant","Zona Colonial","Distrito Nacional","Vigente","Activa","Abierto","2026-03-18","8096874116",""
"Agencias de viajes y tour operador","Agencias de viajes mayorista y tour operador local-doméstico","AV-AMTL-0101-00410","130711526","Turaser Travel","Ensanche Naco","Distrito Nacional","Vencida","Inactiva","Abierto","2026-02-28","8094729595",""
"Agencias de viajes y tour operador","Tour operador receptivo-emisivo","AV-TOER-1101-00522","131601022","Globex Servicios Turisticos","Bávaro","La Altagracia","Vigente","Activa","Cerrado","2027-04-21","8096976710",""
"Agencias de viajes y tour operador","Agencias de viajes, reservas y pasajes","AV-AVMI-2501-00815","102340846","Agencia de Viajes Yoly Tours","Santiago - Centro Ciudad","Santiago","Vencida","Inactiva","Abierto","2024-12-28","8095823815",""
"Agencias de viajes y tour operador","Agencias de viajes, reservas y pasajes y tour operador local-doméstico","AV-AITL-0101-00458","101853107","AGENCIA DE VIAJES URECE TRAVEL - CRISTO REY","Cristo Rey","Distrito Nacional","Vigente","Activa","Abierto","2028-05-20","8095365482",""
"Agencias de viajes y tour operador","Tour operador local-doméstico","AV-TOLD-3201-02220","130642265","VELEZ TOURS & SERVICES","Boca Chica","Santo Domingo","Vigente","Activa","Abierto","2028-12-13","8495239607",""
"Agencias de viajes y tour operador","Agencias de viajes, reservas y pasajes","AV-AVMI-0101-02165","131222129","Azul Travel","Evaristo Morales","Distrito Nacional","Vencida","Inactiva","Cerrado","2026-02-23","8298800404",""
"Agencias de viajes y tour operador","Agencia de viajes mayorista","AV-AVMA-0101-00408","131740413","Kms Travel Tour","Urbanización El Portal","Distrito Nacional","Vencida","Inactiva","Cerrado","2024-08-08","8093688666",""
"Agencias de viajes y tour operador","Tour operador local-doméstico","AV-TOLD-1201-02221","112105598","Comercial Costa Romantica","bayahibe","La Altagracia","Vigente","Activa","Abierto","2028-06-05","8095503659",""
"Agencias de viajes y tour operador","Tour operador local-doméstico","AV-TOLD-3201-02222","131418287","Guarantee Tours Travel","Boca Chica","Santo Domingo","Vencida","Inactiva","Abierto","2020-08-05","8098674772",""
"Agencias de viajes y tour operador","Tour operador receptivo-emisivo","AV-TOER-0101-00382","131849679","Tarectours Operador","Ciudad Nueva","Distrito Nacional","Vencida","Inactiva","Cerrado","2023-06-26","8097921022",""
"Agencias de viajes y tour operador","Tour operador receptivo-emisivo","AV-TOLD-1101-00352","131189547","Merenba Tour Operador","Bávaro","La Altagracia","Vigente","Activa","Abierto","2027-05-23","8095526844",""
"Agencias de viajes y tour operador","Tour operador local-doméstico","AV-TOLD-1801-00373","131082394","Mario Susaña Tours","Maripica","Puerto Plata","Vencida","Inactiva","Abierto","2023-06-28","",""
"Agencias de viajes y tour operador","Agencias de viajes, reservas y pasajes","AV-AVMI-0101-00971","131262988","Dominican Leisure Group","Bella Vista","Distrito Nacional","Vencida","Inactiva","Cerrado","2019-08-03","8299230628",""
"Agencias de viajes y tour operador","Agencias de viajes, reservas y pasajes","AV-AVMI-1901-00480","130603898","Albania Tours","Tenares","Hermanas Mirabal","Vencida","Inactiva","Abierto","2023-06-28","8095878635",""
"Agencias de viajes y tour operador","Agencias de viajes, reservas y pasajes y tour operador receptivo-emisivo","AV-AMTE-0101-00955","130933741","Spring Tours","Urbanización Fernandez","Distrito Nacional","Vigente","Activa","Abierto","2026-06-09","8095615756",""
"Agencias de viajes y tour operador","Tour operador receptivo-emisivo","AV-TOER-0101-02306","130853916","Tourmania","Las Praderas","Distrito Nacional","Vencida","Inactiva","Cerrado","2016-10-15","",""
"Agencias de viajes y tour operador","Agencia de viajes mayorista","AV-AVMA-2501-00621","130334536","Conextur Conexion Turistica","Santiago - Centro Ciudad","Santiago","Vigente","Activa","Abierto","2026-03-30","8095814848",""
"Agencias de viajes y tour operador","Tour operador local-doméstico","AV-TOLD-2001-00600","131023495","Marcel Sunshine Holidays Tours","Las Galeras","Samaná","Vigente","Activa","Cerrado","2029-01-07","8095380202",""
"Agencias de viajes y tour operador","Tour operador receptivo-emisivo","AV-TOER-1101-01883","101590718","Iberdom","Bávaro","La Altagracia","Vencida","Inactiva","Cerrado","2019-08-05","8095865920",""
"Agencias de viajes y tour operador","Agencia de viajes mayorista","AV-AVMA-0101-00398","130514909","Sun Paradise","Ensanche Naco","Distrito Nacional","Vencida","Inactiva","Abierto","2026-01-18","",""
"Agencias de viajes y tour operador","Tour operador receptivo-emisivo","AV-TOER-1101-00550","131830846","Wilrop Tours Travel","Verón","La Altagracia","Vencida","Inactiva","Cerrado","2023-10-07","8098637359",""
"Agencias de viajes y tour operador","Tour operador local-doméstico","AV-TOLD-2301-02115","130642265","Velez Tours and Services","Juan Dolio","San Pedro de Macorís","Vencida","Inactiva","Abierto","2024-06-01","8093995534",""
"Agencias de viajes y tour operador","Tour operador receptivo-emisivo","AV-TOER-3201-01880","101679808","COLONIAL TOUR & TRAVEL (BOCA CHICA)","Boca Chica","Santo Domingo","Vencida","Inactiva","Abierto","2019-08-12","8096885285",""
"Agencias de viajes y tour operador","Tiempo compartido","AV-TICO-1801-00061","105086433","Lifestyle Holidays Vacation Club","Playa Cofresi","Puerto Plata","Vencida","Inactiva","Cerrado","2018-09-05","8099703654",""
"Agencias de viajes y tour operador","Tour operador receptivo-emisivo","AV-TOER-2306-02223","111128392","Caribissimo","Juan Dolio","San Pedro de Macorís","Vigente","Activa","Cerrado","2026-03-21","8297703693",""
"Agencias de viajes y tour operador","Tour operador local-doméstico","AV-TOLD-3201-00675","131370691","Quisqueya Mundo Nugo","Invivienda","Santo Domingo","Vencida","Inactiva","Cerrado","2021-05-09","8298611011",""
"Agencias de viajes y tour operador","Agencias de viajes, reservas y pasajes y tour operador receptivo-emisivo","AV-TOER-1101-01881","101679808","COLONIAL TOUR & TRAVEL (BÁVARO)","Bávaro","La Altagracia","Vigente","Activa","Abierto","2028-12-20","8096885285",""
"Agencias de viajes y tour operador","Agencias de viajes, reservas y pasajes y tour operador receptivo-emisivo","AV-AITE-0101-00451","130167532","Viajes Monterrei","Ensanche Naco","Distrito Nacional","Vencida","Inactiva","Abierto","2022-03-09","8095932323",""
"Agencias de viajes y tour operador","Tour operador receptivo-emisivo","AV-TOER-0101-00605","130331898","CORAL HOSPITALITY CORP”,","Ensanche Naco","Distrito Nacional","Vigente","Activa","Abierto","2030-01-23","8095626725",""
"Agencias de viajes y tour operador","Tour operador local-doméstico","AV-TOLD-3202-00672","131582354","Agencia De Viajes y Turismos Gomez Rodriguez","Buenos Aires de Herrera","Santo Domingo","Vencida","Inactiva","Cerrado","2021-05-09","8095484136",""
"Agencias de viajes y tour operador","Agencias de viajes, reservas y pasajes","AV-AVMI-2801-00566","103030211","Viajes Inter-Continental","Bonao","Monseñor Nouel","Vencida","Inactiva","Cerrado","2021-05-09","8095257700",""
"Agencias de viajes y tour operador","Tour operador receptivo-emisivo","AV-TOER-1101-02245","130810362","Alexary Tours","Pueblo Bávaro","La Altagracia","Vencida","Inactiva","Cerrado","2016-11-20","",""
"Agencias de viajes y tour operador","Agencia de viajes mayorista","AV-AVMA-0101-00865","130430403","Tequia Experiences","Ensanche Serralles","Distrito Nacional","Vencida","Inactiva","Cerrado","2022-10-09","8095630019",""
"Agencias de viajes y tour operador","Agencias de viajes mayorista y tour operador local-doméstico","AV-AMTL-0101-00409","130525234","Lupita Travel","Ensanche Naco","Distrito Nacional","Vencida","Inactiva","Abierto","2021-09-13","8096890997",""
"Agencias de viajes y tour operador","Agencias de viajes, reservas y pasajes","AV-AVMI-0101-00413","130511098","Atlantic Travel","Ensanche Miraflores","Distrito Nacional","Vencida","Inactiva","Cerrado","2021-09-13","8092218223",""
"Agencias de viajes y tour operador","Agencias de viajes, reservas y pasajes","AV-AVMI-2501-00644","102629562","Nuevo Millenium","Santiago - Centro Ciudad","Santiago","Vencida","Inactiva","Cerrado","2023-07-22","8092265489",""
"Agencias de viajes y tour operador","Agencias de viajes, reservas y pasajes","AV-AVMI-0101-00978","131223974","Helionor Tours","Zona Colonial","Distrito Nacional","Vencida","Inactiva","Abierto","2020-08-18","8096886776",""
"Agencias de viajes y tour operador","Tour operador local-doméstico","AV-TOLD-3201-00673","131418287","Guarantee Tours Travel","BAVARO","La Altagracia","Vencida","Inactiva","Abierto","2023-07-23","8098674772",""
"Agencias de viajes y tour operador","Tour operador local-doméstico","AV-TOLD-1101-00504","131781373","Visita Republica Dominicana By Melvin Duran","Los Corales","La Altagracia","Vigente","Activa","Cerrado","2028-05-28","8293707381",""
"Agencias de viajes y tour operador","Agencias de viajes, reservas y pasajes y tour operador local-doméstico","AV-AITL-0101-00864","130628009","Susan Travel","Los Casicazgos","Distrito Nacional","Incompleta","Inactiva","Abierto","","8098697848",""
"Agencias de viajes y tour operador","Tour operador receptivo-emisivo","AV-TOER-1101-00515","119500941","Connect Travel Services","Punta Cana","La Altagracia","Vigente","Activa","Cerrado","2027-07-10","8099590505",""
"Agencias de viajes y tour operador","Tour operador receptivo-emisivo","AV-TOER-1101-02249","130538451","Galeon Travel","Punta Cana","La Altagracia","Vencida","Inactiva","Cerrado","2013-08-06","",""
"Agencias de viajes y tour operador","Tour operador local-doméstico","AV-TOLD-1101-00496","131774131","Erica Espo Tours & Service","Bávaro","La Altagracia","Vigente","Activa","Cerrado","2028-07-17","8096708766",""
"Agencias de viajes y tour operador","Tour operador local-doméstico","AV-TOLD-1101-02224","131325009","Eco Caribe Adventure PC","Pueblo Bávaro","La Altagracia","Vencida","Inactiva","Abierto","2026-02-25","8294219136",""
"Agencias de viajes y tour operador","Agencias de viajes mayorista y tour operador receptivo-emisivo","AV-AMTE-0101-00033","130798372","Eliata Tours","El Millón","Distrito Nacional","Vigente","Activa","Abierto","2026-06-15","8095191090",""
"Agencias de viajes y tour operador","Agencias de viajes, reservas y pasajes","AV-AVMI-0101-00972","131108881","Palo Tours","Renacimiento","Distrito Nacional","Vencida","Inactiva","Abierto","2018-10-03","8095347117",""
"Agencias de viajes y tour operador","Tour operador receptivo-emisivo","AV-TOER-1404-00866","131377572","Dominican Explorers C. B","Santa Lucía","María Trinidad Sánchez","Vigente","Activa","Cerrado","2026-03-21","8293964724",""
"Agencias de viajes y tour operador","Tour operador receptivo-emisivo","AV-TOER-1101-00520","130888981","Found Trip DMC & Tour Operador","Bávaro","La Altagracia","Vigente","Activa","Abierto","2026-12-02","8095520627",""
"Agencias de viajes y tour operador","Agencias de viajes, reservas y pasajes","AV-AVMI-0101-00436","131066909","Travelbiz","La Castellana","Distrito Nacional","Vencida","Inactiva","Abierto","2023-01-08","8095657280",""
"Agencias de viajes y tour operador","Tour operador receptivo-emisivo","AV-TOER-1101-02225","131447602","On Line Tour Olt","Punta Cana Village","La Altagracia","Vigente","Activa","Cerrado","2026-12-16","8095520527",""
"Agencias de viajes y tour operador","Tour operador receptivo-emisivo","AV-TOER-1101-00549","130927316","Weiler Caribbean Sea","Bávaro","La Altagracia","Vigente","Activa","Cerrado","2026-06-17","8296928445",""
"Agencias de viajes y tour operador","Agencias de viajes mayorista y tour operador local-doméstico","AV-AMTL-0101-00948","130740382","Angimar Multiservices","Ensanche Naco","Distrito Nacional","Vencida","Inactiva","Abierto","2020-08-30","8097324607",""
"Agencias de viajes y tour operador","Agencias de viajes, reservas y pasajes","AV-AVMI-0101-00427","122003754","Ole Tours Agencia De Viajes","La Julia","Distrito Nacional","Vencida","Inactiva","Cerrado","2022-09-17","8092271456",""
"Agencias de viajes y tour operador","Tour operador local-doméstico","AV-TOLD-1101-02226","131254502","Squalo Tours","Bávaro","La Altagracia","Vencida","Inactiva","Cerrado","2020-08-30","8292788829",""
"Agencias de viajes y tour operador","Tour operador local-doméstico","AV-TOLD-1101-00166","130999708","Steffi Tours","Bávaro","La Altagracia","Vencida","Inactiva","Cerrado","2017-10-16","8299400892",""
"Agencias de viajes y tour operador","Tour operador local-doméstico","AV-TOLD-1201-02230","131309216","Yelaine Tour","La Romana - Centro Ciudad","La Romana","Vigente","Activa","Abierto","2026-11-17","8493305570",""
"Agencias de viajes y tour operador","Agencias de viajes mayorista y tour operador receptivo-emisivo","AV-AMTE-0101-00389","131282334","Prinair Tours","Piantini","Distrito Nacional","Vencida","Inactiva","Abierto","2026-02-24","8297486722",""
"Agencias de viajes y tour operador","Tour operador local-doméstico","AV-TOLD-3204-00926","111127815","Cigua Tours","Boca Chica","Santo Domingo","Vencida","Inactiva","Cerrado","2022-09-17","8092249981",""
"Agencias de viajes y tour operador","Agencias de viajes mayorista y tour operador receptivo-emisivo","AV-AMTL-2501-00431","102626294","Operahotel","Santiago - Centro Ciudad","Santiago","Vigente","Activa","Abierto","2027-08-28","8092263426",""
"Agencias de viajes y tour operador","Tour operador local-doméstico","AV-TOLD-2001-02172","130699692","Escapade Samana","Puerto Bahía","Samaná","Vencida","Inactiva","Cerrado","2019-09-21","8492069361",""
"Agencias de viajes y tour operador","Tour operador receptivo-emisivo","AV-TOER-0101-00468","130767467","Delphos Investment Company","Ensanche Naco","Distrito Nacional","Vencida","Inactiva","Abierto","2023-08-15","8097715011",""
"Agencias de viajes y tour operador","Tour operador receptivo-emisivo","AV-TOER-1102-00538","130936511","Sky Tours","La Romana","La Romana","Vigente","Activa","Abierto","2030-01-27","8298168822",""
"Agencias de viajes y tour operador","Tour operador receptivo-emisivo","AV-TOER-0101-00470","130447187","Global Tours & Travel","Piantini","Distrito Nacional","Vigente","Activa","Abierto","2028-01-15","8095660099",""
"Agencias de viajes y tour operador","Tour operador local-doméstico","AV-TOLD-1101-02099","131681956","Oasis Bayahibe Tours","Bayahibe","La Altagracia","Vigente","Activa","Cerrado","2027-02-28","",""
"Agencias de viajes y tour operador","Agencias de viajes, reservas y pasajes y tour operador receptivo-emisivo","AV-AVMI-0101-00453","101549114","Agencia de Viajes Milena Tours (AV)","Ensanche Julieta","Distrito Nacional","Vigente","Activa","Abierto","2027-09-21","8095666076",""
"Agencias de viajes y tour operador","Agencia de viajes mayorista","AV-AVMA-3201-00656","130728178","Melky Tours","San Isidro","Santo Domingo","Vigente","Activa","Abierto","2028-01-03","8097480648",""
"Agencias de viajes y tour operador","Agencias de viajes, reservas y pasajes","AV-AVMI-0101-02173","130747199","Eventravel ET & Tour","Ensanche Paraíso","Distrito Nacional","Vencida","Inactiva","Cerrado","2018-10-23","",""
"Agencias de viajes y tour operador","Tour operador local-doméstico","AV-TOLD-3201-02174","131204092","Best Vacations F&C Tours And Travel","Vecinos Unidos","Santo Domingo","Vencida","Inactiva","Abierto","2019-09-30","8495985553",""
"Agencias de viajes y tour operador","Agencia de viajes mayorista","AV-AVMA-2501-00869","102019037","SIN LIMITES BY GAMMATOURS","Santiago - Centro Ciudad","Santiago","Vigente","Activa","Abierto","2028-07-31","8098038181",""
"Agencias de viajes y tour operador","Tour operador receptivo-emisivo","AV-TOER-3201-00298","130790698","MTV Mi Tierra Verde","Alma Rosa II","Santo Domingo","Vigente","Activa","Abierto","2029-11-04","8099042626",""
"Agencias de viajes y tour operador","Agencias de viajes, reservas y pasajes","AV-AVMI-2501-00646","131655272","Payero Tours","Santiago - Centro Ciudad","Santiago","Vigente","Activa","Abierto","2027-09-21","8094712394",""
"Agencias de viajes y tour operador","Tour operador receptivo-emisivo","AV-TOER-1101-00546","119017442","T-Time Tours","Bávaro","La Altagracia","Vencida","Inactiva","Cerrado","2022-09-21","8092211336",""
"Agencias de viajes y tour operador","Tour operador receptivo-emisivo","AV-TOER-1101-00539","130918538","Soco Rivers Tours","Zona del Faro a Colón","La Altagracia","Vencida","Inactiva","Cerrado","2023-08-29","8097726993",""
"Agencias de viajes y tour operador","Agencia de viajes mayorista","AV-AVMA-3201-00658","131216757","Nici's Travels Agency","San Isidro","Santo Domingo","Vencida","Inactiva","Cerrado","2021-10-17","8094751282",""
"Agencias de viajes y tour operador","Agencias de viajes, reservas y pasajes","AV-AVMI-0101-00419","101795107","Eurostar Agencia De Viajes","Ensanche Naco","Distrito Nacional","Vencida","Inactiva","Cerrado","2021-10-17","8095657181",""
"Agencias de viajes y tour operador","Tour operador receptivo-emisivo","AV-TOER-1101-02112","131566227","Nations Tours RD","Punta Cana","La Altagracia","Vencida","Inactiva","Cerrado","2021-10-17","8094681188",""
"Agencias de viajes y tour operador","Agencia de viajes mayorista","AV-AVMI-0101-00969","130590168","GRUPO VDT DOMINICANA","la esperilla","Distrito Nacional","Vigente","Activa","Abierto","2028-11-26","8292515050",""
"Agencias de viajes y tour operador","Tour operador local-doméstico","AV-TOLD-1801-02100","101764465","El Paraiso Tours (TO)","Puerto Plata - Centro Ciudad","Puerto Plata","Vencida","Inactiva","Abierto","2023-09-02","8092617606",""
"Agencias de viajes y tour operador","Agencias de viajes, reservas y pasajes","AV-AVMI-2201-00611","131582338","CRISMAT GRUPO AVG","San Juan - Centro Ciudad","San Juan","Vencida","Inactiva","Cerrado","2021-10-17","8098686971",""
"Agencias de viajes y tour operador","Agencias de viajes, reservas y pasajes","AV-AVMI-0101-02175","101658292","Scala Tours","Villa Juana","Distrito Nacional","Vencida","Inactiva","Cerrado","2020-09-21","",""
"Agencias de viajes y tour operador","Tour operador receptivo-emisivo","AV-TOLD-1101-00491","130938474","MC Caribbean Route Agencia De Viajes","La Imagen","La Altagracia","Vigente","Activa","Abierto","2027-05-02","8095446341",""
"Agencias de viajes y tour operador","Tour operador receptivo-emisivo","AV-TOER-0101-00618","101567953","Hola Tours & Travel (PRINCIPAL)","Evaristo Morales","Distrito Nacional","Vencida","Inactiva","Cerrado","2022-09-27","8099552727",""
"Agencias de viajes y tour operador","Agencias de viajes, reservas y pasajes","AV-AVMI-2201-00610","130751927","Agencia De Viajes Germany","Villa Chavez","San Juan","Vencida","Inactiva","Cerrado","2021-10-30","8097940250",""
"Agencias de viajes y tour operador","Tour operador receptivo-emisivo","AV-TOER-1101-00617","101567953","Hola Tours & Travel (SUCURSAL)","Friusa","La Altagracia","Vencida","Inactiva","Cerrado","2022-09-27","8099552727",""
"Agencias de viajes y tour operador","Tour operador receptivo-emisivo","AV-TOER-1101-00534","131009204","Mizael & Greilin Tours","Savica","La Altagracia","Vencida","Inactiva","Abierto","2023-03-09","8097726993",""
"Agencias de viajes y tour operador","Agencias de viajes, reservas y pasajes","AV-AVMI-0101-00438","131481175","Travelshop Next","Mirador Norte","Distrito Nacional","Vigente","Activa","Abierto","2027-01-12","8099169588",""
"Agencias de viajes y tour operador","Agencia de viajes mayorista","AV-AVMA-0101-00378","130202621","TRAVELREPS","Piantini","Distrito Nacional","Vigente","Activa","Abierto","2029-05-21","8095623000",""
"Agencias de viajes y tour operador","Agencias de viajes, reservas y pasajes","AV-AVMI-0101-00423","131598862","Getsems Travel","Ensanche la Fé","Distrito Nacional","Vencida","Inactiva","Abierto","2026-02-21","8296978844",""
"Agencias de viajes y tour operador","Agencias de viajes, reservas y pasajes","AV-AVMI-2501-00626","102308837","Agencia De Viajes Del Caribe","Santiago - Centro Ciudad","Santiago","Vencida","Inactiva","Abierto","2026-03-03","",""
"Agencias de viajes y tour operador","Agencias de viajes, reservas y pasajes","AV-AVMI-2501-02176","130655936","Agencia de Viajes Rainoa","Santiago - Centro Ciudad","Santiago","Vigente","Activa","Abierto","2029-07-25","8495760089",""
"Agencias de viajes y tour operador","Tour operador receptivo-emisivo","AV-TOER-1101-00532","131129668","Meeting Point Dominicana","Punta Cana","La Altagracia","Vigente","Activa","Cerrado","2028-01-16","8098316706",""
"Agencias de viajes y tour operador","Tour operador local-doméstico","AV-TOLD-1101-00499","131300685","Mundi Destinos Alberto","Zona del Faro a Colón","La Altagracia","Vencida","Inactiva","Cerrado","2023-06-09","8094036993",""
"Agencias de viajes y tour operador","Agencias de viajes, reservas y pasajes","AV-AVMI-0101-00898","101677457","ISIS VIAJES","Piantini","Distrito Nacional","Sin licencia","En formación","Abierto","","8092997841",""
"Agencias de viajes y tour operador","Tour operador local-doméstico","AV-TOLD-1201-02101","131836242","Pauly Cruz Group","La Romana - Centro Ciudad","La Romana","Vencida","Inactiva","Cerrado","2023-09-06","8092064932",""
"Agencias de viajes y tour operador","Tour operador receptivo-emisivo","AV-TOER-1801-02480","131277993","Wild Play Adventure Wipad","Playa Punta Patilla","Puerto Plata","Vencida","Inactiva","Abierto","2026-02-24","8093341778",""
"Agencias de viajes y tour operador","Agencias de viajes, reservas y pasajes y tour operador local-doméstico","AV-AITL-0101-00624","101893184","Metro Tours","Piantini","Distrito Nacional","Vigente","Activa","Abierto","2026-05-18","8095444580",""
"Agencias de viajes y tour operador","Tour operador local-doméstico","AV-TOLD-2001-00590","130087598","Yailin Tours","Samaná - Centro Ciudad","Samaná","Vencida","Inactiva","Cerrado","2022-10-16","8099020225",""
"Agencias de viajes y tour operador","Agencias de viajes, reservas y pasajes","AV-AVMI-2501-00645","131347126","Pachelo Tours","Santiago - Centro Ciudad","Santiago","En proceso","Activa","Abierto","","8095820043",""
"Agencias de viajes y tour operador","Tour operador local-doméstico","AV-TOLD-2001-00593","130847843","Arena De Las Terrenas","Las Terrenas","Samaná","Vigente","Activa","Cerrado","2026-06-27","8092406290",""
"Agencias de viajes y tour operador","Agencias de viajes, reservas y pasajes","AV-AVMI-1301-00562","131510159","Fever Consulting, Tours, Solution","La Vega - Centro Ciudad","La Vega","Vencida","Inactiva","Abierto","2022-10-16","8092420010",""
"Agencias de viajes y tour operador","Agencias de viajes, reservas y pasajes","AV-AVMI-2501-02177","130523118","James Travel","Santiago - Centro Ciudad","Santiago","Vigente","Activa","Abierto","2027-03-03","8492417012",""
"Agencias de viajes y tour operador","Tour operador receptivo-emisivo","AV-TOER-1101-02179","130544476","Katiuska Tour Operator","Enriquillo","La Altagracia","Vencida","Inactiva","Cerrado","2018-11-14","",""
"Agencias de viajes y tour operador","Tour operador local-doméstico","AV-TOLD-1801-02102","105056275","Alegria Tours","Maripica","Puerto Plata","Vigente","Activa","Abierto","2027-12-29","",""
"Agencias de viajes y tour operador","Agencias de viajes, reservas y pasajes","AV-AVMI-1201-00556","131577326","Tuscany Dream Group","Casa de Campo","La Romana","Vencida","Inactiva","Cerrado","2021-07-11","8492812258",""
"Agencias de viajes y tour operador","Agencias de viajes, reservas y pasajes","AV-AVMI-3202-00665","131735665","BAODE AGENCY","Libertador de Herrera","Santo Domingo","Vencida","Inactiva","Cerrado","2022-10-19","8296970297",""
"Agencias de viajes y tour operador","Tour operador local-doméstico","AV-TOLD-0101-00462","131172695","Dubai Alpha Tours Dominicana","Ensanche Naco","Distrito Nacional","Vencida","Inactiva","Cerrado","2022-10-19","8095423361",""
"Agencias de viajes y tour operador","Agencias de viajes, reservas y pasajes","AV-AVMI-1402-00002","110124406","Brianda Tours","Aberu, Rio San Juan","María Trinidad Sánchez","Vencida","Inactiva","Cerrado","2023-09-17","8097076096",""
"Agencias de viajes y tour operador","Agencias de viajes, reservas y pasajes","AV-AVMI-3201-00669","131801625","Virginia Travel","Ensanche Las Americas","Santo Domingo","Vencida","Inactiva","Cerrado","2022-10-19","8095985612",""
"Agencias de viajes y tour operador","Agencias de viajes, reservas y pasajes","AV-AVMI-2501-02303","131866611","Jossued Junior Travel & Consultants","Santiago - Centro Ciudad","Santiago","Incompleta","Inactiva","Abierto","","8295814630",""
"Agencias de viajes y tour operador","Agencias de viajes, reservas y pasajes y tour operador local-doméstico","AV-AITL-0101-02180","101120576","El Dorado Travel","Evaristo Morales","Distrito Nacional","Vigente","Activa","Abierto","2027-02-24","8496216666",""
"Agencias de viajes y tour operador","Agencias de viajes mayorista y tour operador local-doméstico","AV-AMTL-0101-00666","101115483","Domitur","Piantini","Distrito Nacional","Vencida","Inactiva","Cerrado","2022-10-25","8095415200",""
"Agencias de viajes y tour operador","Tour operador local-doméstico","AV-TOLD-3204-02181","131147291","Boca Chica Tours & Services","Boca Chica","Santo Domingo","Vencida","Inactiva","Cerrado","2018-11-24","",""
"Agencias de viajes y tour operador","Tour operador receptivo-emisivo","AV-TOER-0101-01914","131223451","Leopardo Tours","Ensanche Quisqueya","Distrito Nacional","Vencida","Inactiva","Cerrado","2020-09-27","8295475802",""
"Agencias de viajes y tour operador","Tour operador local-doméstico","AV-TOLD-1801-02103","105053952","Alav Tours","Playa Dorada","Puerto Plata","Vigente","Activa","Abierto","2026-05-11","8092444951",""
"Agencias de viajes y tour operador","Tour operador local-doméstico","AV-TOLD-1101-00492","130791546","Ancila Punta Cana","Punta Cana","La Altagracia","Vigente","Activa","Abierto","2027-03-21","8296297402",""
"Agencias de viajes y tour operador","Tour operador local-doméstico","AV-TOLD-2001-00594","130492409","Dario Perez Services & Travel","Las Galeras","Samaná","Vigente","Activa","Abierto","2028-02-21","8098347841",""
"Agencias de viajes y tour operador","Tour operador receptivo-emisivo","AV-TOER-1101-00232","130217815","FUN VIAJES","Bávaro","La Altagracia","Vigente","Activa","Abierto","2028-05-20","8294722968",""
"Agencias de viajes y tour operador","Agencias de viajes, reservas y pasajes y tour operador receptivo-emisivo","AV-AITE-0101-01001","101634822","ESTILO TRAVEL","Urbanización Fernandez","Distrito Nacional","Vigente","Activa","Cerrado","2026-03-25","8295458222",""
"Agencias de viajes y tour operador","Tour operador receptivo-emisivo","AV-TOER-1101-02143","131223109","Tropical Sun Tours","Playa el Cortecito","La Altagracia","Vencida","Inactiva","Cerrado","2019-10-15","8494107891",""
"Agencias de viajes y tour operador","Agencias de viajes, reservas y pasajes y tour operador receptivo-emisivo","AV-AITE-0101-00412","101526513","EMELY TOURS","Ensanche Naco","Distrito Nacional","Vigente","Activa","Abierto","2026-03-22","8095564545",""
"Agencias de viajes y tour operador","Agencias de viajes, reservas y pasajes","AV-AVMI-2506-00638","131078222","D' Adas Travel","Santiago - Centro Ciudad","Santiago","Vencida","Inactiva","Abierto","2023-09-25","8095817436",""
"Agencias de viajes y tour operador","Tour operador receptivo-emisivo","AV-TOER-0101-02332","123014971","Ideas Travel","Los Prados","Distrito Nacional","Vencida","Inactiva","Abierto","2025-08-10","8096202899",""
"Agencias de viajes y tour operador","Tour operador local-doméstico","AV-TOLD-1101-00168","131082378","J C Tours Jimenez de la Cruz","Verón","La Altagracia","Vigente","Activa","Abierto","2026-06-23","8098352522",""
"Agencias de viajes y tour operador","Tour operador receptivo-emisivo","AV-TOER-1101-02144","131280838","Altagracia Incoming Services","Bávaro","La Altagracia","Vigente","Activa","Abierto","2027-09-18","8494666001",""
"Agencias de viajes y tour operador","Agencias de viajes, reservas y pasajes","AV-AVMI-3201-00931","130727473","Angeles ST Travel","Ensanche Isabelita","Santo Domingo","Vigente","Activa","Abierto","2029-11-17","8096233184",""
"Agencias de viajes y tour operador","Tour operador local-doméstico","AV-TOER-1807-00852","105035782","Iguana Mama Tours","veragua","Espaillat","Vigente","Activa","Abierto","2028-02-09","8095710908",""
"Agencias de viajes y tour operador","Agencias de viajes, reservas y pasajes y tour operador local-doméstico","AV-AITL-0101-02138","101120576","El Dorado Travel","Los Rios","Distrito Nacional","Vencida","Inactiva","Abierto","2020-10-03","8496216666",""
"Agencias de viajes y tour operador","Agencias de viajes mayorista y tour operador receptivo-emisivo","AV-AMTL-0101-00433","101661909","Ozama Travel","Ensanche Ozama","Santo Domingo","Vigente","Activa","Abierto","2028-12-20","8095941133",""
"Agencias de viajes y tour operador","Tour operador local-doméstico","AV-TOLD-1201-02104","126000472","Quisqueya Dominican Sunland","La Romana - Centro Ciudad","La Romana","Vencida","Inactiva","Cerrado","2021-11-29","8095236868",""
"Agencias de viajes y tour operador","Agencias de viajes, reservas y pasajes","AV-AVMI-2201-00612","131563333","Trebol Travel","San Juan - Centro Ciudad","San Juan","Vencida","Inactiva","Cerrado","2021-11-29","8095576959",""
"Agencias de viajes y tour operador","Tour operador local-doméstico","AV-TOLD-1402-00585","131322222","LamRose Group","Playa Grande","María Trinidad Sánchez","Vigente","Activa","Cerrado","2027-12-27","8093384200",""
"Agencias de viajes y tour operador","Agencias de viajes, reservas y pasajes","AV-AVMI-1801-02299","101096098","Turinter","Centro-Ciudad","Puerto Plata","Vencida","Inactiva","Abierto","2017-11-20","8496864020",""
"Agencias de viajes y tour operador","Tour operador receptivo-emisivo","AV-TOER-1801-00619","101567953","Hola Tours & Travel","Playa Dorada","Puerto Plata","Vigente","Activa","Cerrado","2027-03-30","8099552727",""
"Agencias de viajes y tour operador","Agencias de viajes, reservas y pasajes","AV-AVMI-1201-00554","131740405","Andima Travel & Consulting","La Romana - Centro Ciudad","La Romana","Vencida","Inactiva","Abierto","2023-10-01","8093844239",""
"Agencias de viajes y tour operador","Agencias de viajes, reservas y pasajes","AV-AVMI-0101-00342","101709081","Agencia De Viajes Aster","Piantini","Distrito Nacional","Vencida","Inactiva","Cerrado","2021-12-19","8095412261",""
"Agencias de viajes y tour operador","Tour operador local-doméstico","AV-TOLD-1101-00495","131475312","Enjoy Life Time Vacations","San Martin de Porres","La Altagracia","Vencida","Inactiva","Cerrado","2022-08-11","8094552809",""
"Agencias de viajes y tour operador","Tour operador receptivo-emisivo","AV-TOER-1101-00551","131412629","Wingding Travel","Nazaret","La Altagracia","Vencida","Inactiva","Cerrado","2022-08-11","8298603847",""
"Agencias de viajes y tour operador","Agencias de viajes, reservas y pasajes","AV-AVMI-2501-00631","102334951","Agencia De Viajes Taveras - Jardines Metropolitanos","Santiago - Centro Ciudad","Santiago","Vigente","Activa","Abierto","2027-12-08","8095419414",""
"Agencias de viajes y tour operador","Agencias de viajes, reservas y pasajes","AV-AVMI-0101-02301","101646802","Orion Travel","Ensanche Naco","Distrito Nacional","Vencida","Inactiva","Cerrado","2020-10-06","",""
"Agencias de viajes y tour operador","Tour operador local-doméstico","AV-TOLD-1101-00501","131302602","Rico Travel","Bávaro","La Altagracia","Vigente","Activa","Cerrado","2027-09-22","8096894241",""
"Agencias de viajes y tour operador","Tour operador local-doméstico","AV-TOLD-3203-02140","101566086","Japan Travel","Villa Juana","Santo Domingo","Vencida","Inactiva","Abierto","2020-10-06","8496863232",""
"Agencias de viajes y tour operador","Agencias de viajes, reservas y pasajes","AV-AVMI-2501-00639","131067026","Dollar Travel","Santiago - Centro Ciudad","Santiago","Vigente","Activa","Abierto","2028-05-20","8095815198",""
"Agencias de viajes y tour operador","Tour operador local-doméstico","AV-TOLD-1801-00848","105039117","INTER HISPANIOLA","Las Avispas de Maimón","Puerto Plata","En proceso","Activa","Abierto","","8297905555",""
"Agencias de viajes y tour operador","Agencias de viajes mayorista y tour operador local-doméstico","AV-AMTL-1101-00949","119019364","Otium Travel","Bávaro","La Altagracia","Vencida","Inactiva","Abierto","2020-10-07","",""
"Agencias de viajes y tour operador","Tour operador local-doméstico","AV-TOLD-0101-00464","131061338","REPTOURS DOMINICANA","Ensanche Julieta","Distrito Nacional","Vigente","Activa","Abierto","2028-04-23","8096831000",""
"Agencias de viajes y tour operador","Agencias de viajes mayorista y tour operador local-doméstico","AV-AMTL-0101-00954","101667729","Edecanes Tours","El Millon","Distrito Nacional","Vencida","Inactiva","Cerrado","2013-09-15","8495493555",""
"Agencias de viajes y tour operador","Tour operador receptivo-emisivo","AV-TOER-1101-02142","131309046","Punta Cana Carpio","Punta Cana","La Altagracia","Vencida","Inactiva","Cerrado","2020-10-10","",""
"Agencias de viajes y tour operador","Tour operador receptivo-emisivo","AV-TOER-1101-02113","131461581","Link Tourism Destination Management","Costa Bávaro","La Altagracia","Vencida","Inactiva","Cerrado","2021-12-26","8095190995",""
"Agencias de viajes y tour operador","Tour operador receptivo-emisivo","AV-TOER-1101-02170","131793592","Dominican Republic Incom & Serv","Punta Cana","Distrito Nacional","Vencida","Inactiva","Cerrado","2022-11-14","8095671717",""
"Agencias de viajes y tour operador","Tour operador local-doméstico","AV-TOLD-1101-02255","130067929","Sunny C","Dominicus - Bayahibe","La Altagracia","Vencida","Inactiva","Cerrado","2017-11-26","",""
"Agencias de viajes y tour operador","Agencias de viajes, reservas y pasajes y tour operador receptivo-emisivo","AV-AITE-0101-00808","131419763","Viajes & Tours Melody","Cristo Rey","Distrito Nacional","Vencida","Inactiva","Cerrado","2022-11-14","8095442223",""
"Agencias de viajes y tour operador","Tour operador receptivo-emisivo","AV-TOER-1801-00579","101538716","GO VACATION DOMINICAN REPUBLIC BY GO CARIBIC- principal","Maripica","Puerto Plata","Vigente","Activa","Abierto","2028-03-01","8497072200",""
"Agencias de viajes y tour operador","Agencias de viajes, reservas y pasajes","AV-AVMI-2501-00647","131507956","Soluciones Taveras Infante","Santiago - Centro Ciudad","Santiago","Vigente","Activa","Abierto","2029-01-24","8096910887",""
"Agencias de viajes y tour operador","Tour operador receptivo-emisivo","AV-AMTE-1101-00484","101538716","GO VACATION DOMINICAN REPUBLIC BY GO CARIBIC- sucursal","Bávaro","La Altagracia","Vigente","Activa","Abierto","2028-03-20","8497072200",""
"Agencias de viajes y tour operador","Tour operador receptivo-emisivo","AV-TOER-1101-00485","131612148","Go Cayo Excursion & Broker","Bávaro","La Altagracia","Vigente","Activa","Cerrado","2026-05-10","8098341800",""
"Agencias de viajes y tour operador","Agencias de viajes mayorista y tour operador receptivo-emisivo","AV-AMTE-0101-00805","130256624","TRAVEL LOUNGE","Arroyo Hondo","Distrito Nacional","Vigente","Activa","Abierto","2027-02-22","8095633030",""
"Agencias de viajes y tour operador","Tour operador local-doméstico","AV-TOLD-2001-02145","131258492","Cupoftee","Las Terrenas","Samaná","Vencida","Inactiva","Cerrado","2019-11-10","",""
"Agencias de viajes y tour operador","Tour operador receptivo-emisivo","AV-TOER-3201-02298","130908486","Dominican Quest","Las Américas","Santo Domingo","Vencida","Inactiva","Cerrado","2017-12-04","8495239630",""
"Agencias de viajes y tour operador","Agencia de viajes mayorista","AV-AVMA-0101-00397","131125638","Sol Travels 2013","Arroyo Hondo III","Distrito Nacional","Vigente","Activa","Abierto","2027-07-17","8096832573",""
"Agencias de viajes y tour operador","Tour operador receptivo-emisivo","AV-TOER-2001-00604","130780112","Tour Samana With Terry","Samaná","Samaná","Vigente","Activa","Abierto","2027-03-27","8099020225",""
"Agencias de viajes y tour operador","Tour operador receptivo-emisivo","AV-TOER-1102-00527","131191215","Inversiones y Negocios Diversos Hiram","Dominicus - Bayahibe","La Altagracia","Vencida","Inactiva","Abierto","2022-11-21","8093219321",""
"Agencias de viajes y tour operador","Tour operador receptivo-emisivo","AV-TOER-1801-02250","130051313","Ocean Sands Estate","Perla Marina","Puerto Plata","Vencida","Inactiva","Abierto","2012-12-16","8495714263",""
"Agencias de viajes y tour operador","Agencias de viajes, reservas y pasajes y tour operador local-doméstico","AV-AITL-0101-00365","131515071","Paratrip","Los Prados","Distrito Nacional","Vencida","Inactiva","Abierto","2022-11-22","",""
"Agencias de viajes y tour operador","Agencias de viajes, reservas y pasajes","AV-AVMI-1301-00564","130163707","Melany Tours","La Vega - Centro Ciudad","La Vega","Vigente","Activa","Abierto","2029-02-20","8092424503",""
"Agencias de viajes y tour operador","Agencias de viajes, reservas y pasajes","AV-AVMI-0101-00368","130063992","Lorin Travel","Villa Juana","Distrito Nacional","Vencida","Inactiva","Cerrado","2023-10-24","8096874311",""
"Agencias de viajes y tour operador","Agencias de viajes mayorista y tour operador local-doméstico","AV-AMTL-0101-00956","101710284","E.T. Heinsen Tour","Malecon de Santo Domingo","Distrito Nacional","Vencida","Inactiva","Abierto","2012-12-18","",""
"Agencias de viajes y tour operador","Tour operador receptivo-emisivo","AV-TOER-1101-02147","130115028","Vacaciones Barcelo","Bávaro","La Altagracia","Incompleta","Inactiva","Abierto","","8092243747",""
"Agencias de viajes y tour operador","Agencias de viajes, reservas y pasajes","AV-AVMI-3201-00933","131018793","Better Travel","Alma Rosa II","Santo Domingo","Vencida","Inactiva","Abierto","2025-10-28","8295972494",""
"Agencias de viajes y tour operador","Agencia de viajes mayorista","AV-AVMA-0101-00401","130256624","Travel Lounge","Arroyo Hondo","Distrito Nacional","Vencida","Inactiva","Abierto","2022-11-22","8095633030",""
"Agencias de viajes y tour operador","Tour operador local-doméstico","AV-TOLD-1807-00574","131412653","Gillary Tours","El Batey","Puerto Plata","Vencida","Inactiva","Cerrado","2022-11-28","8296777714",""
"Agencias de viajes y tour operador","Agencias de viajes, reservas y pasajes","AV-AVMI-2301-00614","131720021","Sawilky Natta (SN Tour)","San Pedro - Centro Ciudad","San Pedro de Macorís","Vencida","Inactiva","Cerrado","2022-11-28","8095266794",""
"Agencias de viajes y tour operador","Tour operador receptivo-emisivo","AV-TOER-1101-00512","131771769","Caribbean Vogayer Y&A","Pueblo Bávaro","La Altagracia","Vencida","Inactiva","Cerrado","2023-10-28","8098181617",""
"Agencias de viajes y tour operador","Agencias de viajes, reservas y pasajes y tour operador receptivo-emisivo","AV-AITE-3203-00671","131840302","Camil Tours","Villa Mella","Santo Domingo","Vencida","Inactiva","Cerrado","2022-11-30","8299565149",""
"Agencias de viajes y tour operador","Agencias de viajes mayorista y tour operador receptivo-emisivo","AV-AMTE-0101-00353","130958114","ALIANA TOURS (MAYORISTA Y TO)","Bella Vista","Distrito Nacional","Vencida","Inactiva","Cerrado","2022-12-05","8094121622",""
"Agencias de viajes y tour operador","Agencias de viajes, reservas y pasajes","AV-AVMI-2501-00629","102336921","Agencia De Viajes San Antonio","Santiago - Centro Ciudad","Santiago","Vencida","Inactiva","Cerrado","2022-05-12","8095874828",""
"Agencias de viajes y tour operador","Tour operador local-doméstico","AV-TOLD-1101-02146","131387365","AQUAHOLIC BOAT TRIPS (AV)","Cap Cana","La Altagracia","Vencida","Inactiva","Cerrado","2020-11-02","8299881242",""
"Agencias de viajes y tour operador","Agencia de viajes mayorista","AV-AVMI-0101-00975","131437885","Viajes Credicomsa","Bella Vista","Distrito Nacional","Vencida","Inactiva","Cerrado","2020-11-02","8495402210",""
"Agencias de viajes y tour operador","Agencias de viajes, reservas y pasajes","AV-AVMI-1301-00560","131796729","Agencias De Viajes Belkis Tours","La Vega - Centro Ciudad","La Vega","Vigente","Activa","Abierto","2028-12-06","8095738444",""
"Agencias de viajes y tour operador","Tour operador receptivo-emisivo","AV-TOER-1101-02148","131298257","Fit Caribe Travel Services","Playas Bávaro","La Altagracia","Vencida","Inactiva","Cerrado","2019-11-30","8095676665",""
"Agencias de viajes y tour operador","Agencias de viajes, reservas y pasajes y tour operador receptivo-emisivo","AV-AITL-2501-00650","131745182","TURIVIAJES ALEXANDER","SANTIAGO RODRIGUEZ","Santiago Rodríguez","Vigente","Activa","Abierto","2028-10-29","8095802686",""
"Agencias de viajes y tour operador","Agencias de viajes, reservas y pasajes","AV-AVMI-0101-02292","130649839","Viajes Vip","Zona Universitaria","Distrito Nacional","Vencida","Inactiva","Abierto","2013-11-23","8095339757",""
"Agencias de viajes y tour operador","Tour operador receptivo-emisivo","AV-TOER-1101-01915","131391052","Ambar Tours and Services","El Cortecito","La Altagracia","Vencida","Inactiva","Cerrado","2020-11-03","8094372614",""
"Agencias de viajes y tour operador","Tour operador local-doméstico","AV-TOLD-1101-00809","131988865","Coco Holiday","Punta Cana","La Altagracia","Vencida","Inactiva","Cerrado","2023-11-05","8296489799",""
"Agencias de viajes y tour operador","Tour operador receptivo-emisivo","AV-TOER-0101-00472","131247253","JYL Consultores, Turismo y Eventos","Gazcue","Distrito Nacional","Vigente","Activa","Abierto","2028-01-04","8096890990",""
"Agencias de viajes y tour operador","Tour operador local-doméstico","AV-TOLD-2301-02228","111125088","Faenza Tours","Juan Dolio","San Pedro de Macorís","Vencida","Inactiva","Abierto","2019-12-03","8095261713",""
"Agencias de viajes y tour operador","Tour operador local-doméstico","AV-TOLD-1101-02105","130950891","El Tour Caribe EARB (TO)","Dominicus - Bayahibe","La Altagracia","Vigente","Activa","Abierto","2027-01-16","8092516543",""
"Agencias de viajes y tour operador","Tour operador receptivo-emisivo","AV-TOER-1102-00040","130708584","Ryanna Sun","Dominicus - Bayahibe","La Altagracia","Vigente","Activa","Abierto","2029-12-23","8296556730",""
"Agencias de viajes y tour operador","Agencias de viajes, reservas y pasajes","AV-AVMI-0101-00362","130641072","Agencia De Viajes Pat","Bella Vista","Distrito Nacional","Vigente","Activa","Abierto","2029-08-01","8095321527",""
"Agencias de viajes y tour operador","Tour operador receptivo-emisivo","AV-TOER-1101-02151","130817006","TRAVEL AGENCY AND TOUR OPERATOR SERVICES PALM BEACH- TATOS PALM BEACH","Punta Cana","La Altagracia","Vigente","Activa","Cerrado","2027-06-15","8299102398",""
"Agencias de viajes y tour operador","Tour operador local-doméstico","AV-TOLD-1801-02106","105054094","Dulce Tierra De Aventuras","Costa Dorada","Puerto Plata","Vigente","Activa","Abierto","2027-09-11","8095866932",""
"Agencias de viajes y tour operador","Tour operador local-doméstico","AV-TOLD-1801-02118","130193819","Eric Tours International","Playa el Batey","Puerto Plata","Vigente","Activa","Abierto","2028-03-14","8095712143",""
"Agencias de viajes y tour operador","Agencias de viajes, reservas y pasajes","AV-AVMI-0101-00806","131866514","Pure Dominican Vacations","Bella Vista","Distrito Nacional","Vencida","Inactiva","Cerrado","2023-11-18","",""
"Agencias de viajes y tour operador","Tour operador receptivo-emisivo","AV-TOER-3204-00679","131762913","Nueva Era Truck Safary","Los Jardines","Santo Domingo","Vencida","Inactiva","Cerrado","2022-12-28","8097740705",""
"Agencias de viajes y tour operador","Tour operador local-doméstico","AV-TOLD-1101-02124","131021433","Triple Tree","Punta Cana","La Altagracia","Vencida","Inactiva","Abierto","2023-11-20","8095631273",""
"Agencias de viajes y tour operador","Agencia de viajes mayorista","AV-AVMA-3201-00659","131385281","NS Servicios Turisticos","Ramón Matías Mella","Santo Domingo","Vigente","Activa","Abierto","2028-06-06","8092211800",""
"Agencias de viajes y tour operador","Agencias de viajes, reservas y pasajes","AV-AVMI-3201-00667","131285351","Sergemma Travel","Invivienda","Santo Domingo","Vigente","Activa","Abierto","2029-01-13","8097288388",""
"Agencias de viajes y tour operador","Tour operador receptivo-emisivo","AV-TOER-1101-00536","131663842","Punta Cana Experiences Neft GA","Bávaro","La Altagracia","Vigente","Activa","Abierto","2028-01-25","8093628539",""
"Agencias de viajes y tour operador","Tour operador local-doméstico","AV-TOLD-2001-02152","130566739","Cultourall","Samaná - Centro Ciudad","Samaná","Vencida","Inactiva","Cerrado","2020-11-22","",""
"Agencias de viajes y tour operador","Tour operador local-doméstico","AV-TOLD-1801-02116","105087294","Viajes Baldemora","Los Ciruelos","Puerto Plata","Vencida","Inactiva","Abierto","2023-11-26","8095740202",""
"Agencias de viajes y tour operador","Agencias de viajes, reservas y pasajes y tour operador receptivo-emisivo","AV-AITE-0101-00068","130864993","DOMINICAN EXPERT,  DMC","Zona Colonial","Distrito Nacional","Vigente","Activa","Abierto","2026-08-18","8293566727",""
"Agencias de viajes y tour operador","Tour operador receptivo-emisivo","AV-TOER-0101-02153","101710764","Ameropa","Ensanche Paraiso","Distrito Nacional","Vigente","Activa","Abierto","2028-05-17","8093851515",""
"Agencias de viajes y tour operador","Tour operador receptivo-emisivo","AV-TOER-0101-00591","101549114","Agencia De Viajes Milena Tours (TO)","Ensanche Julieta","Distrito Nacional","Vencida","Inactiva","Abierto","2023-12-03","8095666076",""
"Agencias de viajes y tour operador","Agencias de viajes, reservas y pasajes y tour operador receptivo-emisivo","AV-AITE-3202-02194","130348871","AD VISION TOURS","Herrera","Santo Domingo","Vigente","Activa","Abierto","2028-12-06","8495605495",""
"Agencias de viajes y tour operador","Tour operador local-doméstico","AV-TOLD-1801-02123","131846394","MEGA ADVENTURES","Puerto plata","Puerto Plata","Vigente","Activa","Abierto","2028-07-22","8095863611",""
"Agencias de viajes y tour operador","Tour operador receptivo-emisivo","AV-TOER-1101-00517","131907652","Elohim Caribbean Sun Tours and Travel","Bávaro","La Altagracia","Vigente","Activa","Abierto","2029-04-23","8295596068",""
"Agencias de viajes y tour operador","Tour operador local-doméstico","AV-TOLD-1101-02195","130566739","Cultourall","Bávaro","La Altagracia","Vencida","Inactiva","Cerrado","2020-12-13","8495520141",""
"Agencias de viajes y tour operador","Tour operador receptivo-emisivo","AV-TOER-1101-00531","131177018","MC Travel & Tours","Pueblo Bávaro","La Altagracia","Vencida","Inactiva","Abierto","2023-03-12","8094801095",""
"Agencias de viajes y tour operador","Agencias de viajes, reservas y pasajes","AV-AVMI-3201-02196","131467182","Gerome Tours Multiservices","Alma Rosa II","Santo Domingo","Vencida","Inactiva","Cerrado","2020-12-13","",""
"Agencias de viajes y tour operador","Tour operador receptivo-emisivo","AV-TOER-0101-02197","130504725","Domrep Tours AG","Zona Colonial","Distrito Nacional","Vencida","Inactiva","Cerrado","2019-12-28","",""
"Agencias de viajes y tour operador","Agencias de viajes, reservas y pasajes y tour operador receptivo-emisivo","AV-AITE-0101-00450","131086683","Viajes Admirables Marielis","Mirador Norte","Distrito Nacional","Vencida","Inactiva","Abierto","2023-12-12","",""
"Agencias de viajes y tour operador","Tour operador receptivo-emisivo","AV-TOER-0101-01901","130592756","Viajes El Corte Ingles","Piantini","Distrito Nacional","Vencida","Inactiva","Cerrado","2019-12-28","8096333030",""
"Agencias de viajes y tour operador","Tour operador receptivo-emisivo","AV-TOER-1201-01918","101666668","Tui Dominicana","La Romana - Centro Ciudad","La Romana","Vencida","Inactiva","Cerrado","2019-12-30","8494687100",""
"Agencias de viajes y tour operador","Tour operador local-doméstico","AV-TOLD-1102-00940","131199976","Dominican Emotion","Dominicus - Bayahibe","La Altagracia","Vigente","Activa","Abierto","2030-01-28","8297519395",""
"Agencias de viajes y tour operador","Tour operador receptivo-emisivo","AV-TOER-0101-02199","101788976","Beras Express","El Millón","Distrito Nacional","Vencida","Inactiva","Cerrado","2019-12-30","8095301226",""
"Agencias de viajes y tour operador","Tour operador receptivo-emisivo","AV-TOER-1101-00157","105039542","COMING2 DOMINICANA","Macao","La Altagracia","Vencida","Inactiva","Cerrado","2025-09-13","8294215837",""
"Agencias de viajes y tour operador","Agencias de viajes, reservas y pasajes","AV-AVMI-3201-02200","131152791","Solei Tours And Travel","Los Trinitarios","Santo Domingo","Vencida","Inactiva","Cerrado","2019-12-30","",""
"Agencias de viajes y tour operador","Tour operador receptivo-emisivo","AV-TOER-3201-01902","130611629","Zeus Tours","Villa Carmen","Santo Domingo","Vencida","Inactiva","Cerrado","1995-11-19","8095958608",""
"Agencias de viajes y tour operador","Tour operador local-doméstico","AV-TOLD-0101-00860","130894019","Pa' Goza Tours PG","El Claret","Distrito Nacional","Vigente","Activa","Abierto","2027-02-15","8092244524",""
"Agencias de viajes y tour operador","Tour operador receptivo-emisivo","AV-TOER-1101-01890","101632992","Welcome Incoming Services Wis","Cabeza de Toro","La Altagracia","Vencida","Inactiva","Cerrado","2019-12-30","8095634848",""
"Agencias de viajes y tour operador","Tour operador receptivo-emisivo","AV-TOER-0101-00163","101708883","EXPLORE CARIBBEAN DOMINICANA EXCAR","ZONA COLONIAL","Distrito Nacional","Vigente","Activa","Abierto","2028-06-14","8094726589",""
"Agencias de viajes y tour operador","Tour operador local-doméstico","AV-TOLD-2003-00150","130086672","CASA DE LAS TERRENAS","Las Terrenas","Samaná","Vigente","Activa","Abierto","2029-05-30","8092406251",""
"Agencias de viajes y tour operador","Tour operador receptivo-emisivo","AV-TOER-1801-01896","131292585","Tui Dominicana (Sucursal)","Jardines del Atlantico","Puerto Plata","Vigente","Activa","Abierto","2026-12-16","8095526085",""
"Agencias de viajes y tour operador","Agencias de viajes, reservas y pasajes","AV-AVMI-0101-00144","131093841","Somewhere Travel SWT","Arroyo Hondo","Distrito Nacional","Vencida","Inactiva","Cerrado","2025-05-25","8094229972",""
"Agencias de viajes y tour operador","Tour operador receptivo-emisivo","AV-TOER-1201-02860","132379098","DOMINICAN EXCURSIONS-D &V","Las Piedras","La Romana","Vigente","Activa","Abierto","2026-06-14","8496364308",""
"Agencias de viajes y tour operador","Agencias de viajes mayorista y tour operador local-doméstico","AV-AITL-3002-02559","132041984","YVG TOURS","Sabana de la Mar","Hato Mayor","Sin licencia","En formación","Cerrado","","8097054984",""
"Agencias de viajes y tour operador","Agencias de viajes, reservas y pasajes","AV-AVMI-3201-02560","131801056","CULTURA DE VIAJE","Alma Rosa I","Santo Domingo","Vencida","Inactiva","Abierto","2026-02-21","8492080279",""
"Agencias de viajes y tour operador","Tour operador receptivo-emisivo","AV-TOER-2003-02561","132081528","OBISPO MAR AEREO TIERRA TOURS","Las Terrenas","Distrito Nacional","Sin licencia","En formación","Abierto","","8299135825",""
"Agencias de viajes y tour operador","Agencias de viajes, reservas y pasajes","AV-AVMI-2501-02307","130100225","AGENCIA DE VIAJES LI CHENG","Santiago - Centro Ciudad","Santiago","Vencida","Inactiva","Cerrado","2024-10-27","8093362422",""
"Agencias de viajes y tour operador","Agencia de viajes mayorista","AV-AVMA-0101-02568","123014971","IDEAS TRAVEL","Los Prados","Distrito Nacional","Vigente","Activa","Abierto","2026-09-15","8094774200",""
"Agencias de viajes y tour operador","Agencias de viajes, reservas y pasajes y tour operador local-doméstico","AV-AITL-2501-02582","130963118","EXCURSIONES UREÑA","Santiago - Centro Ciudad","Santiago","Vencida","Inactiva","Cerrado","2017-05-03","8097815257",""
"Agencias de viajes y tour operador","Tour operador local-doméstico","AV-TOLD-0101-02583","132291034","ECOTOUR LARIMAR SOUTH RD","Mirador Norte","Distrito Nacional","Vencida","Inactiva","Cerrado","2026-01-31","8298799913",""
"Agencias de viajes y tour operador","Agencias de viajes mayorista y tour operador receptivo-emisivo","AV-AMTE-3204-02584","132061543","SATGURU TRAVEL & TOUR SERVICES","Piantini","Distrito Nacional","Sin licencia","En formación","Cerrado","","8296635253",""
"Agencias de viajes y tour operador","Tour operador local-doméstico","AV-TOLD-1101-02585","130564868","GRUPO GALERAS","Bávaro","La Altagracia","Sin licencia","En formación","Cerrado","","8297170239",""
"Agencias de viajes y tour operador","Agencias de viajes mayorista y tour operador receptivo-emisivo","AV-AMTE-1101-02587","132389883","MANUELLATRAVELTOUR","Punta Cana","La Altagracia","Sin licencia","En formación","Abierto","","8297124780",""
"Agencias de viajes y tour operador","Tour operador receptivo-emisivo","AV-TOER-1404-02588","131123988","INVERSIONES TURISTICAS M.T.S","Punta Cana","La Altagracia","Sin licencia","En formación","Cerrado","","8297124780",""
"Agencias de viajes y tour operador","Tour operador receptivo-emisivo","AV-TOER-0101-02589","130319642","CARIBBEAN TOURS DOMINICANA AG","Zona Colonial","Distrito Nacional","Vencida","Inactiva","Abierto","2026-02-28","8492120474",""
"Agencias de viajes y tour operador","Tour operador local-doméstico","AV-TOLD-1801-02590","132416562","SWEET PALM TOURS","Urbanización los Maestros","Puerto Plata","Vencida","Inactiva","Cerrado","","8295729667",""
"Agencias de viajes y tour operador","Tour operador receptivo-emisivo","AV-TOER-1101-02594","131919138","TRANSFER RENTAL, SYJ","Punta Cana","La Altagracia","Sin licencia","En formación","Abierto","","8092522731",""
"Agencias de viajes y tour operador","Agencias de viajes, reservas y pasajes y tour operador receptivo-emisivo","AV-AITE-0101-02602","101566078","SERVICES TRAVEL","Bella Vista","Distrito Nacional","Vigente","Activa","Abierto","2030-01-27","8097070410",""
"Agencias de viajes y tour operador","Tour operador receptivo-emisivo","AV-TOER-1101-02604","131365035","WISE VACATIONS","Bávaro","La Altagracia","Sin licencia","En formación","Abierto","","8292594888",""
"Agencias de viajes y tour operador","Agencias de viajes, reservas y pasajes","AV-AVMI-3204-02605","131979823","ABIDEB SOLUCIONES","Campo Lindo","Distrito Nacional","Vigente","Activa","Cerrado","2027-03-29","8297124780",""
"Agencias de viajes y tour operador","Agencias de viajes, reservas y pasajes","AV-AVMI-3202-02607","132350707","CHOCOLET TRAVEL AND TOUR","Herrera","Santo Domingo","Sin licencia","En formación","Cerrado","","8099104860",""
"Agencias de viajes y tour operador","Agencias de viajes, reservas y pasajes","AV-AVMI-2501-02610","03101643918","AGENCIA DE VIAJES PAYAMPS","Santiago - Centro Ciudad","Santiago","Sin licencia","En formación","Cerrado","","8094811278",""
"Agencias de viajes y tour operador","Tour operador receptivo-emisivo","AV-TOER-1201-02614","131916491","AVENTURADO JD TRAVEL","La Romana - Centro Ciudad","La Romana","Vigente","Activa","Cerrado","2026-05-04","8094397422",""
"Agencias de viajes y tour operador","Agencias de viajes, reservas y pasajes","AV-AVMI-2801-02616","132423089","CELE TRAVEL","Bonao","Monseñor Nouel","Vencida","Inactiva","Cerrado","2025-12-22","8098046966",""
"Agencias de viajes y tour operador","Tour operador local-doméstico","AV-TOER-0101-02621","123014422","TRAVEL SOLUTIONS","Ensanche Naco","Distrito Nacional","Vigente","Activa","Abierto","2026-07-08","8498162247",""
"Agencias de viajes y tour operador","Agencias de viajes, reservas y pasajes","AV-AVMI-0101-02642","131382322","KIMBERLY TOURS","Altos de Arroyo Hondo","Distrito Nacional","Sin licencia","En formación","Cerrado","","8299394977",""
"Agencias de viajes y tour operador","Tour operador local-doméstico","AV-TOLD-1102-02647","131777163","PAC TOURS EXCURSIONS","Dominicus - Bayahibe","La Altagracia","Sin licencia","En formación","Cerrado","","8296162263",""
"Agencias de viajes y tour operador","Agencias de viajes, reservas y pasajes","AV-AVMI-3101-02649","131850261","TRAVEL OCOA","Pueblo Arriba","San José de Ocoa","Sin licencia","En formación","Abierto","","8097385794",""
"Agencias de viajes y tour operador","Tour operador local-doméstico","AV-TOLD-1801-02650","132406249","ROTHIS TOURS RD","La Estancia","Puerto Plata","Vigente","Activa","Cerrado","2026-04-12","8093300326",""
"Agencias de viajes y tour operador","Tour operador receptivo-emisivo","AV-TOER-0802-02572","132320751","SERENIAM VIP TOURS","Sabana de Nisibon","El Seibo","Vigente","Activa","Cerrado","2027-02-23","8299441521",""
"Agencias de viajes y tour operador","Tour operador local-doméstico","AV-TOLD-1102-02573","132373286","LOS PITUFOS MULTI SERVICES","Dominicus - Bayahibe","La Altagracia","Vencida","Inactiva","Cerrado","2026-01-31","8093047717",""
"Agencias de viajes y tour operador","Agencias de viajes, reservas y pasajes","AV-AVMI-2101-02574","101096098","TURINTER (SAN CRISTOBAL)","San Cristonbal - Centro Ciudad","Distrito Nacional","Vencida","Inactiva","Abierto","2026-02-28","8096864020",""
"Agencias de viajes y tour operador","Agencias de viajes, reservas y pasajes","AV-AVMI-0101-02655","131498027","DIAL TOURS & TRAVEL","Jardines del Norte","Distrito Nacional","Sin licencia","En formación","Cerrado","","8096605993",""
"Agencias de viajes y tour operador","Agencias de viajes, reservas y pasajes","AV-AVMI-0101-02657","132406265","VIAJAO","El Millón","Distrito Nacional","Sin licencia","En formación","Cerrado","","8099045602",""
"Agencias de viajes y tour operador","Tour operador local-doméstico","AV-TOLD-1807-02659","131809278","INVERSIONES AMGMT","Sosúa","Puerto Plata","Vigente","Activa","Abierto","2028-01-24","8099707099",""
"Agencias de viajes y tour operador","Tour operador local-doméstico","AV-TOLD-3203-02660","132337247","TRIPEATE LA ISLA","Villa Mella","Santo Domingo","Vigente","Activa","Cerrado","2026-03-08","8099815711",""
"Agencias de viajes y tour operador","Tour operador receptivo-emisivo","AV-AMTE-1301-02666","131526772","TEAM TOURS SUAREZ FERNANDEZ","La Vega - Centro Ciudad","La Vega","Vigente","Activa","Abierto","2029-07-09","8298846059",""
"Agencias de viajes y tour operador","Agencias de viajes, reservas y pasajes","AV-AVMI-0101-00964","131580475","Euroamerica Travel Group","Evaristo Morales","Distrito Nacional","Sin licencia","En formación","Abierto","","",""
"Agencias de viajes y tour operador","Agencias de viajes, reservas y pasajes","AV-AVMI-0101-00965","131990551","International Travels Agency V&R","Ensanche Quisqueya","Distrito Nacional","Sin licencia","En formación","Cerrado","","",""
"Agencias de viajes y tour operador","Agencias de viajes, reservas y pasajes","AV-AVMI-0101-00966","132042964","Netty's Tours &Travel","Los Prados","Distrito Nacional","Sin licencia","En formación","Cerrado","","",""
"Agencias de viajes y tour operador","Agencias de viajes, reservas y pasajes","AV-AVMI-3201-00985","130360197","Sopla Tours and Travels","Los Frailes II","Santo Domingo","Sin licencia","En formación","Cerrado","","",""
"Agencias de viajes y tour operador","Tour operador local-doméstico","AV-TOLD-0101-01857","132001567","TOURBALL","El Millón","Distrito Nacional","Sin licencia","En formación","Cerrado","","",""
"Agencias de viajes y tour operador","Agencias de viajes, reservas y pasajes","AV-TOLD-0101-01860","131963749","TURBINA TRAVEL","Los Frailes","Santo Domingo","Vigente","Activa","Cerrado","2029-05-27","8095081786",""
"Agencias de viajes y tour operador","Tour operador local-doméstico","AV-TOLD-1807-01864","131952862","Sosúa Bravo Tours","Sosúa","Puerto Plata","Vigente","Activa","Abierto","2026-07-05","",""
"Agencias de viajes y tour operador","Tour operador receptivo-emisivo","AV-TOER-1101-01882","132004353","Neocaribe","Bayahibe","La Altagracia","Sin licencia","En formación","Cerrado","","",""
"Agencias de viajes y tour operador","Tour operador receptivo-emisivo","AV-TOER-0101-01892","130867208","PT Vacations","Bella Vista","Distrito Nacional","Sin licencia","En formación","Cerrado","","",""
"Agencias de viajes y tour operador","Agencias de viajes, reservas y pasajes y tour operador receptivo-emisivo","AV-AITE-0101-01007","101147733","Viajes Bohio","Gazcue","Distrito Nacional","Vencida","Inactiva","Abierto","2015-07-06","",""
"Agencias de viajes y tour operador","Tour operador receptivo-emisivo","AV-TOER-1101-01884","131292216","Plus Travel Services","Punta Cana","La Altagracia","Vencida","Inactiva","Cerrado","2020-04-29","",""
"Agencias de viajes y tour operador","Tour operador receptivo-emisivo","AV-TOER-1101-01900","131049508","Better Place To G o","Los Manantiales","La Altagracia","Vencida","Inactiva","Cerrado","2018-01-08","8092286547",""
"Agencias de viajes y tour operador","Tiempo compartido","AV-TICO-0101-01550","101834641","Servicios Royal","Piantini","Distrito Nacional","Vencida","Inactiva","Cerrado","2003-06-19","",""
"Agencias de viajes y tour operador","Agencias de viajes mayorista y tour operador local-doméstico","AV-AMTL-0101-02271","124031737","Isadora Travel","MIrador Sur","Distrito Nacional","Vencida","Inactiva","Cerrado","1995-09-26","",""
"Agencias de viajes y tour operador","Agencias de viajes, reservas y pasajes","AV-AVMI-2501-02291","130291332","De Lara Cabrera Merengue Multiservices","Santiago - Centro Ciudad","Santiago","Vencida","Inactiva","Cerrado","2014-03-23","",""
"Agencias de viajes y tour operador","Agencias de viajes, reservas y pasajes y tour operador receptivo-emisivo","AV-AITE-1101-02290","130599556","Turismo Plus","El Cortecito","La Altagracia","Vencida","Inactiva","Cerrado","2014-02-22","",""
"Agencias de viajes y tour operador","Agencias de viajes, reservas y pasajes","AV-AVMI-0501-02190","130707391","Agencia De Viajes Lizmar","Dajabòn - Centro Ciudad","Dajabón","Vencida","Inactiva","Cerrado","2019-02-02","",""
"Agencias de viajes y tour operador","Tour operador local-doméstico","AV-TOLD-1801-02191","131305903","Atlantic Tours -  ATTURS","Los Trinitarios","Puerto Plata","Vencida","Inactiva","Cerrado","2021-01-02","",""
"Agencias de viajes y tour operador","Tour operador local-doméstico","AV-TOLD-0101-02258","130806055","Rei Travels","Ensanche Naco","Distrito Nacional","Vencida","Inactiva","Cerrado","2017-03-25","",""
"Agencias de viajes y tour operador","Tour operador receptivo-emisivo","AV-TOER-1101-02257","130274916","Villa Polonia Tours","Punta Cana","La Altagracia","Vencida","Inactiva","Cerrado","2017-04-15","",""
"Agencias de viajes y tour operador","Agencias de viajes, reservas y pasajes","AV-AVMI-2501-00983","130347328","Agencia de Viajes Espinal Rodriguez","Santiago - Centro Ciudad","Distrito Nacional","Vencida","Inactiva","Abierto","2018-03-03","",""
"Agencias de viajes y tour operador","Agencias de viajes, reservas y pasajes","AV-AVMI-0601-02289","05600990021","Marien Sanchez Travel","San Francisco - Centro Ciudad","Duarte","Vencida","Inactiva","Cerrado","2014-06-11","",""
"Agencias de viajes y tour operador","Agencias de viajes, reservas y pasajes","AV-AVMI-0101-02202","130937184","Viajes Navarro","Villa Mella","Distrito Nacional","Vencida","Inactiva","Cerrado","2018-03-03","",""
"Agencias de viajes y tour operador","Tour operador receptivo-emisivo","AV-TOER-1101-02248","130410242","Turiadventure","San Martin de Porres","La Altagracia","Vencida","Inactiva","Cerrado","2015-04-14","",""
"Agencias de viajes y tour operador","Tour operador receptivo-emisivo","AV-TOER-1101-02204","130913145","Saona D'elite X & X","Bayahibe","La Altagracia","Vencida","Inactiva","Cerrado","2019-03-23","",""
"Agencias de viajes y tour operador","Agencias de viajes, reservas y pasajes y tour operador receptivo-emisivo","AV-AITE-0101-02286","101087102","Avisa","La Julia","Distrito Nacional","Vencida","Inactiva","Cerrado","2015-06-02","",""
"Agencias de viajes y tour operador","Tour operador local-doméstico","AV-TOLD-1201-02285","130755124","Top Adventure","Casa de Campo","La Romana","Vencida","Inactiva","Cerrado","2015-07-01","",""
"Agencias de viajes y tour operador","Agencias de viajes, reservas y pasajes","AV-AVMI-2501-00997","130170142","M & C Expreso Tours","Santiago - Centro Ciudad","Santiago","Vencida","Inactiva","Abierto","2016-05-24","",""
"Agencias de viajes y tour operador","Agencias de viajes, reservas y pasajes","AV-AVMI-0101-02302","130862893","Domven","La Esperilla","Distrito Nacional","Vencida","Inactiva","Cerrado","2020-05-17","",""
"Agencias de viajes y tour operador","Agencias de viajes, reservas y pasajes","AV-AVMI-0601-02300","130967504","Nicaury Monegro Travel","San Francisco - Centro Ciudad","Duarte","Vencida","Inactiva","Cerrado","2017-06-21","",""
"Agencias de viajes y tour operador","Agencias de viajes, reservas y pasajes y tour operador receptivo-emisivo","AV-AITE-0101-02155","101592273","Zeppelin Tours","Gazcue","Distrito Nacional","Vencida","Inactiva","Cerrado","2019-05-28","",""
"Agencias de viajes y tour operador","Tour operador local-doméstico","AV-TOLD-1101-02156","105054094","Dulce Tierra De Aventuras- SUCURSAL","Verón","La Altagracia","Vigente","Activa","Abierto","2028-01-04","8094402570",""
"Agencias de viajes y tour operador","Tour operador receptivo-emisivo","AV-TOER-1101-02251","131140051","Tod Vacation","Bávaro","La Altagracia","Vencida","Inactiva","Cerrado","2019-06-03","",""
"Agencias de viajes y tour operador","Agencias de viajes, reservas y pasajes y tour operador receptivo-emisivo","AV-AITE-1101-02282","130739439","Turytrip","Bávaro","La Altagracia","Vencida","Inactiva","Cerrado","2015-11-11","",""
"Agencias de viajes y tour operador","Tour operador receptivo-emisivo","AV-TOER-1101-02159","131119311","Tours Cefore Fun Dive","Bávaro","La Altagracia","Vencida","Inactiva","Cerrado","2020-06-13","",""
"Agencias de viajes y tour operador","Tour operador receptivo-emisivo","AV-TOER-0101-02160","101674687","Caribbean Tourist Services","Zona Universitaria","Distrito Nacional","Vencida","Inactiva","Cerrado","2018-06-16","",""
"Agencias de viajes y tour operador","Tour operador receptivo-emisivo","AV-TOER-1101-02495","101718102","Quepe Tours","Dominicus - Bayahibe","La Altagracia","Vencida","Inactiva","Abierto","2017-07-23","",""
"Agencias de viajes y tour operador","Tour operador local-doméstico","AV-TOLD-1801-02162","131201725","Chukka Caribbean Adventure","Playa Dorada","Puerto Plata","Vencida","Inactiva","Cerrado","2019-06-24","",""
"Agencias de viajes y tour operador","Tour operador local-doméstico","AV-TOLD-1101-02254","131097512","Russkiy Excursion Shop","Los Corales","La Altagracia","Vencida","Inactiva","Cerrado","2018-08-14","",""
"Agencias de viajes y tour operador","Tour operador receptivo-emisivo","AV-TOER-1101-02237","130790762","Ok Voyage Tours And Travel","Dominicus - Bayahibe","La Altagracia","Vencida","Inactiva","Cerrado","2015-12-22","",""
"Agencias de viajes y tour operador","Tour operador receptivo-emisivo","AV-TOER-1101-02252","130835195","Yacht Charter Dr St Nicholas","El Cortecito","La Altagracia","Vencida","Inactiva","Cerrado","2018-08-26","",""
"Agencias de viajes y tour operador","Tour operador receptivo-emisivo","AV-TOER-1101-02166","130139156","Ninfa Tour","Punta Cana","La Altagracia","Vencida","Inactiva","Cerrado","2019-10-05","",""
"Agencias de viajes y tour operador","Agencias de viajes, reservas y pasajes y tour operador local-doméstico","AV-AITL-0101-02167","130900868","Caribbean Paradise Golf Tour","Piantini","Distrito Nacional","Vencida","Inactiva","Cerrado","2019-12-08","",""
"Agencias de viajes y tour operador","Agencias de viajes, reservas y pasajes","AV-AVMI-3202-00981","130841608","M & W Travel","Manresa","Santo Domingo","Vencida","Inactiva","Cerrado","2016-12-03","",""
"Agencias de viajes y tour operador","Tour operador local-doméstico","AV-TOLD-1807-02234","102311625","Alfonsina Tours","Cabarete","Puerto Plata","Vencida","Inactiva","Cerrado","2018-10-23","",""
"Agencias de viajes y tour operador","Tour operador receptivo-emisivo","AV-TOER-1101-01899","131292585","Tui Dominicana (Principal)","Punta Cana","La Altagracia","Vigente","Activa","Abierto","2027-01-20","",""
"Agencias de viajes y tour operador","Tour operador receptivo-emisivo","AV-TOER-1101-02178","130419371","Tropical Discovery","Verón","La Altagracia","Vencida","Inactiva","Cerrado","2020-09-26","",""
"Agencias de viajes y tour operador","Agencias de viajes, reservas y pasajes","AV-AVMI-1301-02294","130359954","La Vega Real Tours","La Vega - Centro Ciudad","La Vega","Vencida","Inactiva","Cerrado","2013-09-07","",""
"Agencias de viajes y tour operador","Tour operador receptivo-emisivo","AV-TOER-1807-01903","105082942","Mel Tour (Sucursal)","El Batey","Puerto Plata","Vencida","Inactiva","Cerrado","2015-02-22","",""
"Agencias de viajes y tour operador","Tiempo compartido","AV-TICO-1101-01551","130037795","Puerto La Cruz Comercial","Punta Cana","La Altagracia","Vencida","Inactiva","Abierto","2019-12-10","",""
"Agencias de viajes y tour operador","Agencias de viajes, reservas y pasajes","AV-AVMI-2501-02293","130533571","Universal Tours & Travel","Santiago - Centro Ciudad","Santiago","Vencida","Inactiva","Cerrado","2013-11-12","",""
"Agencias de viajes y tour operador","Tiempo compartido","AV-TICO-1101-01549","131623751","Infinity Vacations Dominicana","Bávaro","La Altagracia","Vencida","Inactiva","Abierto","2019-12-28","",""
"Agencias de viajes y tour operador","Agencias de viajes, reservas y pasajes","AV-AVMI-2501-02316","130454159","Carmen Tavarez Agencia De Viajes Y Servicios","Santiago - Centro Ciudad","Santiago","Vigente","Activa","Abierto","2028-12-16","8095432341",""
"Agencias de viajes y tour operador","Tour operador local-doméstico","AV-TOLD-0101-02150","131104754","Servi eventos Geno Tours Operador","La Julia","Distrito Nacional","Vencida","Inactiva","Cerrado","2019-12-03","",""
"Agencias de viajes y tour operador","Tour operador local-doméstico","AV-TOLD-1101-02193","131265553","Dominican Trans A&T","Friusa","La Altagracia","Vencida","Inactiva","Abierto","2019-12-18","",""
"Agencias de viajes y tour operador","Tour operador local-doméstico","AV-TOLD-1801-02198","131450271","Robles Vasquez Tours & Transfer","Puerto Plata - Centro Ciudad","Puerto Plata","Vigente","Activa","Abierto","2026-05-13","",""
"Agencias de viajes y tour operador","Tour operador local-doméstico","AV-TOLD-1101-00910","131495893","PINK CAT PUNTA CANA","El Cortecito","La Altagracia","Sin licencia","En formación","Abierto","","",""
"Agencias de viajes y tour operador","Tour operador local-doméstico","AV-TOLD-1101-02512","101167203","PROMOTORA DOMINICANA DEL CARIBE","Dominicus - Bayahibe","La Altagracia","Sin licencia","En formación","Abierto","","8095626001",""
"Agencias de viajes y tour operador","Agencias de viajes, reservas y pasajes y tour operador receptivo-emisivo","AV-AITE-1807-02679","132098285","BONVIDO SRL","Puerto Plata - Centro Ciudad","Puerto Plata","Sin licencia","En formación","Abierto","","8097541919",""
"Agencias de viajes y tour operador","Agencias de viajes, reservas y pasajes y tour operador local-doméstico","AV-AITL-1101-02683","132423801","DARIEL TRAVEL","Los Corales","La Altagracia","Sin licencia","En formación","Cerrado","","8094435354",""
"Agencias de viajes y tour operador","Agencias de viajes, reservas y pasajes","AV-AVMI-0101-02691","132094222","JOYRIDE TOURS","Piantini","Distrito Nacional","Sin licencia","En formación","Cerrado","","8095408002",""
"Agencias de viajes y tour operador","Tour operador receptivo-emisivo","AV-TOER-1807-02679","132098285","BONVIDO SRL","Puerto Plata - Centro Ciudad","Puerto Plata","Sin licencia","En formación","Abierto","","8097541919",""
"Agencias de viajes y tour operador","Tour operador receptivo-emisivo","AV-TOER-1101-02694","131674356","OVOLY","Punta Cana Village","La Altagracia","Vigente","Activa","Abierto","2026-06-21","8292103305",""
"Agencias de viajes y tour operador","Agencias de viajes, reservas y pasajes","AV-AVMI-2401-02696","132267771","KARENT TRAVEL SRL","Cotuí - Centro Ciudad","Sánchez Ramírez","Vigente","Activa","Abierto","2026-06-07","8092409111",""
"Agencias de viajes y tour operador","Agencias de viajes, reservas y pasajes y tour operador local-doméstico","AV-AITL-2501-02698","132382226","OUTDOORS WENSA","Santiago - Centro Ciudad","Santiago","Vigente","Activa","Abierto","2027-01-16","8095437152",""
"Agencias de viajes y tour operador","Tour operador local-doméstico","AV-TOLD-1102-02699","132448251","KYMERA DR","Dominicus - Bayahibe","La Altagracia","Vigente","Activa","Cerrado","2026-11-01","8298920989",""
"Agencias de viajes y tour operador","Tour operador local-doméstico","AV-TOLD-1801-02704","132280733","EDWIN TRANSFERS TOURS DR, EDTRAT","Puerto Plata - Centro Ciudad","Puerto Plata","Vigente","Activa","Abierto","2027-10-16","8096606624",""
"Agencias de viajes y tour operador","Tour operador local-doméstico","AV-TOLD-3203-02706","132410582","JOFEL TOUR SRL","Santo Domingo Norte","Santo Domingo","Vencida","Inactiva","Cerrado","2026-02-18","8092316344",""
"Agencias de viajes y tour operador","Tour operador local-doméstico","AV-TOLD-1101-02695","130657922","INVERSIONES BOHIQUES SRL","Punta Cana","La Altagracia","Sin licencia","En formación","Abierto","","8497852035",""
"Agencias de viajes y tour operador","Tour operador local-doméstico","AV-TOLD-1101-02717","131985858","JIMAGUA DESTINATION EXPERTS","Punta Cana Village","La Altagracia","Vigente","Activa","Abierto","2026-03-18","8095416519",""
"Agencias de viajes y tour operador","Agencias de viajes, reservas y pasajes","AV-AVMI-0101-02718","131640966","MOSQUITISOL TRAVEL EXPERIENCE SRL","Honduras","Distrito Nacional","Vencida","Inactiva","Abierto","2026-02-21","8099959537",""
"Agencias de viajes y tour operador","Tour operador receptivo-emisivo","AV-AITE-3002-02719","132169052","RESERVANDO AVENTURAS BOOKING ADVENTURES","Los Haitises","Hato Mayor","Vigente","Activa","Abierto","2029-02-13","8097206035",""
"Agencias de viajes y tour operador","Tour operador receptivo-emisivo","AV-TOER-1102-02723","132386477","INSIDERTRIPS DOMREP, S.R.L.","Dominicus - Bayahibe","La Altagracia","Vigente","Activa","Abierto","2026-03-22","8294448505",""
"Agencias de viajes y tour operador","Agencias de viajes, reservas y pasajes","AV-AVMI-0101-02724","132248295","LP SERVICIOS TURISTICOS","San Carlos","Distrito Nacional","Vigente","Activa","Cerrado","2026-07-19","8298021028",""
"Agencias de viajes y tour operador","Tour operador receptivo-emisivo","AV-TOER-1101-02728","132043202","JHORAJI TOUR OPERADOR","El Cortecito","La Altagracia","Vigente","Activa","Abierto","2026-05-12","8097956756",""
"Agencias de viajes y tour operador","Agencias de viajes, reservas y pasajes","AV-AVMI-2001-02730","131695558","WEBBYSSA S.R.L","Samaná - Centro Ciudad","Samaná","Sin licencia","En formación","Cerrado","","8095382765",""
"Agencias de viajes y tour operador","Tour operador local-doméstico","AV-TOLD-1101-02741","132048474","GO MAJESTIC TRANSFER TOUR & EXPLORER","Uvero Alto","La Altagracia","Vigente","Activa","Abierto","2029-11-06","8295203024",""
"Agencias de viajes y tour operador","Agencias de viajes, reservas y pasajes y tour operador receptivo-emisivo","AV-AITE-1101-02743","131099645","PUNTA CANA 4 LIFE","Punta Cana","La Altagracia","Sin licencia","En formación","Cerrado","","8095353004",""
"Agencias de viajes y tour operador","Tour operador local-doméstico","AV-TOLD-1801-02746","132070909","TRICAN TOURS ADVENTURE","Puerto Turistico Taino Bay","Puerto Plata","Vigente","Activa","Cerrado","2026-06-08","8298285746",""
"Agencias de viajes y tour operador","Agencias de viajes, reservas y pasajes","AV-AVMI-2501-02761","132191595","SPARKLY TRAVEL PLAZA LAS AMERICAS","Santiago - Centro Ciudad","Santiago","Vigente","Activa","Abierto","2026-03-08","8095758809",""
"Agencias de viajes y tour operador","Agencias de viajes, reservas y pasajes","AV-AVMI-0101-02764","131410243","NGT TRAVELAND","Gazcue","Distrito Nacional","Vigente","Activa","Abierto","2026-11-01","8097936082",""
"Agencias de viajes y tour operador","Tour operador receptivo-emisivo","AV-TOER-1101-02765","132423275","MINWAY TRAVEL SERVICE","Verón","La Altagracia","Vigente","Activa","Abierto","2026-09-07","8097726993",""
"Agencias de viajes y tour operador","Tour operador receptivo-emisivo","AV-TOER-1101-02766","131497111","TOURING ONE","PUNTA CANA","La Altagracia","Vigente","Activa","Abierto","2030-02-05","8097726993",""
"Agencias de viajes y tour operador","Tour operador receptivo-emisivo","AV-TOER-1102-02772","132471385","LFSC TERRAMAR TOURS & CO","Bayahibe","La Altagracia","Vigente","Activa","Cerrado","2029-03-18","8296418216",""
"Agencias de viajes y tour operador","Agencias de viajes, reservas y pasajes","AV-AVMI-0101-02775","131503624","AMALTEA TRAVEL","Mirador Sur","Distrito Nacional","Vigente","Activa","Abierto","2026-03-18","8293832152",""
"Agencias de viajes y tour operador","Tour operador receptivo-emisivo","AV-TOER-1101-02776","132479866","ITRAVEX PUNTA CANA","Bávaro","La Altagracia","Vigente","Activa","Abierto","2026-07-20","8492469142",""
"Agencias de viajes y tour operador","Agencias de viajes mayorista y tour operador receptivo-emisivo","AV-AMTE-0101-00394","131539238","ALL WAYS TRAVEL","Yolanda Morales","Santo Domingo","Vigente","Activa","Abierto","2026-03-14","8098012562",""
"Agencias de viajes y tour operador","Tour operador local-doméstico","AV-TOLD-1101-02779","132487192","SUR PROFUNDO TOUR AND TRAVEL","Costa Bávaro","La Altagracia","Vencida","Inactiva","Cerrado","2026-02-18","8094782663",""
"Agencias de viajes y tour operador","Tour operador receptivo-emisivo","AV-TOER-1101-02780","132492951","SOMETHING GOOD DOMINICANA","Punta Cana","La Altagracia","Vigente","Activa","Cerrado","2026-10-07","8299826308",""
"Agencias de viajes y tour operador","Tour operador receptivo-emisivo","AV-TOER-1101-02781","132183908","FLACO TOUR BY JOAQUIN","Macao","La Altagracia","Vigente","Activa","Abierto","2027-01-27","8292523310",""
"Agencias de viajes y tour operador","Agencia de viajes mayorista","AV-AVMA-3201-02760","132389468","Cocotal Travel RD","Ensache Ozama","Santo Domingo","Vigente","Activa","Cerrado","2026-04-19","8096536431",""
"Agencias de viajes y tour operador","Tour operador receptivo-emisivo","AV-TOER-1101-02783","132423275","MINWAY TRAVEL SERVICE","Punta Cana","La Altagracia","Sin licencia","En formación","Abierto","","8097726993",""
"Agencias de viajes y tour operador","Tour operador local-doméstico","AV-TOLD-3201-02784","131952102","SP TOURS","Prado Oriental","Santo Domingo","Vigente","Activa","Abierto","2026-04-20","",""
"Agencias de viajes y tour operador","Tour operador receptivo-emisivo","AV-TOER-1101-02785","132421671","KALLAL BBKING EXCURSION NUMERO UNO SRL","Punta Cana Village","La Altagracia","Sin licencia","En formación","Cerrado","","8099592510",""
"Agencias de viajes y tour operador","Tour operador local-doméstico","AV-TOLD-0101-02739","101153806","TOURS CARIBE DESTINATION","Ensanche Miraflores","Distrito Nacional","Vencida","Inactiva","Abierto","2026-02-23","8092214422",""
"Agencias de viajes y tour operador","Tour operador receptivo-emisivo","AV-TOER-0101-02788","132320672","ENJOYINGTRIPS","Mirador Sur","Distrito Nacional","Vigente","Activa","Cerrado","2026-03-21","8498894747",""
"Agencias de viajes y tour operador","Agencias de viajes, reservas y pasajes","AV-AVMI-3203-02793","131676936","WEND TOURS & TRAVELS","El Radiante","Santo Domingo","Vigente","Activa","Abierto","2026-07-08","8092397456",""
"Agencias de viajes y tour operador","Agencias de viajes, reservas y pasajes y tour operador receptivo-emisivo","AV-AITE-0101-02795","131541161","TABETUR SRL","Alma Rosa","Distrito Nacional","Sin licencia","En formación","Abierto","","",""
"Agencias de viajes y tour operador","Tour operador local-doméstico","AV-AMTL-0802-00476","131605672","EL CEDRO ECO-TOURS","Miches","El Seibo","Sin licencia","En formación","Abierto","","8097726993",""
"Agencias de viajes y tour operador","Tour operador local-doméstico","AV-TOLD-0802-00476","131605672","EL CEDRO ECO-TOURS","Miches","El Seibo","Vigente","Activa","Abierto","2026-03-14","8097726993",""
"Agencias de viajes y tour operador","Agencias de viajes, reservas y pasajes","AV-AVMI-3201-02797","131819702","TURISTARD","Los Mameyes","Santo Domingo","Vigente","Activa","Cerrado","2026-06-29","8299868874",""
"Agencias de viajes y tour operador","Agencias de viajes, reservas y pasajes","AV-AVMI-3201-02803","131707149","MANNY VIAJES Y MULTISERVICIOS","Los Mina","Santo Domingo","Vigente","Activa","Abierto","2026-07-12","8099374384",""
"Agencias de viajes y tour operador","Tour operador receptivo-emisivo","AV-TOER-0101-02804","130889961","MANUREVA TOURS","Playa Dorada","Puerto Plata","Vigente","Activa","Cerrado","2026-10-07","8093025190",""
"Agencias de viajes y tour operador","Tour operador receptivo-emisivo","AV-TOER-1101-02807","132470011","DOMINICANA & PARTNERS DMC'S","Punta Cana","La Altagracia","Vigente","Activa","Abierto","2027-09-12","8296541414",""
"Agencias de viajes y tour operador","Agencias de viajes, reservas y pasajes y tour operador receptivo-emisivo","AV-AITE-1101-02808","132232216","SUNSIDE TRAVEL SRL","Playa el Cortecito","La Altagracia","Sin licencia","En formación","Cerrado","","8293151130",""
"Agencias de viajes y tour operador","Tour operador receptivo-emisivo","AV-TOER-1101-02810","132325737","W.B.P.C TOUR AND TRAVEL","Rijo","La Altagracia","Vigente","Activa","Abierto","2026-07-12","8097959811",""
"Agencias de viajes y tour operador","Agencias de viajes, reservas y pasajes y tour operador receptivo-emisivo","AV-AITE-3203-02811","132301528","YANINA SILVERIO SUPLLY,SRL","Punta Licey","Santo Domingo","Sin licencia","En formación","Abierto","","1829314305",""
"Agencias de viajes y tour operador","Agencias de viajes, reservas y pasajes y tour operador receptivo-emisivo","AV-AITE-0101-02813","131746812","LATINOS TRAVELS","Zona Universitaria","Distrito Nacional","Vigente","Activa","Abierto","2026-08-24","8096905151",""
"Agencias de viajes y tour operador","Agencias de viajes, reservas y pasajes","AV-AVMI-1201-02814","130751145","LA RIA TORUS","La Romana - Centro Ciudad","La Romana","Sin licencia","En formación","Cerrado","","8098130565",""
"Agencias de viajes y tour operador","Agencias de viajes mayorista y tour operador receptivo-emisivo","AV-AMTE-0101-00978","131223974","HELIONOR TOURS","Gazcue","Distrito Nacional","Vigente","Activa","Abierto","2026-06-10","8099230323",""
"Agencias de viajes y tour operador","Tour operador local-doméstico","AV-TOLD-3207-02821","131630952","DE LOS SANTOS SUPLIDORES EVENTOS","Boca Chica","Santo Domingo","Sin licencia","En formación","Cerrado","","8492943820",""
"Agencias de viajes y tour operador","Agencias de viajes, reservas y pasajes y tour operador local-doméstico","AV-AITL-2001-02823","131542336","DISHMEY TOURS AND TRAVEL","Samaná - Centro Ciudad","Samaná","Sin licencia","En formación","Cerrado","","8092247246",""
"Agencias de viajes y tour operador","Agencias de viajes, reservas y pasajes","AV-AVMI-0101-02826","131835023","LEVEL EVENT ALCANMOR,SRL.","Zona Colonial","Distrito Nacional","Sin licencia","En formación","Cerrado","","8099562167",""
"Agencias de viajes y tour operador","Tour operador receptivo-emisivo","AV-TOER-1101-02834","131816797","EDEN TRAVEL TOURS","Bello Amanecer","La Altagracia","Vigente","Activa","Abierto","2026-04-26","8097726993",""
"Agencias de viajes y tour operador","Agencias de viajes, reservas y pasajes","AV-AVMI-0901-02835","130649421","AGENCIA DE VIAJES LIVIA SRL","Moca","Espaillat","Sin licencia","En formación","Abierto","","8095784545",""
"Agencias de viajes y tour operador","Agencias de viajes, reservas y pasajes y tour operador local-doméstico","AV-AITL-1102-02836","131585655","BLS VIAJES D`LIMANES","Dominicus - Bayahibe","La Altagracia","Vigente","Activa","Abierto","2026-12-12","8093490962",""
"Agencias de viajes y tour operador","Tour operador local-doméstico","AV-TOLD-1101-02838","132425324","BRX MULTISERVICIOS","Uvero Alto","La Altagracia","Vigente","Activa","Abierto","2026-04-20","8095471140",""
"Agencias de viajes y tour operador","Agencias de viajes mayorista y tour operador local-doméstico","AV-AMTL-2003-02839","132245237","CHERITH INTERNACIONAL SRL","Las Terrenas","Samaná","Sin licencia","En formación","Cerrado","","8099796699",""
"Agencias de viajes y tour operador","Tour operador local-doméstico","AV-TOLD-1807-01874","105057859","ISAIRA TOURS S.R.L.","Sosúa","Puerto Plata","Vigente","Activa","Abierto","2026-05-03","8093201433",""
"Agencias de viajes y tour operador","Tour operador receptivo-emisivo","AV-TOER-1101-02841","131871828","OKY SOLUTIONS TOUR","Bávaro","La Altagracia","Vigente","Activa","Cerrado","2026-05-30","8097726993",""
"Agencias de viajes y tour operador","Agencias de viajes mayorista y tour operador receptivo-emisivo","AV-AMTE-0101-02161","131271367","KINGDOM TRAVELS","Los Prados","Distrito Nacional","Sin licencia","En formación","Cerrado","","8093424042",""
"Agencias de viajes y tour operador","Tour operador receptivo-emisivo","AV-TOER-1201-02844","132189973","TOURIST TOURS & MAS HERMORALES SRL","La Romana - Centro Ciudad","La Romana","Sin licencia","En formación","Cerrado","","",""
"Agencias de viajes y tour operador","Agencias de viajes, reservas y pasajes y tour operador local-doméstico","AV-AITL-3202-02852","1325598","AMIGA TOURS","Turey","Santo Domingo","Sin licencia","En formación","Abierto","","8095605430",""
"Agencias de viajes y tour operador","Agencias de viajes mayorista y tour operador receptivo-emisivo","AV-AMTE-1301-02855","132324544","SANTO CERRO TOURS","La Vega","La Vega","Vigente","Activa","Cerrado","2029-10-27","8296386000",""
"Agencias de viajes y tour operador","Tour operador local-doméstico","AV-TOLD-1101-02858","132436415","DOLCE VITA GROUP","Bávaro","La Altagracia","Sin licencia","En formación","Cerrado","","8294722968",""
"Agencias de viajes y tour operador","Agencias de viajes, reservas y pasajes","AV-AVMI-1201-02859","132466731","GIC TRIPS","La Romana - Centro Ciudad","La Romana","Vigente","Activa","Cerrado","2026-06-06","8498674229",""
"Agencias de viajes y tour operador","Tour operador local-doméstico","AV-TOER-1801-00853","105032244","EXTRA TOURS KLUTH E.I.R L.","Vista de Caribe II","Puerto Plata","Sin licencia","En formación","Cerrado","","8299614656",""
"Agencias de viajes y tour operador","Tour operador local-doméstico","AV-TOLD-1801-00853","105032244","EXTRA TOURS KLUTH E.I.R L.","Vista de Caribe II","Puerto Plata","Vigente","Activa","Cerrado","2026-07-05","8299614656",""
"Agencias de viajes y tour operador","Tour operador receptivo-emisivo","AV-TOLD-1101-02861","131884131","CASA DE MARCEL EXCURSIONS","Bávaro","La Altagracia","Vigente","Activa","Cerrado","2026-09-22","8496515567",""
"Agencias de viajes y tour operador","Agencias de viajes, reservas y pasajes y tour operador local-doméstico","AV-AITL-1801-02864","131533701","ODILLE SERVICES TOURS","El Batey","Puerto Plata","Vigente","Activa","Cerrado","2026-06-13","8092613666",""
"Agencias de viajes y tour operador","Tour operador local-doméstico","AV-TOLD-1101-02866","132508416","PUNTA CANA CORAZON SRL","Verón","La Altagracia","Vigente","Activa","Cerrado","2027-03-01","8297945119",""
"Agencias de viajes y tour operador","Agencias de viajes, reservas y pasajes","AV-AVMI-0101-02870","132403657","ANAGUADIS SHALOM TOURS & TRAVEL","Los Prados","Distrito Nacional","Vigente","Activa","Cerrado","2026-04-27","8497170259",""
"Agencias de viajes y tour operador","Agencias de viajes, reservas y pasajes","AV-AVMI-3207-02871","132010762","BAVARO CASTILLO GROUPS","Las Villas","Santo Domingo","Vigente","Activa","Abierto","2027-07-06","8097082538",""
"Agencias de viajes y tour operador","Agencias de viajes, reservas y pasajes","AV-AVMI-2503-02872","131862543","ZOELY TOURS","Santiago - Centro Ciudad","Santiago","Vigente","Activa","Abierto","2026-07-13","8299122411",""
"Agencias de viajes y tour operador","Agencias de viajes, reservas y pasajes","AV-AVMI-2702-02873","131877117","VANESSA TRAVEL","La Altagracia","Valverde","Vigente","Activa","Abierto","2026-08-15","8095858283",""
"Agencias de viajes y tour operador","Agencias de viajes, reservas y pasajes y tour operador receptivo-emisivo","AV-AITE-3201-02874","131982441","AGENCIA TRAVELER TOURS ORM","Ciudad Juan Bosch","Santo Domingo","Sin licencia","En formación","Cerrado","","8099725057",""
"Agencias de viajes y tour operador","Agencias de viajes, reservas y pasajes","AV-AVMI-1501-02875","132451236","TROPICAL RAMIRKA TOURS, E.I.R.L.","Hatillo Palma","Monte Cristi","Sin licencia","En formación","Cerrado","","",""
"Agencias de viajes y tour operador","Agencias de viajes, reservas y pasajes","AV-AVMI-2501-02876","131535526","SOLEIDY TOURS","Santiago - Centro Ciudad","Santiago","Vigente","Activa","Cerrado","2026-10-25","8298602101",""
"Agencias de viajes y tour operador","Agencias de viajes, reservas y pasajes","AV-AVMI-3203-02877","132486099","ANDANZAS TOURS","Haras Nacionales","Santo Domingo","Vigente","Activa","Abierto","2026-05-18","8297132136",""
"Agencias de viajes y tour operador","Agencias de viajes, reservas y pasajes","AV-AVMI-2103-02878","132394722","YUDEMA TRAVELS","Barrio Chino","San Cristóbal","Vigente","Activa","Abierto","2026-06-21","8097123524",""
"Agencias de viajes y tour operador","Agencias de viajes, reservas y pasajes","AV-AVMI-3203-02879","131698115","OLIVENCE VACACIONES","Nueva Isabela","Santo Domingo","Sin licencia","En formación","Cerrado","","8094229766",""
"Agencias de viajes y tour operador","Agencias de viajes, reservas y pasajes","AV-AVMI-2801-02880","131946119","ACROSS TOURS","Bonao","Monseñor Nouel","Sin licencia","En formación","Cerrado","","8092964892",""
"Agencias de viajes y tour operador","Agencias de viajes, reservas y pasajes","AV-AVMI-1101-02881","132232216","SUNSIDE TRAVEL","Punta Cana","La Altagracia","Vigente","Activa","Cerrado","2026-06-02","8098391130",""
"Agencias de viajes y tour operador","Agencias de viajes, reservas y pasajes","AV-AVMI-3203-02883","131858813","LIONEL TOURS","Ciudad Modelo","Santo Domingo","Sin licencia","En formación","Cerrado","","8099892097",""
"Agencias de viajes y tour operador","Agencias de viajes, reservas y pasajes","AV-AVMI-3203-02884","132073347","BANANA TOURS RD","Ensanche La Fé","Distrito Nacional","Vigente","Activa","Abierto","2026-08-23","8299531350",""
"Agencias de viajes y tour operador","Agencias de viajes, reservas y pasajes","AV-AVMI-0101-02885","132354591","ROYAL VACATIONS RD BY EPF","Renacimiento","Distrito Nacional","Sin licencia","En formación","Cerrado","","8298395454",""
"Agencias de viajes y tour operador","Agencias de viajes, reservas y pasajes y tour operador receptivo-emisivo","AV-AITE-3201-02886","131541161","TABETUR","El Rosal","Santo Domingo","Vigente","Activa","Abierto","2026-04-26","2835946816",""
"Agencias de viajes y tour operador","Agencias de viajes, reservas y pasajes","AV-AVMI-3203-02887","132338227","MAURELYN SANTANA TOURS & TRAVEL, S.R.L.","Sabana Perdida","Santo Domingo","Sin licencia","En formación","Cerrado","","8293586999",""
"Agencias de viajes y tour operador","Agencias de viajes, reservas y pasajes","AV-AVMI-0101-02888","132128877","AVENTURAS TURÍSTICAS CON ELLIBRY SRL","Mejoramiento Social","Distrito Nacional","Vigente","Activa","Cerrado","2026-08-05","8296333548",""
"Agencias de viajes y tour operador","Agencias de viajes, reservas y pasajes","AV-AVMI-0101-02889","132291956","COLUCHI TOURS RD","Sector 27 de Febrero","Distrito Nacional","Sin licencia","En formación","Cerrado","","8298460011",""
"Agencias de viajes y tour operador","Agencias de viajes, reservas y pasajes","AV-AVMI-3201-02890","131959768","LIANNA'S TRAVEL, E.I.R.L.","Los Trinitarios","Santo Domingo","Vigente","Activa","Abierto","2026-04-18","8296399992",""
"Agencias de viajes y tour operador","Agencias de viajes, reservas y pasajes","AV-AVMI-3201-02891","132410531","DALBER TOURS, S.R.L.","Invivienda","Santo Domingo","Sin licencia","En formación","Cerrado","","8494042490",""
"Agencias de viajes y tour operador","Agencias de viajes, reservas y pasajes","AV-AVMI-3202-02892","132319338","KMG TRAVELS % TOURS, SRL.","Ensanche la Altagracia","Santo Domingo","Sin licencia","En formación","Cerrado","","8094233658",""
"Agencias de viajes y tour operador","Agencias de viajes, reservas y pasajes","AV-AVMI-1801-02894","5400921879","WANTRIP SERVICES","Los Cocos","Puerto Plata","Sin licencia","En formación","Abierto","","8096902834",""
"Agencias de viajes y tour operador","Agencias de viajes, reservas y pasajes","AV-AVMI-3207-02895","132398343","BETHEL TOURS & EVENTOS","Enriquillo Herrera","Santo Domingo","Vigente","Activa","Abierto","2027-07-27","8298365896",""
"Agencias de viajes y tour operador","Agencias de viajes, reservas y pasajes","AV-AVMI-2506-02896","132185382","MAENA TRAVEL, SRL","Tamboril","Santiago","Vigente","Activa","Abierto","2026-05-24","8092042437",""
"Agencias de viajes y tour operador","Tour operador receptivo-emisivo","AV-TOER-1101-00513","130947661","COMPAÑIA SERVICIOS MULTIPLES AIRRUS S.R.L","Residencial las Flores","La Altagracia","Sin licencia","En formación","Cerrado","","8095436224",""
"Agencias de viajes y tour operador","Tour operador receptivo-emisivo","AV-TOER-3201-02874","131982441","TRAVELER TOURS ORM","Ciudad Juan Bosch","Santo Domingo","Sin licencia","En formación","Cerrado","","8099725057",""
"Agencias de viajes y tour operador","Tour operador receptivo-emisivo","AV-TOER-1101-02906","132522729","IGNITE LEISURE","Playa Bávaro","La Altagracia","Vigente","Activa","Cerrado","2026-07-06","8095521102",""
"Agencias de viajes y tour operador","Tour operador receptivo-emisivo","AV-TOER-1101-02911","131966403","CARRIBEAN MEDLEY TOURS, SRL","Punta Cana","La Altagracia","Sin licencia","En formación","Abierto","","8295539447",""
"Agencias de viajes y tour operador","Agencias de viajes, reservas y pasajes","AV-AVMI-3201-02913","131924514","AMANDA & GABY TOURS","Los Mameyes","Santo Domingo","Sin licencia","En formación","Cerrado","","8097901643",""
"Agencias de viajes y tour operador","Agencias de viajes, reservas y pasajes","AV-AVMI-3202-02914","132521112","OCASO TRAVELS","Ensanche la Altagracia","Santo Domingo","Sin licencia","En formación","Abierto","","8499170760",""
"Agencias de viajes y tour operador","Agencia de viajes mayorista","AV-AVMA-0101-02918","102019037","SIMLIMITES BY GAMMATOURS ASESORES TURISTICOS","Ensanche Naco","Distrito Nacional","Vigente","Activa","Abierto","2029-03-03","8092473051",""
"Agencias de viajes y tour operador","Agencias de viajes, reservas y pasajes","AV-AVMI-2501-02919","132039513","ALGARABIA TOURS","Santiago - Centro Ciudad","Santiago","Vigente","Activa","Abierto","2028-01-22","8098941100",""
"Agencias de viajes y tour operador","Tour operador receptivo-emisivo","AV-TOER-2001-02921","132528468","ACTION TOURS BY J RAVEN (AV-TOER) - SAMANÁ","Las Galeras","Samaná","Vigente","Activa","Abierto","2026-10-11","8298034737",""
"Agencias de viajes y tour operador","Agencias de viajes, reservas y pasajes y tour operador receptivo-emisivo","AV-AITE-2501-02926","131480691","CHALALA TRAVEL AND TOURS","Santiago - Centro Ciudad","Santiago","Sin licencia","En formación","Abierto","","8095702477",""
"Agencias de viajes y tour operador","Tour operador receptivo-emisivo","AV-TOER-2001-02927","131612148","GO CAYO EXCURSION & BROKER","Santa Barbara","Samaná","Vigente","Activa","Cerrado","2026-06-17","8097726993",""
"Agencias de viajes y tour operador","Agencias de viajes, reservas y pasajes","AV-AVMI-3203-02928","132550562","MARCLARI TRAVEL","Buena Vista II","Santo Domingo","Sin licencia","En formación","Cerrado","","8296131208",""
"Agencias de viajes y tour operador","Agencias de viajes, reservas y pasajes","AV-AVMI-3202-02929","132335368","TODO TURISMO TRAVEL","La Guayiga","Santo Domingo","Vigente","Activa","Cerrado","2027-06-26","8098780674",""
"Agencias de viajes y tour operador","Agencias de viajes, reservas y pasajes","AV-AVMI-0101-02931","132510412","CTBA TOURS RD","Piantini","Distrito Nacional","Sin licencia","En formación","Abierto","","8492183005",""
"Agencias de viajes y tour operador","Agencias de viajes, reservas y pasajes","AV-AVMI-3202-02932","131849377","BARETT TOURS","Santo Domingo Oeste","Santo Domingo","Sin licencia","En formación","Abierto","","8299108943",""
"Agencias de viajes y tour operador","Agencias de viajes, reservas y pasajes","AV-AVMI-3201-02933","131777309","MAW VIAJES","Ensanche Ozama","Santo Domingo","Vigente","Activa","Cerrado","2027-08-02","8096926929",""
"Agencias de viajes y tour operador","Agencias de viajes, reservas y pasajes","AV-AVMI-3201-02934","131640397","SANTANA TOURS","Alma Rosa","Santo Domingo","Sin licencia","En formación","Abierto","","8099911123",""
"Agencias de viajes y tour operador","Agencias de viajes, reservas y pasajes","AV-AVMI-3203-02935","132115602","NUBISERVIS SRL","Buena Vista I","Santo Domingo","Vigente","Activa","Cerrado","2027-11-20","8297437040",""
"Agencias de viajes y tour operador","Agencias de viajes, reservas y pasajes","AV-AVMI-3203-02936","132513851","NUEVO MUNDO TOURS","El Dorado","Santo Domingo","Vigente","Activa","Abierto","2028-01-17","8294015988",""
"Agencias de viajes y tour operador","Agencias de viajes, reservas y pasajes","AV-AVMI-3203-02938","132524391","DARENGELS VACATIONS","Los Casabes","Santo Domingo","Vigente","Activa","Abierto","2027-07-04","8494559287",""
"Agencias de viajes y tour operador","Tour operador local-doméstico","AV-TOLD-1801-02939","132459024","REYES FAMILIA POP DOMINICAN TRAVEL","PUERTO PLATA","Puerto Plata","Vigente","Activa","Abierto","2028-10-09","8098789163",""
"Agencias de viajes y tour operador","Tour operador local-doméstico","AV-TOLD-1101-02946","132322886","AMABLE HOLA FRIAS TOUR","Punta Cana","La Altagracia","Sin licencia","En formación","Cerrado","","8492710145",""
"Agencias de viajes y tour operador","Tour operador local-doméstico","AV-TOLD-0802-02947","131341918","MONTANDO & MONTEANDO M&M","Miches","El Seibo","Vigente","Activa","Cerrado","2026-05-20","8496505709",""
"Agencias de viajes y tour operador","Tour operador receptivo-emisivo","AV-TOER-1101-02949","132317815","MIDES SERVICE","Friusa","La Altagracia","Vigente","Activa","Abierto","2026-07-12","8298507092",""
"Agencias de viajes y tour operador","Agencias de viajes, reservas y pasajes y tour operador receptivo-emisivo","AV-AITE-1101-02952","132341724","BROTH TOURS","Punta Cana","La Altagracia","Sin licencia","En formación","Cerrado","","8097957453",""
"Agencias de viajes y tour operador","Tour operador receptivo-emisivo","AV-TOER-1101-02953","132544242","PUNTA CANA TRAVEL CLUB BY BECA TOURS.","Verón","La Altagracia","Vigente","Activa","Cerrado","2027-01-05","8294722968",""
"Agencias de viajes y tour operador","Agencias de viajes, reservas y pasajes","AV-AVMI-2701-02954","132746015","ILONKA TOURS","Mao - Centro Ciudad","Valverde","Vigente","Activa","Abierto","2027-09-19","8096015656",""
"Agencias de viajes y tour operador","Agencias de viajes mayorista y tour operador receptivo-emisivo","AV-AMTE-3202-02957","131644262","MARASHELL WORLD TRAVELS","Santo Domingo Country Club","Santo Domingo","En proceso","Activa","Abierto","","8097218508",""
"Agencias de viajes y tour operador","Agencias de viajes, reservas y pasajes","AV-AVMI-1101-02958","132532678","EXEO TRAVEL SRL","Los Rosales","La Altagracia","Vigente","Activa","Abierto","2026-07-20","8293181579",""
"Agencias de viajes y tour operador","Agencia de viajes mayorista","AV-AVMA-0201-02959","132234146","GRUPO KUWAI SRL","Azua - Centro Ciudad","Azua","Sin licencia","En formación","Cerrado","","8095999906",""
"Agencias de viajes y tour operador","Tour operador local-doméstico","AV-TOLD-1701-02963","132288491","DURAN INDUSTRIAL","Baní","Peravia","Sin licencia","En formación","Abierto","","8299059458",""
"Agencias de viajes y tour operador","Agencias de viajes, reservas y pasajes y tour operador receptivo-emisivo","AV-AITE-2001-02964","131695558","WEBBYSSA SRL","Samaná","Samaná","Sin licencia","En formación","Cerrado","","8095382765",""
"Agencias de viajes y tour operador","Agencias de viajes, reservas y pasajes","AV-AVMI-3201-02965","132472624","LOVE TRAVEL & EVENTS BY MABEN","Cancino","Santo Domingo","Sin licencia","En formación","Abierto","","8092365559",""
"Agencias de viajes y tour operador","Agencias de viajes, reservas y pasajes","AV-AVMI-3206-02966","131171486","EXPLODISMAR VIAJES Y EVENTOS","Pueblo Nuevo","Santo Domingo","Vigente","Activa","Abierto","2026-09-27","8297088504",""
"Agencias de viajes y tour operador","Tour operador receptivo-emisivo","AV-TOER-1101-02968","132480481","THE GREEK BOUTIQUE HOTEL","Cortecito","La Altagracia","Sin licencia","En formación","Abierto","","8297838842",""
"Agencias de viajes y tour operador","Tour operador local-doméstico","AV-AITL-1101-02973","132044541","PUNTA CANA PARADISE TOURS KE, SRL","Bayahibe","La Altagracia","Sin licencia","En formación","Abierto","","8094552405",""
"Agencias de viajes y tour operador","Agencias de viajes, reservas y pasajes","AV-AVMI-0101-02975","131861008","NOELIA ALL ADVENTURES","Gazcue","Distrito Nacional","Sin licencia","En formación","Cerrado","","8292596346",""
"Agencias de viajes y tour operador","Agencia de viajes mayorista","AV-AVMA-0201-02976","131580475","EUROAMERICA TRAVEL GROUP EUTGROUP","Azua - Centro Ciudad","Azua","Vigente","Activa","Abierto","2026-12-23","8293014878",""
"Agencias de viajes y tour operador","Agencias de viajes mayorista y tour operador receptivo-emisivo","AV-AMTE-0101-02977","130792895","AMERICA CRUISE FERRIES","Malecon de Santo Domingo","Distrito Nacional","Vigente","Activa","Abierto","2026-09-29","8096884400",""
"Agencias de viajes y tour operador","Tour operador local-doméstico","AV-TOLD-1101-02979","119501192","AVENTURA TROPICAL","Punta Cana","La Altagracia","Vigente","Activa","Cerrado","2028-09-19","8097726993",""
"Agencias de viajes y tour operador","Agencias de viajes, reservas y pasajes","AV-AVMI-1903-02981","132046889","AGENCIA DE VIAJES A&L DIAZ TOURS","Villa Tapia","Hermanas Mirabal","Vigente","Activa","Cerrado","2026-08-22","8095743383",""
"Agencias de viajes y tour operador","Agencias de viajes, reservas y pasajes","AV-AVMI-0101-02982","132539559","PACUCHAK TOURS & TRAVEL","Ensanche Espaillat","Distrito Nacional","Sin licencia","En formación","Cerrado","","8096169847",""
"Agencias de viajes y tour operador","Agencias de viajes, reservas y pasajes y tour operador local-doméstico","AV-TOLD-2001-02961","132427612","ELAMORE TOURS LAS GALERAS SRL","Las Galeras","Samaná","Vigente","Activa","Cerrado","2026-06-27","",""
"Agencias de viajes y tour operador","Agencias de viajes, reservas y pasajes","AV-AVMI-0101-02983","131485499","M&J TRAVEL.SRL","Villa Mella","Santo Domingo","Vigente","Activa","Abierto","2026-07-14","8297294344",""
"Agencias de viajes y tour operador","Tour operador local-doméstico","AV-TOLD-1101-02985","132333357","TORTUGALAUD ECOTOUR","Bávaro","La Altagracia","Vigente","Activa","Cerrado","2026-10-24","8098756338",""
"Agencias de viajes y tour operador","Tour operador receptivo-emisivo","AV-TOER-3204-02986","130809437","MOVA TOUR OPERADOR","Boca Chica","Santo Domingo","Sin licencia","En formación","Abierto","","8095235986",""
"Agencias de viajes y tour operador","Agencias de viajes, reservas y pasajes y tour operador receptivo-emisivo","AV-AITE-0101-02987","131429726","ACLYR CONSULTING (AV)","Ensanche Miraflores","Distrito Nacional","Sin licencia","En formación","Cerrado","","8099209031",""
"Agencias de viajes y tour operador","Agencias de viajes, reservas y pasajes","AV-AVMI-3201-02991","131031889","BUREO TOURS","La Caleta","Santo Domingo","Vigente","Activa","Abierto","2027-08-10","8094145804",""
"Agencias de viajes y tour operador","Tour operador receptivo-emisivo","AV-TOER-1101-02996","132478754","DOMYFUN RD","El Ejecutivo","La Altagracia","Vigente","Activa","Cerrado","2026-10-17","8098313362",""
"Agencias de viajes y tour operador","Tour operador local-doméstico","AV-TOLD-0101-02997","132330064","SC LOGISTICS TRAKING","Ensanche La Paz","Distrito Nacional","Sin licencia","En formación","Cerrado","","8095327342",""
"Agencias de viajes y tour operador","Agencias de viajes mayorista y tour operador receptivo-emisivo","AV-AVMA-3201-03003","130360197","SOPLA TOURS & TRAVELS","los frailes i","Santo Domingo","Vigente","Activa","Cerrado","2028-11-19","8095998381",""
"Agencias de viajes y tour operador","Tour operador local-doméstico","AV-TOLD-1801-02759","132477413","COFRESI HILLS TRAVEL BY MP","Cofresi","Puerto Plata","Vigente","Activa","Cerrado","2027-02-14","8295607190",""
"Agencias de viajes y tour operador","Agencias de viajes, reservas y pasajes","AV-AVMI-1101-03008","132566181","WANDER TRAVEL","Ciudad la Palma","La Altagracia","Vigente","Activa","Cerrado","2026-12-01","8099492176",""
"Agencias de viajes y tour operador","Agencia de viajes mayorista","AV-AVMA-3201-03009","131110959","FLOSA TOURS SRL","Ana Teresa Balaguer","Santo Domingo","Vigente","Activa","Abierto","2027-02-08","8096953458",""
"Agencias de viajes y tour operador","Agencias de viajes, reservas y pasajes","AV-AVMI-2501-03011","132356411","CASPER OFICINA LEGAL","Santiago - Centro Ciudad","Santiago","Sin licencia","En formación","Abierto","","8098828343",""
"Agencias de viajes y tour operador","Agencias de viajes, reservas y pasajes","AV-AVMI-0101-03013","130708304","EUROCARIBE 2001","Ensanche Naco","Distrito Nacional","Vigente","Activa","Abierto","2026-08-03","8095636573",""
"Agencias de viajes y tour operador","Agencias de viajes, reservas y pasajes","AV-AVMI-3203-03015","131771106","JOVANNA TOURS & TRAVELS","Sabana Centro","Santo Domingo","Sin licencia","En formación","Cerrado","","8297192942",""
"Agencias de viajes y tour operador","Agencias de viajes, reservas y pasajes","AV-AVMI-2301-03016","131753167","SAS RESERVAS SRL","San Pedro - Centro Ciudad","San Pedro de Macorís","Sin licencia","En formación","Abierto","","8298130345",""
"Agencias de viajes y tour operador","Tour operador receptivo-emisivo","AV-TOER-1801-03017","132497198","LUNAVALENT WOW TOURS & EXCURSIONS EIRL","Ensanche Luperón","Puerto Plata","Sin licencia","En formación","Cerrado","","4013596785",""
"Agencias de viajes y tour operador","Agencia de viajes mayorista","AV-AVMA-0101-03019","131986099","DESTINATION EVENTS BELFAST DEB SRL","El Portal","Distrito Nacional","Sin licencia","En formación","Cerrado","","8493445011",""
"Agencias de viajes y tour operador","Agencias de viajes mayorista y tour operador local-doméstico","AV-AMTL-0601-03020","132036052","LATIN TRAVEL AGR","Cenovì","Duarte","Vigente","Activa","Cerrado","2026-11-10","",""
"Agencias de viajes y tour operador","Agencias de viajes, reservas y pasajes y tour operador receptivo-emisivo","AV-AITE-0101-03025","131334776","MOCHILEROS RD","El Cacique","Distrito Nacional","Vigente","Activa","Abierto","2027-06-30","8296430905",""
"Agencias de viajes y tour operador","Tour operador local-doméstico","AV-TOLD-1101-02818","131258875","SCHAUMAMAL, SRL","Punta Cana","La Altagracia","Vigente","Activa","Cerrado","2026-11-15","8292171837",""
"Agencias de viajes y tour operador","Agencias de viajes, reservas y pasajes","AV-AVMI-3201-03027","131921531","VICCALIA TOURS","Ciudad Juan Bosch","Santo Domingo","Vigente","Activa","Cerrado","2027-10-11","8098980316",""
"Agencias de viajes y tour operador","Agencias de viajes, reservas y pasajes","AV-AVMI-3201-03030","132283783","HGC TOURS S.R.L","Los Frailes II","Santo Domingo","Sin licencia","En formación","Cerrado","","8292400373",""
"Agencias de viajes y tour operador","Agencias de viajes, reservas y pasajes y tour operador receptivo-emisivo","AV-AITE-3203-03031","132610644","SICARD'S TRAVEL","Villa Mella","Santo Domingo","Vigente","Activa","Abierto","2027-06-19","8492597458",""
"Agencias de viajes y tour operador","Agencias de viajes mayorista y tour operador local-doméstico","AV-AMTL-1101-03032","132374665","JACKCANA TOURS S.R.L","Bávaro","La Altagracia","Vigente","Activa","Abierto","2027-08-25","8295760336",""
"Agencias de viajes y tour operador","Agencias de viajes, reservas y pasajes y tour operador local-doméstico","AV-AITL-1801-03034","101761806","POP EXCURSIONS BY AA DEGEN INERNATIONAL","Playa Bahía de Maimón","Puerto Plata","Sin licencia","En formación","Abierto","","8292788200",""
"Agencias de viajes y tour operador","Tour operador local-doméstico","AV-TOLD-1101-03035","130716112","CORAL VIEW INVESTMENT","Punta Cana","La Altagracia","Sin licencia","En formación","Cerrado","","8296596464",""
"Agencias de viajes y tour operador","Agencias de viajes mayorista y tour operador receptivo-emisivo","AV-AMTE-0101-02789","131557953","RELAX VACATIONS TRAVEL","Bella Vista","Distrito Nacional","Sin licencia","En formación","Abierto","","8492969777",""
"Agencias de viajes y tour operador","Agencias de viajes, reservas y pasajes","AV-AVMI-1301-03036","131849547","JOSUETT MENDEZ TRAVEL","La Vega - Centro Ciudad","La Vega","Vigente","Activa","Cerrado","2026-09-21","8096919722",""
"Agencias de viajes y tour operador","Tour operador local-doméstico","AV-TOLD-1101-03037","131072692","INVERSIONES LING DEL CARIBE","Bávaro","La Altagracia","Vigente","Activa","Abierto","2026-08-23","8097054073",""
"Agencias de viajes y tour operador","Agencias de viajes, reservas y pasajes","AV-AVMI-2501-03040","102627134","ECO TOURS SRL","Santiago - Centro Ciudad","Santiago","Vigente","Activa","Abierto","2028-01-19","8092474310",""
"Agencias de viajes y tour operador","Tour operador receptivo-emisivo","AV-TOER-1801-03044","131612148","GO CAYO EXCURSION & BROKER","Costa Dorada","Puerto Plata","Vigente","Activa","Cerrado","2026-11-24","8095261164",""
"Agencias de viajes y tour operador","Agencias de viajes, reservas y pasajes","AV-AVMI-3206-03056","132552075","MISHKA VIAJES","Pantoja","Santo Domingo","Sin licencia","En formación","Cerrado","","8092866189",""
"Agencias de viajes y tour operador","Tour operador receptivo-emisivo","AV-TOER-1101-01003","130456879","MAXI INTERNATIONAL CENTER TOURS SRL","Dominicus - Bayahibe","La Altagracia","Vigente","Activa","Abierto","2026-09-06","8299862790",""
"Agencias de viajes y tour operador","Agencias de viajes, reservas y pasajes y tour operador receptivo-emisivo","AV-AITE-1101-03065","131991272","ERICANNE TOURS AGENTS","Higuey - Centro Ciudad","La Altagracia","Sin licencia","En formación","Cerrado","","8095548017",""
"Agencias de viajes y tour operador","Tour operador local-doméstico","AV-TOLD-1807-03066","105031744","FREDDY TOURS","Puerto Plata - Centro Ciudad","Puerto Plata","Vigente","Activa","Abierto","2028-08-12","8095710829",""
"Agencias de viajes y tour operador","Tour operador receptivo-emisivo","AV-TOER-1101-03067","132081323","BEYTUNA 2020 SRL","Cocotal","La Altagracia","Vigente","Activa","Cerrado","2027-01-17","8297881983",""
"Agencias de viajes y tour operador","Agencias de viajes, reservas y pasajes y tour operador local-doméstico","AV-AITL-3203-03083","131316052","BIAJA TOURS","Santa Cruz","Santo Domingo","Sin licencia","En formación","Cerrado","","8094225371",""
"Agencias de viajes y tour operador","Tour operador local-doméstico","AV-TOLD-1801-03087","131907581","WHERE TO GO TOURS POP","Puerto Plata - Centro Ciudad","Puerto Plata","Vigente","Activa","Abierto","2027-01-04","",""
"Agencias de viajes y tour operador","Tour operador receptivo-emisivo","AV-TOER-1101-00510","131675182","BRASIL PASSEIOS PUNTA CANA","Punta Cana","La Altagracia","Vigente","Activa","Abierto","2026-10-05","8492123635",""
"Agencias de viajes y tour operador","Agencias de viajes, reservas y pasajes","AV-AVMI-3201-03088","40200632376","CIARO TRAVELING","Villa Duarte","Santo Domingo","Sin licencia","En formación","Cerrado","","8492574411",""
"Agencias de viajes y tour operador","Agencias de viajes mayorista y tour operador receptivo-emisivo","AV-AMTE-1201-03092","132485238","MAGIKA ISLAND ML GROUP S.R.L","Ensanche Quisqueya","La Romana","Sin licencia","En formación","Cerrado","","8299876035",""
"Agencias de viajes y tour operador","Agencias de viajes mayorista y tour operador receptivo-emisivo","AV-AMTE-1101-03094","132386191","DREAM OF TWO SERVICES TROURS SRL","Higüey","La Altagracia","Sin licencia","En formación","Cerrado","","6464910227",""
"Agencias de viajes y tour operador","Tour operador receptivo-emisivo","AV-TOER-1201-00557","131158501","BOLDOM SERVICIOS HISPANOS","La Romana - Centro Ciudad","La Romana","Vigente","Activa","Abierto","2026-10-24","8096040509",""
"Agencias de viajes y tour operador","Tour operador local-doméstico","AV-TOLD-2003-02839","132245237","CHERITH INTERNACIONAL SRL","Las Terrenas","Samaná","Sin licencia","En formación","Cerrado","","8099796699",""
"Agencias de viajes y tour operador","Tour operador receptivo-emisivo","AV-TOER-1101-00850","130385505","CARIBBEAN DREAM TOUR OPERADOR","Bávaro","La Altagracia","Vigente","Activa","Cerrado","2027-01-06","8294722968",""
"Agencias de viajes y tour operador","Tour operador local-doméstico","AV-TOLD-2003-03106","132492072","NATIV ADVENTOURS","Barrio la Caoba","Samaná","Sin licencia","En formación","Cerrado","","8092550980",""
"Agencias de viajes y tour operador","Agencias de viajes, reservas y pasajes y tour operador receptivo-emisivo","AV-AITE-1101-03108","102337624","ADMAR TOUR OPERADORES","Verón","La Altagracia","Sin licencia","En formación","Abierto","","8094810321",""
"Agencias de viajes y tour operador","Tour operador local-doméstico","AV-TOLD-1101-02973","132044541","PUNTA CANA PARADISE TOURS KE","Dominicus - Bayahibe","La Altagracia","Vigente","Activa","Abierto","2026-12-06","8094552405",""
"Agencias de viajes y tour operador","Agencias de viajes mayorista y tour operador local-doméstico","AV-AMTL-3203-03113","131542336","DISHMEY TOURS AND TRAVEL","Jacagua","Santo Domingo","Sin licencia","En formación","Cerrado","","8092247246",""
"Agencias de viajes y tour operador","Tour operador local-doméstico","AV-TOER-1101-03108","102337624","ADMAR (II)","Verón","La Altagracia","Sin licencia","En formación","Abierto","","8094810321",""
"Agencias de viajes y tour operador","Agencias de viajes, reservas y pasajes","AV-AVMI-2501-03114","131143131","AGENCIA DE VIAJES CONTRERAS","Santiago - Centro Ciudad","Santiago","Vigente","Activa","Abierto","2027-01-16","8095821545",""
"Agencias de viajes y tour operador","Agencias de viajes, reservas y pasajes","AV-AVMI-1303-03115","40222275386","A VIAJAR CON VALERIO RD","Jarabacoa","La Vega","Sin licencia","En formación","Cerrado","","8095169335",""
"Agencias de viajes y tour operador","Agencias de viajes mayorista y tour operador receptivo-emisivo","AV-AMTE-0101-03118","132563034","GRAB THE WORLD TOUR & TRAVEL","Los RIos","Distrito Nacional","Vigente","Activa","Cerrado","2027-02-17","8093728049",""
"Agencias de viajes y tour operador","Tour operador receptivo-emisivo","AV-TOER-1101-03120","132499654","COMPLETRAVEL","Bávaro","La Altagracia","Vigente","Activa","Cerrado","2026-12-06","8098314459",""
"Agencias de viajes y tour operador","Tour operador local-doméstico","AV-TOLD-1101-03108","102337624","ADMAR (I)","Verón","La Altagracia","Vigente","Activa","Abierto","2026-10-25","8094810321",""
"Agencias de viajes y tour operador","Agencias de viajes, reservas y pasajes y tour operador receptivo-emisivo","AV-AITE-2101-03121","132510348","EXODO TOURS &TRAVELS","San Cristobal","San Cristóbal","Sin licencia","En formación","Cerrado","","",""
"Agencias de viajes y tour operador","Tour operador local-doméstico","AV-TOLD-3201-03122","132621751","CHECK IN GROUP","Los Coquitos","Santo Domingo","Vigente","Activa","Abierto","2026-11-23","",""
"Agencias de viajes y tour operador","Tour operador local-doméstico","AV-TOLD-2003-03123","130057753","EXPLORA KISKEYA","Punta Popy","Samaná","Sin licencia","En formación","Cerrado","","8099155055",""
"Agencias de viajes y tour operador","Agencias de viajes, reservas y pasajes y tour operador local-doméstico","AV-AITL-2501-03124","131738745","ATRÉVETE TOURS","Santiago - Centro Ciudad","Santiago","Sin licencia","En formación","Abierto","","8493601802",""
"Agencias de viajes y tour operador","Agencia de viajes mayorista","AV-AVMA-0101-00975","131437885","VIAJES CREDICOMSA","Bella Vista","Distrito Nacional","Vigente","Activa","Cerrado","2027-01-13","8095402210",""
"Agencias de viajes y tour operador","Agencias de viajes, reservas y pasajes y tour operador local-doméstico","AV-AITL-3201-00678","130107361","MILLER TRAVEL AND TOURS SLR","San Isidro","Santo Domingo","Vigente","Activa","Abierto","2027-01-26","8097285344",""
"Agencias de viajes y tour operador","Agencias de viajes, reservas y pasajes y tour operador receptivo-emisivo","AV-AITL-2105-03127","132265068","CARPE DIEM TOUR","Villa Altagracia","San Cristóbal","Vigente","Activa","Cerrado","2029-09-11","8294890911",""
"Agencias de viajes y tour operador","Tour operador local-doméstico","AV-TOLD-0101-03130","131741088","ELIANDTOURS","La cienaga","Distrito Nacional","Sin licencia","En formación","Cerrado","","8295586524",""
"Agencias de viajes y tour operador","Agencias de viajes, reservas y pasajes y tour operador receptivo-emisivo","AV-TOER-0101-03132","131820026","EVENTOS TEJADA Y CONTRERAS","Ensanche La Fé","Distrito Nacional","Vigente","Activa","Abierto","2027-08-18","8292775844",""
"Agencias de viajes y tour operador","Agencias de viajes, reservas y pasajes y tour operador receptivo-emisivo","AV-AITE-1701-03133","132288491","KAYAKEROS DEL CARIBE","Las Calderas","Peravia","Vigente","Activa","Abierto","2027-02-13","8095436077",""
"Agencias de viajes y tour operador","Tour operador local-doméstico","AV-TOER-1101-03138","132545931","FLAMEN TRAVEL","Punta Cana","La Altagracia","Vigente","Activa","Abierto","2027-05-09","8097129097",""
"Agencias de viajes y tour operador","Agencia de viajes mayorista","AV-AVMA-2501-03139","132439971","FLEXiRD","Santiago - Centro Ciudad","Santiago","Vigente","Activa","Abierto","2027-03-15","8099174822",""
"Agencias de viajes y tour operador","Agencias de viajes, reservas y pasajes","AV-AVMI-0101-03146","105000131","E.T. HEINSEN","Gazcue","Distrito Nacional","Vigente","Activa","Abierto","2027-08-02","8092216111",""
"Agencias de viajes y tour operador","Agencias de viajes, reservas y pasajes y tour operador local-doméstico","AV-AITL-2101-00606","131086683","VIAJES ADMIRABLES MARIELIS","San Cristobal - Centro Ciudad","San Cristóbal","Vigente","Activa","Abierto","2028-10-24","8095450880",""
"Agencias de viajes y tour operador","Agencias de viajes mayorista y tour operador receptivo-emisivo","AV-AMTE-0101-03148","131198481","MASCO","Ensanche La Fé","Distrito Nacional","Sin licencia","En formación","Abierto","","8093856510",""
"Agencias de viajes y tour operador","Agencias de viajes mayorista y tour operador receptivo-emisivo","AV-AMTE-0101-03156","131290728","A2Z TRAVEL AND TOURS, SRL.","Zona Colonial","Distrito Nacional","Vigente","Activa","Cerrado","2027-09-12","8298133778",""
"Agencias de viajes y tour operador","Tour operador receptivo-emisivo","AV-TOER-3201-03170","132172248","ROCO TREN TURÍSTICO","Urbanización Torre Alta","Puerto Plata","Vigente","Activa","Cerrado","2027-09-15","8296696165",""
"Agencias de viajes y tour operador","Tour operador receptivo-emisivo","AV-TOER-1404-03167","131499937","LAS COLINAS GRIGRI","Valiente Adentro","Santo Domingo","Vigente","Activa","Cerrado","2027-06-30","8097829246",""
"Agencias de viajes y tour operador","Agencias de viajes mayorista y tour operador receptivo-emisivo","AV-AMTE-3201-03200","132662148","Soleando Dr","Ciudad Almirante","Santo Domingo","Sin licencia","En formación","Abierto","","8093845657",""
"Agencias de viajes y tour operador","Tour operador local-doméstico","AV-TOLD-1801-03192","132715764","TOSIELLA","Puerto Plata - Centro Ciudad","Puerto Plata","Sin licencia","En formación","Cerrado","","8293724957",""
"Agencias de viajes y tour operador","Tour operador local-doméstico","AV-TOLD-1101-03168","132040473","FIRST WATERCRAFT AND WAVERUMMER MICDA","Buena Vista","La Altagracia","Sin licencia","En formación","Cerrado","","8098319706",""
"Agencias de viajes y tour operador","Agencias de viajes mayorista y tour operador receptivo-emisivo","AV-AMTE-1101-03234","132649109","OVALTUR DR","Jelly Fish","La Altagracia","Vigente","Activa","Abierto","2027-04-12","8099338539",""
"Agencias de viajes y tour operador","Tour operador receptivo-emisivo","AV-TOER-1101-03174","132675525","Tugas Tours","Bávaro","La Altagracia","Vigente","Activa","Abierto","2027-04-20","8293219321",""
"Agencias de viajes y tour operador","Agencias de viajes, reservas y pasajes","AV-AVMI-3201-03201","131263534","TBEO TOURS","Lucerna","Santo Domingo","Vigente","Activa","Abierto","2027-05-24","8093734294",""
"Agencias de viajes y tour operador","Tour operador local-doméstico","AV-TOLD-1801-03179","132709799","J CARLOS TRAVEL","Los Mameyes","Puerto Plata","Vigente","Activa","Abierto","2027-03-13","8299203452",""
"Agencias de viajes y tour operador","Tour operador receptivo-emisivo","AV-TOER-1807-03245","132579102","MINI CLUB YAYA, EXCURSIONES Y VIAJES","Higuey - Centro Ciudad","La Altagracia","Vigente","Activa","Abierto","2027-06-12","8294238801",""
"Agencias de viajes y tour operador","Tour operador receptivo-emisivo","AV-TOER-1101-03258","132136217","WORLD2MEET (LA ALTAGRACIA)","Bávaro","La Altagracia","Vigente","Activa","Cerrado","2027-06-07","8098315547",""
"Agencias de viajes y tour operador","Agencias de viajes, reservas y pasajes","AV-AVMI-0101-03264","132543582","True Privilege Travel","urbanización italia","Santo Domingo","Vigente","Activa","Cerrado","2028-01-04","8093792139",""
"Agencias de viajes y tour operador","Tour operador local-doméstico","AV-TOLD-0101-03215","132721268","Tropical Sky Tour Operador","Ensanche Naco","Distrito Nacional","Vigente","Activa","Abierto","2027-03-13","8095493446",""
"Agencias de viajes y tour operador","Tour operador receptivo-emisivo","AV-TOER-1101-03251","132654935","Kayleeg Tour and Travel","Punta Cana","La Altagracia","Vigente","Activa","Abierto","2027-08-07","8094660282",""
"Agencias de viajes y tour operador","Tour operador receptivo-emisivo","AV-TOER-1801-03274","03700677713","Elvis Tours","Ensanche Duboc","Puerto Plata","Vigente","Activa","Abierto","2027-08-31","8299189384",""
"Agencias de viajes y tour operador","Tour operador receptivo-emisivo","AV-TOER-1101-03225","02800995470","OCEAN TOUR RD APONTE","Bávaro","La Altagracia","Vigente","Activa","Abierto","2027-02-22","8293017851",""
"Agencias de viajes y tour operador","Tour operador receptivo-emisivo","AV-TOER-2003-03207","13400026012","cazier rd vacaciones vip","Las Terrenas","Samaná","Sin licencia","En formación","Abierto","","8297128009",""
"Agencias de viajes y tour operador","Agencia de viajes mayorista","AV-AVMA-0101-03261","00119239556","BLOW TRAVEL","Piantini","Distrito Nacional","Vigente","Activa","Abierto","2027-05-05","8297503325",""
"Agencias de viajes y tour operador","Agencias de viajes, reservas y pasajes","AV-AVMI-2801-03176","04801030737","ALAHIA TRAVEL","Bonao - Centro","Monseñor Nouel","Vigente","Activa","Abierto","2027-06-27","8294224961",""
"Agencias de viajes y tour operador","Tour operador local-doméstico","AV-TOLD-0101-03243","00112582093","BLUE NOVA TOURS GROUP","Zona Colonial","Distrito Nacional","Vigente","Activa","Cerrado","2027-05-05","8296403932",""
"Agencias de viajes y tour operador","Agencias de viajes mayorista y tour operador receptivo-emisivo","AV-AMTE-1801-03232","03700981727","RIBEACHMOUNT","Puerto Plata - Centro Ciudad","Puerto Plata","Vigente","Activa","Abierto","2027-04-24","8099697315",""
"Agencias de viajes y tour operador","Tour operador local-doméstico","AV-TOLD-1101-03260","00201017316","YOU TOURS","Bávaro","La Altagracia","Sin licencia","En formación","Abierto","","8093150021",""
"Agencias de viajes y tour operador","Agencias de viajes, reservas y pasajes y tour operador receptivo-emisivo","AV-AITE-1806-03166","03700840105","GRACELAND TOURS","Puerto Plata - Centro Ciudad","Puerto Plata","Sin licencia","En formación","Cerrado","","8096075485",""
"Agencias de viajes y tour operador","Tour operador local-doméstico","AV-TOLD-1101-03189","132686861","BANDOZINC","Punta Cana","La Altagracia","Vigente","Activa","Abierto","2027-01-16","8094399003",""
"Agencias de viajes y tour operador","Agencias de viajes mayorista y tour operador receptivo-emisivo","AV-AMTE-1801-03193","130085544","Camel Safari Explorng","Puerto Plata - Centro Ciudad","Puerto Plata","Vigente","Activa","Abierto","2028-01-03","8297456842",""
"Agencias de viajes y tour operador","Agencias de viajes mayorista y tour operador local-doméstico","AV-AMTL-1801-03223","03700677713","Elvis Tours","Ensanche Duboc","Puerto Plata","Sin licencia","En formación","Abierto","","8492014598",""
"Agencias de viajes y tour operador","Agencias de viajes, reservas y pasajes y tour operador receptivo-emisivo","AV-AMTE-0101-03236","00117641225","NOMAD","Piantini","Distrito Nacional","Vigente","Activa","Abierto","2027-05-17","8494713349",""
"Agencias de viajes y tour operador","Tour operador receptivo-emisivo","AV-TOER-0101-03202","00101792000","VIP GROUP","Bávaro","La Altagracia","Vigente","Activa","Abierto","2027-02-17","8292594888",""
"Agencias de viajes y tour operador","Agencias de viajes, reservas y pasajes y tour operador local-doméstico","AV-AITL-1201-03226","22300813627","LA GENTE BIEN","La Romana","La Romana","Sin licencia","En formación","Cerrado","","8499254846",""
"Agencias de viajes y tour operador","Tour operador receptivo-emisivo","AV-TOER-1101-03273","09700233837","PRESIDENTIAL SUITE","Cortecito","La Altagracia","Sin licencia","En formación","Abierto","","8092692279",""
"Agencias de viajes y tour operador","Agencias de viajes mayorista y tour operador receptivo-emisivo","AV-AMTE-0101-03235","XDD950077","CARIBEO DMC","Gazcue","Distrito Nacional","Vigente","Activa","Abierto","2027-05-17","8097087788",""
"Agencias de viajes y tour operador","Tour operador local-doméstico","AV-TOER-1801-03195","03700805868","DR PRIME TOURS","Cerromar","Puerto Plata","Vigente","Activa","Cerrado","2027-05-31","8098543790",""
"Agencias de viajes y tour operador","Tour operador local-doméstico","AV-TOLD-1102-03250","02700330422","LEXA TOURS & TRAVEL","Bayahibe","La Altagracia","Vigente","Activa","Abierto","2027-05-03","8299609241",""
"Agencias de viajes y tour operador","Agencias de viajes mayorista y tour operador receptivo-emisivo","AV-AMTE-1101-03230","09700233837","presidential suite","Bávaro","La Altagracia","Sin licencia","En formación","Abierto","","8092692279",""
"Agencias de viajes y tour operador","Tour operador local-doméstico","AV-TOLD-1101-03278","010011152","ADAEM EXCLUSIVE TOURS (AV-TOLD) - I","Punta Cana","La Altagracia","Sin licencia","En formación","Abierto","","8493142243",""
"Agencias de viajes y tour operador","Tour operador receptivo-emisivo","AV-TOER-1101-03281","132645723","Season Travel Punta Cana","Pueblo Bávaro","La Altagracia","Vigente","Activa","Cerrado","2027-07-05","8498812316",""
"Agencias de viajes y tour operador","Agencia de viajes mayorista","AV-AVMA-0101-03279","00118058825","De Coo Tours - Todo Incluido","Bella Vista","Distrito Nacional","Sin licencia","En formación","Abierto","","8096087288",""
"Agencias de viajes y tour operador","Tour operador receptivo-emisivo","AV-TOER-1101-03280","00117404897","ALCEGA SERVICIOS TURISTICOS","Los Manantiales","La Altagracia","Vigente","Activa","Abierto","2027-04-25","8297436395",""
"Agencias de viajes y tour operador","Tour operador local-doméstico","AV-TOLD-1101-03282","F23889472","GRUPO CARIBE HEBLES & LUTJENS","Punta Cana","La Altagracia","Vigente","Activa","Abierto","2027-04-21","8098410934",""
"Agencias de viajes y tour operador","Tour operador local-doméstico","AV-TOLD-1807-03287","131528201","EXCEPTCUST TOURS","Ensanche Luperón","Puerto Plata","Vigente","Activa","Abierto","2027-07-13","8095713514",""
"Agencias de viajes y tour operador","Agencias de viajes, reservas y pasajes y tour operador local-doméstico","AV-AITL-0101-03301","00101270841","Estancias Travel S.R. L.","Honduras del NOrte","Distrito Nacional","Sin licencia","En formación","Abierto","","8099742050",""
"Agencias de viajes y tour operador","Agencias de viajes, reservas y pasajes","AV-AVMI-3201-03299","22301484220","YOSHI TRAVELS","Villa Faro","Santo Domingo","Vigente","Activa","Abierto","2027-07-24","8298510353",""
"Agencias de viajes y tour operador","Tour operador local-doméstico","AV-TOLD-1801-03316","03701032801","REYES FAMILIA POP DOMINICAN TRAVEL","Puerto Plata - Centro Ciudad","Puerto Plata","Sin licencia","En formación","Cerrado","","8293647569",""
"Agencias de viajes y tour operador","Tour operador receptivo-emisivo","AV-TOER-0101-03313","40254764026","Holaqueya","Ensanche Quisqueya","Distrito Nacional","Vigente","Activa","Abierto","2027-08-30","8298681472",""
"Agencias de viajes y tour operador","Agencias de viajes, reservas y pasajes","AV-AVMI-0101-03310","00117591644","Royal Star Travels and Tour Services","La Esperilla","Distrito Nacional","Vigente","Activa","Abierto","2027-06-26","8492515253",""
"Agencias de viajes y tour operador","Tour operador local-doméstico","AV-TOLD-1303-03317","131422837","Jaraventura","Altos del Yaque","La Vega","Vigente","Activa","Abierto","2028-02-29","8093416708",""
"Agencias de viajes y tour operador","Tour operador local-doméstico","AV-TOLD-2003-03307","13400020551","Nano & Vega Tours SRL","Las Terrenas","Samaná","Vigente","Activa","Abierto","2027-09-14","8299629889",""
"Agencias de viajes y tour operador","Agencias de viajes, reservas y pasajes y tour operador local-doméstico","AV-AITL-3201-03329","PL4982832","Suncoast Multi Services SRL","Ensanche Ozama","Santo Domingo","Sin licencia","En formación","Abierto","","8297785072",""
"Agencias de viajes y tour operador","Tour operador local-doméstico","AV-TOLD-0101-03331","00114304678","TAMAR TOURS","Los Cacicazgos","Distrito Nacional","Vigente","Activa","Abierto","2027-07-25","8092235766",""
"Agencias de viajes y tour operador","Tour operador local-doméstico","AV-TOLD-1201-03335","130862931","HORIZON CHARTER","Coral Costa Caribe","La Romana","Vigente","Activa","Cerrado","2027-12-04","8299174895",""
"Agencias de viajes y tour operador","Agencias de viajes, reservas y pasajes","AV-AVMI-3201-03340","00113101729","SKETCHPROM, SRL","Ensanche Ozama","Santo Domingo","Sin licencia","En formación","Cerrado","","8295743618",""
"Agencias de viajes y tour operador","Tour operador receptivo-emisivo","AV-TOER-0101-03346","131066909","Travelbiz","La Castellana","Distrito Nacional","Vigente","Activa","Abierto","2027-06-22","8298297605",""
"Agencias de viajes y tour operador","Agencias de viajes, reservas y pasajes y tour operador receptivo-emisivo","AV-AMTE-3201-03342","132439465","TROLBIS","Villa Faro","Santo Domingo","Vigente","Activa","Abierto","2028-07-09","8092315092",""
"Agencias de viajes y tour operador","Agencia de viajes mayorista","AV-AVMA-3203-03343","132739622","GRUPO ELLIBRY SRL","ensanche La Fe","Distrito Nacional","Vigente","Activa","Abierto","2028-01-04","8492522022",""
"Agencias de viajes y tour operador","Agencias de viajes, reservas y pasajes","AV-AVMI-1804-03345","03800020384","Maimón Cruise Services Jesús Cabrera S.R.L.","Cofresi","Puerto Plata","Vigente","Activa","Abierto","2026-08-28","8298403844",""
"Agencias de viajes y tour operador","Tour operador receptivo-emisivo","AV-TOER-1101-03366","132526007","Prime Traveler","Los Sotos","La Altagracia","Vigente","Activa","Abierto","2029-09-29","8297960098",""
"Agencias de viajes y tour operador","Tour operador receptivo-emisivo","AV-TOER-1801-03367","132791363","POP PARADISE AVENTURE (PRINCIPAL)","Playa Bachata","Puerto Plata","Sin licencia","En formación","Cerrado","","8096041471",""
"Agencias de viajes y tour operador","Agencias de viajes mayorista y tour operador receptivo-emisivo","AV-AMTE-2501-03373","132804572","EXCURSIONES_US","La Gallera","Santiago","Vigente","Activa","Abierto","2027-07-10","8096268867",""
"Agencias de viajes y tour operador","Agencias de viajes mayorista y tour operador receptivo-emisivo","AV-AMTE-1801-03374","131149308","TOUR GEEKS","Costa Dorada","Puerto Plata","Vigente","Activa","Abierto","2027-10-05","8296216116",""
"Agencias de viajes y tour operador","Tour operador receptivo-emisivo","AV-TOER-1101-03381","131352431","CADINOV TOUR OPERADOR","PLAYA EL CORETECITO","La Altagracia","Vigente","Activa","Cerrado","2027-08-01","8095521396",""
"Agencias de viajes y tour operador","Agencias de viajes, reservas y pasajes","AV-AVMI-0101-03390","132509732","TOUR CENTER","BELLA VISTA","Distrito Nacional","Vigente","Activa","Cerrado","2027-07-11","8293806084",""
"Agencias de viajes y tour operador","Agencia de viajes mayorista","AV-AMTL-0101-03393","131619479","De Coo Tours","BELLA VISTA","Distrito Nacional","Vigente","Activa","Abierto","2027-11-14","8293047288",""
"Agencias de viajes y tour operador","Agencias de viajes, reservas y pasajes","AV-AVMI-0101-03394","132698983","ESTANCIAS TRAVEL","gacela","Distrito Nacional","Vigente","Activa","Cerrado","2027-09-18","8099742050",""
"Agencias de viajes y tour operador","Tour operador local-doméstico","AV-TOLD-1806-03379","132636287","GRACELAND TOURS","PLAYA GRANDE LUPERON","Puerto Plata","Vigente","Activa","Abierto","2028-02-07","8092549381",""
"Agencias de viajes y tour operador","Agencias de viajes, reservas y pasajes y tour operador local-doméstico","AV-AITL-1101-03398","130515115","SCUBADOO","punta cana","La Altagracia","Sin licencia","En formación","Abierto","","8099896912",""
"Agencias de viajes y tour operador","Agencias de viajes, reservas y pasajes","AV-AVMI-0101-03378","132455193","TURIZAM","JARDINES DEL CARIBE","Distrito Nacional","Vigente","Activa","Cerrado","2027-07-19","8094122141",""
"Agencias de viajes y tour operador","Agencias de viajes, reservas y pasajes y tour operador receptivo-emisivo","AV-AITE-2301-03399","132624173","MPY TOURS","PLAYA EL MUERTO","San Pedro de Macorís","Sin licencia","En formación","Cerrado","","8295868381",""
"Agencias de viajes y tour operador","Tour operador receptivo-emisivo","AV-TOER-3204-03402","132764307","OVELISSE TRAVES & TOURS","BOCA CHICA","Santo Domingo","Vigente","Activa","Abierto","2027-08-17","8094036993",""
"Agencias de viajes y tour operador","Agencias de viajes, reservas y pasajes y tour operador receptivo-emisivo","AV-AITE-0101-03403","132148703","NATEEVOS","PIANTINI","Distrito Nacional","Sin licencia","En formación","Cerrado","","8097297674",""
"Agencias de viajes y tour operador","Agencias de viajes, reservas y pasajes","AV-AVMI-0101-03405","131291791","VOLARE TRAVEL","ENSANCHE NACO","Distrito Nacional","Vigente","Activa","Abierto","2028-01-04","8097947111",""
"Agencias de viajes y tour operador","Agencias de viajes mayorista y tour operador receptivo-emisivo","AV-AMTE-3201-03404","132616804","Brisas Oriental","BRISAS ORIENTAL","Santo Domingo","Sin licencia","En formación","Cerrado","","8299043879",""
"Agencias de viajes y tour operador","Tour operador receptivo-emisivo","AV-TOER-1807-03414","132787722","ISMAEL TRANSFER TOUR","cabarete","Puerto Plata","Vigente","Activa","Abierto","2028-01-08","8299082427",""
"Agencias de viajes y tour operador","Tour operador local-doméstico","AV-TOLD-1101-03458","130839794","SIDE BY SIDE ADVENTURES","PLAYA BAVARO","La Altagracia","Vigente","Activa","Abierto","2027-09-28","8099247190",""
"Agencias de viajes y tour operador","Agencias de viajes, reservas y pasajes y tour operador local-doméstico","AV-AITL-1101-03471","132492455","LUXURY TOURS PL","PLAYA BAVARO","La Altagracia","Sin licencia","En formación","Abierto","","8292618371",""
"Agencias de viajes y tour operador","Tour operador receptivo-emisivo","AV-TOER-1101-03495","132732219","4S PUNTA CANA CITY TOURS AND TRAVELS","PLAYA BAVARO","La Altagracia","Vigente","Activa","Cerrado","2027-10-24","8094036993",""
"Agencias de viajes y tour operador","Agencias de viajes, reservas y pasajes","AV-AVMI-2901-03527","132199065","KLK TOURS AND TRAVELS","monte plata","Monte Plata","Vigente","Activa","Cerrado","2027-10-19","8095513837",""
"Agencias de viajes y tour operador","Tour operador local-doméstico","AV-TOLD-1102-03526","132900367","PERFECT VIBE - ANNE K. TOURS","BAYAHIBE","La Altagracia","Vigente","Activa","Cerrado","2027-12-29","8294533042",""
"Agencias de viajes y tour operador","Agencias de viajes, reservas y pasajes y tour operador local-doméstico","AV-AITL-3203-03541","132926082","FLY CHEAP AND TOURS FCAT","COLINAS DE ARROYO HONDO II","Santo Domingo","Sin licencia","En formación","Cerrado","","8092862105",""
"Agencias de viajes y tour operador","Tour operador receptivo-emisivo","AV-TOER-1101-03553","132803078","BEEDMC","playa bavaro","La Altagracia","Vigente","Activa","Abierto","2027-10-18","8092842810",""
"Agencias de viajes y tour operador","Agencias de viajes mayorista y tour operador receptivo-emisivo","AV-AMTE-2501-03474","132291247","AGENCIA DE VIAJES YES","","Santiago","Vigente","Activa","Cerrado","2028-03-15","8298397252",""
"Agencias de viajes y tour operador","Agencias de viajes, reservas y pasajes","AV-AVMI-0101-03558","132833651","MIROCLICK","las praderas","Distrito Nacional","Sin licencia","En formación","Cerrado","","8098540997",""
"Agencias de viajes y tour operador","Agencias de viajes, reservas y pasajes","AV-AVMI-1701-03562","402208137","EDRIN RENT & TRAVEL","centro del pueblo","Peravia","Vigente","Activa","Abierto","2029-06-16","8299180270",""
"Agencias de viajes y tour operador","Tour operador receptivo-emisivo","AV-TOER-1101-03566","132840429","BRUTTRA VELEXPERIENCE","Playa Bavaro","La Altagracia","Vigente","Activa","Cerrado","2027-11-13","8294722968",""
"Agencias de viajes y tour operador","Agencias de viajes, reservas y pasajes y tour operador local-doméstico","AV-AITL-0101-03567","132889274","MARIE TRAVEL AND TOUR","LA FERIA","Distrito Nacional","Sin licencia","En formación","Cerrado","","8295346890",""
"Agencias de viajes y tour operador","Agencias de viajes, reservas y pasajes","AV-AVMI-1701-03571","132592532","LAS DUNAS TOURS","BANI","Peravia","Vigente","Activa","Abierto","2028-10-09","8095224596",""
"Agencias de viajes y tour operador","Agencias de viajes, reservas y pasajes y tour operador local-doméstico","AV-AITL-1101-03570","402373337","HOLIDAY VILLAGE OF PUNTA CANA","PLAYA VERON","La Altagracia","Sin licencia","En formación","Abierto","","8095416519",""
"Agencias de viajes y tour operador","Tour operador receptivo-emisivo","AV-TOER-0101-03572","131519466","OFFBEAT EDUCATION","BELLA VISTA","Distrito Nacional","Vigente","Activa","Abierto","2028-12-31","8297662366",""
"Agencias de viajes y tour operador","Agencias de viajes, reservas y pasajes y tour operador receptivo-emisivo","AV-AITE-0101-03569","132883632","VACATIONS TO GO TRAVEL","COLINA DE LOS RIOS","Distrito Nacional","Vigente","Activa","Cerrado","2028-02-09","8098196151",""
"Agencias de viajes y tour operador","Agencias de viajes, reservas y pasajes","AV-AVMI-2501-03575","132573412","EQUIPAJE A MANO","LOS JARDINES","Santiago","Vigente","Activa","Cerrado","2027-12-22","8097249566",""
"Agencias de viajes y tour operador","Agencias de viajes mayorista y tour operador local-doméstico","AV-AMTL-1101-03583","131630431","LANTIGUA  ROSA QUALITY","playa bavaro","La Altagracia","Sin licencia","En formación","Cerrado","","8296192534",""
"Agencias de viajes y tour operador","Tour operador receptivo-emisivo","AV-TOER-1101-03587","132136217","WORLD2MEET (PUERTO PLATA)","playa sosua","Puerto Plata","Vigente","Activa","Cerrado","2028-01-31","8095623344",""
"Agencias de viajes y tour operador","Agencias de viajes, reservas y pasajes y tour operador local-doméstico","AV-AVMI-1801-03588","132874422","ANTHONYINFOTOURS","PLAYA SOSUA","Puerto Plata","Vigente","Activa","Abierto","2028-09-30","8298389086",""
"Agencias de viajes y tour operador","Agencias de viajes, reservas y pasajes y tour operador receptivo-emisivo","AV-AITE-1101-03589","132813202","DR 4 FANS LEISURE GROUP","PLAYA BAVARO","La Altagracia","Vigente","Activa","Cerrado","2028-03-21","8093307598",""
"Agencias de viajes y tour operador","Agencias de viajes, reservas y pasajes y tour operador local-doméstico","AV-TOLD-0101-03590","131816401","VIAJES FERME","PIANTINI","Distrito Nacional","Vigente","Activa","Abierto","2029-02-06","8094351995",""
"Agencias de viajes y tour operador","Agencias de viajes, reservas y pasajes","AV-AMTE-0101-03591","132745851","JUANY TOURS AGENCIA DE VIAJES Y OPERADORA DE TURISMO","EL MILLÓN","Distrito Nacional","Vigente","Activa","Cerrado","2028-05-20","8094834532",""
"Agencias de viajes y tour operador","Tour operador receptivo-emisivo","AV-TOER-1101-03592","132069791","GRUPO TAINO","PLATYA ARENA GORDA","La Altagracia","Incompleta","Inactiva","Abierto","","8493602656",""
"Agencias de viajes y tour operador","Tour operador local-doméstico","AV-TOLD-2904-03599","132872152","MPG ADVENTURE TOURS","YAMASA","Monte Plata","Vigente","Activa","Cerrado","2027-12-08","8098648690",""
"Agencias de viajes y tour operador","Agencias de viajes, reservas y pasajes y tour operador receptivo-emisivo","AV-AITE-1101-03594","131153194","ENDEAR TRAVEL","PLAYA BAVARO","La Altagracia","Vigente","Activa","Abierto","2028-11-28","8095520128",""
"Agencias de viajes y tour operador","Agencias de viajes, reservas y pasajes y tour operador receptivo-emisivo","AV-AITE-1101-03600","132624637","ONE CLICK SHUTTLES AND TRAVEL LACM","PLAYA EL CORTECITO","La Altagracia","Vigente","Activa","Abierto","2027-12-04","8298714513",""
"Agencias de viajes y tour operador","Agencias de viajes, reservas y pasajes","AV-AVMI-0901-03603","106000965","AGENCIA DE VIAJES AP","MOCA","Espaillat","Vigente","Activa","Abierto","2028-10-01","8095783161",""
"Agencias de viajes y tour operador","Agencias de viajes, reservas y pasajes","AV-AVMI-0901-03604","131559751","WASCAR TRAVEL","MOCA","Espaillat","Sin licencia","En formación","Abierto","","8095785000",""
"Agencias de viajes y tour operador","Agencias de viajes, reservas y pasajes y tour operador receptivo-emisivo","AV-AITE-2501-03610","132713712","TRAVELSWITCH","SANTIAGO","Santiago","Sin licencia","En formación","Cerrado","","8096032136",""
"Agencias de viajes y tour operador","Agencias de viajes, reservas y pasajes","AV-AVMI-0901-03613","132774876","Wonderful Trips","MOCA","Espaillat","Sin licencia","En formación","Cerrado","","8098224583",""
"Agencias de viajes y tour operador","Tour operador local-doméstico","AV-TOLD-1601-03628","132070909","TRICAN TOURS ADVENTURE","pedernales","Pedernales","Vigente","Activa","Cerrado","2028-02-14","8296100196",""
"Agencias de viajes y tour operador","Tour operador local-doméstico","AV-AITL-0802-03627","132551771","ATLANTIC COAST ADVENTURE","el seibo","El Seibo","Vigente","Activa","Cerrado","2027-12-28","8095416519",""
"Agencias de viajes y tour operador","Agencias de viajes, reservas y pasajes","AV-AVMI-3201-03631","131587828","DAP TRAVEL EXPERIENCE","san isidro","Santo Domingo","Vigente","Activa","Abierto","2028-02-02","8095954000",""
"Agencias de viajes y tour operador","Tour operador receptivo-emisivo","AV-TOER-1101-03633","110103633","sv all summer vacations & tours","PLAYA BAVARO","La Altagracia","Sin licencia","En formación","Abierto","","8293920939",""
"Agencias de viajes y tour operador","Tour operador receptivo-emisivo","AV-TOER-1807-03636","132926889","SANTA FE SOV TOURS","playa cabarete","Puerto Plata","Vigente","Activa","Cerrado","2028-01-04","8099618131",""
"Agencias de viajes y tour operador","Agencias de viajes, reservas y pasajes","AV-AVMI-2501-03654","132805054","FABIANGEL TRAVELS","santiago","Santiago","Vigente","Activa","Abierto","2028-01-30","8499129927",""
"Agencias de viajes y tour operador","Agencias de viajes, reservas y pasajes","AV-AVMI-3201-03681","132473817","Excellent Vacations KCU","brisa oriental","Santo Domingo","Vigente","Activa","Abierto","2028-02-09","8098099155",""
"Agencias de viajes y tour operador","Agencia de viajes mayorista","AV-AVMA-1101-03660","132235258","BEAUDUY TRAVEL AGENCY AND MORE SERVICES","HIGUEY","La Altagracia","Sin licencia","En formación","Abierto","","8095540220",""
"Agencias de viajes y tour operador","Tour operador local-doméstico","AV-TOLD-1801-03663","131956017","LEVESON INTERNATIONAL GOLF EXCUSION","playa bavaro","La Altagracia","Sin licencia","En formación","Abierto","","8097776380",""
"Agencias de viajes y tour operador","Agencias de viajes mayorista y tour operador receptivo-emisivo","AV-AMTE-0101-03664","132695755","Enjoy Travel Group","piantini","Distrito Nacional","Vigente","Activa","Abierto","2029-01-23","8296053990",""
"Agencias de viajes y tour operador","Agencias de viajes, reservas y pasajes","AV-AVMI-3201-03717","132845188","DERIVÉ TRAVEL AGENCIA DE VIAJES Y EVENTOS","alma rosa I","Santo Domingo","Vigente","Activa","Cerrado","2028-03-14","8094339392",""
"Agencias de viajes y tour operador","Agencias de viajes, reservas y pasajes","AV-AVMI-0101-03725","132986253","Beetours Group RD","los prados","Distrito Nacional","Sin licencia","En formación","Cerrado","","8295068805",""
"Agencias de viajes y tour operador","Agencias de viajes, reservas y pasajes y tour operador receptivo-emisivo","AV-AITE-1101-03730","132966155","MEGA WORLD TOUR","playa bavaro","La Altagracia","Vigente","Activa","Abierto","2028-04-03","8296668825",""
"Agencias de viajes y tour operador","Tour operador local-doméstico","AV-TOLD-1201-03728","132969421","AVENTURAS PANORAMA DOMINICANO","playa romana","La Romana","Vencida","Inactiva","Cerrado","2026-02-22","8495243344",""
"Agencias de viajes y tour operador","Agencias de viajes, reservas y pasajes","AV-AVMI-0101-03727","131972683","MILAN'S TRAVEL","zona colonial","Distrito Nacional","Vigente","Activa","Abierto","2028-03-15","8093723879",""
"Agencias de viajes y tour operador","Tour operador local-doméstico","AV-TOLD-3201-03733","131512862","GOLDEN HOUSE HOTEL Y RESTAURANT","urbanizacion italia","Santo Domingo","Sin licencia","En formación","Abierto","","8097880103",""
"Agencias de viajes y tour operador","Tour operador receptivo-emisivo","AV-TOER-1101-03710","132859431","MUNDO TRAVEL DOX","playa arena gorda","La Altagracia","Vigente","Activa","Abierto","2028-03-19","8294722968",""
"Agencias de viajes y tour operador","Tour operador receptivo-emisivo","AV-TOER-1101-03737","131545629","PLEASANT TOURS AND TRAVELS","PLAYA BAVARO","La Altagracia","Vigente","Activa","Cerrado","2028-03-19","8299145953",""
"Agencias de viajes y tour operador","Agencias de viajes, reservas y pasajes","AV-AVMI-0901-03753","131097342","Awesome Travel","moca","Espaillat","Vigente","Activa","Abierto","2028-07-18","8095782338",""
"Agencias de viajes y tour operador","Tour operador local-doméstico","AV-TOLD-1101-03701","132817133","REISENDER TOURS","playa bavaro","La Altagracia","Sin licencia","En formación","Cerrado","","8296531592",""
"Agencias de viajes y tour operador","Agencias de viajes, reservas y pasajes","AV-AVMI-0901-03706","132643267","ADAJA TROPICAL TOURS RD","moca","Espaillat","Vigente","Activa","Abierto","2028-04-05","8095779044",""
"Agencias de viajes y tour operador","Agencias de viajes mayorista y tour operador receptivo-emisivo","AV-AMTE-0101-03713","131572162","Encoro Tours&Travel","BELLA VISTA","Distrito Nacional","Sin licencia","En formación","Cerrado","","8097318385",""
"Agencias de viajes y tour operador","Agencias de viajes, reservas y pasajes","AV-AVMI-0101-03744","130360342","VETE TRAVEL PLANNERS","bella vista","Distrito Nacional","Sin licencia","En formación","Cerrado","","8095405464",""
"Agencias de viajes y tour operador","Tour operador receptivo-emisivo","AV-AMTE-1807-03707","132980492","JEYKO MICHEL TRANSFER TOUR","playa sosua","Puerto Plata","Vigente","Activa","Cerrado","2028-07-31","8099827151",""
"Agencias de viajes y tour operador","Tour operador receptivo-emisivo","AV-TOER-1101-03769","132811102","BLUE TREASURE","","La Altagracia","Sin licencia","En formación","Cerrado","","8299128714",""
"Agencias de viajes y tour operador","Tour operador local-doméstico","AV-TOLD-1101-03767","132011813","GRUPO MMJ RD","playa bavaro","La Altagracia","Vigente","Activa","Abierto","2028-05-16","8095385577",""
"Agencias de viajes y tour operador","Agencias de viajes mayorista y tour operador local-doméstico","AV-AMTL-2001-03760","132943945","AVENTURE WOLD SAMANA","las galeras","Samaná","Sin licencia","En formación","Cerrado","","8094250861",""
"Agencias de viajes y tour operador","Agencias de viajes mayorista y tour operador receptivo-emisivo","AV-AMTE-0101-03775","132170369","CANYONING REPUBLICA DOMINICANA GN","","La Altagracia","Sin licencia","En formación","Abierto","","8098666001",""
"Agencias de viajes y tour operador","Agencias de viajes, reservas y pasajes y tour operador receptivo-emisivo","AV-AITE-0101-03782","131909817","North Star Tours","","Distrito Nacional","Vigente","Activa","Cerrado","2028-08-30","8093882882",""
"Agencias de viajes y tour operador","Agencias de viajes mayorista y tour operador receptivo-emisivo","AV-AMTE-1101-03786","133087881","4MICE-DMC","","La Altagracia","Vigente","Activa","Cerrado","2028-05-20","8494823879",""
"Agencias de viajes y tour operador","Agencias de viajes, reservas y pasajes","AV-AVMI-3201-03787","132039181","SOL Y ARENA VACATION REYES GARCIA","","Santo Domingo","Vigente","Activa","Cerrado","2028-06-06","8299350723",""
"Agencias de viajes y tour operador","Agencias de viajes, reservas y pasajes","AV-AVMI-0101-03793","132658779","T. L. GALLERY TOURS","","Distrito Nacional","Vigente","Activa","Cerrado","2028-08-05","8092990648",""
"Agencias de viajes y tour operador","Agencias de viajes, reservas y pasajes y tour operador receptivo-emisivo","AV-AITE-0101-03798","131631088","BUENOHOTEL","","Distrito Nacional","Vigente","Activa","Abierto","2028-08-02","8095664292",""
"Agencias de viajes y tour operador","Agencias de viajes, reservas y pasajes","AV-AITE-3201-03764","132697219","PIVI TRAVEL","villa faro","Santo Domingo","Vigente","Activa","Abierto","2028-06-10","8097553396",""
"Agencias de viajes y tour operador","Tour operador receptivo-emisivo","AV-TOER-0101-03801","132984528","MK INTERNATIONAL SERVICES BY RH","","La Altagracia","Vigente","Activa","Abierto","2028-07-26","8096896232",""
"Agencias de viajes y tour operador","Tour operador receptivo-emisivo","AV-TOER-2001-03802","132528468","ACTION TOURS BY J. RAVEN","BAVARO","La Altagracia","Vigente","Activa","Abierto","2029-06-20","8098703856",""
"Agencias de viajes y tour operador","Agencias de viajes, reservas y pasajes","AV-AVMI-1801-03803","132733606","SANPOL TRAVELS & TOURS","","Puerto Plata","Vigente","Activa","Abierto","2028-08-02","8298743446",""
"Agencias de viajes y tour operador","Tour operador receptivo-emisivo","AV-TOER-2001-03806","132528468","ACTION TOURS BY J. RAVEN (AV-TOER)","Las Galeras","Samaná","Vigente","Activa","Abierto","2028-11-01","8292441675",""
"Agencias de viajes y tour operador","Agencias de viajes, reservas y pasajes","AV-AVMI-3201-03807","132313054","CARJOVIM TOURS & TRAVELS","","Santo Domingo","Vigente","Activa","Cerrado","2028-06-17","8097155931",""
"Agencias de viajes y tour operador","Tour operador receptivo-emisivo","AV-TOER-3204-03762","132891831","RD MATIAS TOURS","BOCA CHICA","Santo Domingo","Sin licencia","En formación","Cerrado","","8095014949",""
"Agencias de viajes y tour operador","Agencias de viajes, reservas y pasajes","AV-AVMI-3201-03811","131829686","Mennuz Tours","ENSANCHE OZAMA","Santo Domingo","Vigente","Activa","Abierto","2028-06-11","8299087729",""
"Agencias de viajes y tour operador","Agencias de viajes, reservas y pasajes","AV-AVMI-0101-03812","132154789","Brunette Travel","","Distrito Nacional","Sin licencia","En formación","Cerrado","","8095850980",""
"Agencias de viajes y tour operador","Agencias de viajes, reservas y pasajes y tour operador local-doméstico","AV-AITL-1201-03814","132675177","BOTELLO CACECRES VACACIONES","","La Romana","Vigente","Activa","Abierto","2028-08-01","8293409398",""
"Agencias de viajes y tour operador","Agencias de viajes, reservas y pasajes","AV-AVMI-0901-03815","133001314","AGENCIA DE VIAJES VY TRAVEL VUELA, VIAJA Y VIVE","","Espaillat","Sin licencia","En formación","Cerrado","","8097830579",""
"Agencias de viajes y tour operador","Agencias de viajes, reservas y pasajes y tour operador receptivo-emisivo","AV-AITE-0101-03819","133016214","Go Punta Cana","","Distrito Nacional","Vigente","Activa","Cerrado","2028-09-10","8097329298",""
"Agencias de viajes y tour operador","Agencias de viajes mayorista y tour operador receptivo-emisivo","AV-AITL-1101-03823","133034719","MR. & MRS. PUNTA CANA","Higuey","La Altagracia","Vigente","Activa","Abierto","2029-06-13","8097818097",""
"Agencias de viajes y tour operador","Tour operador local-doméstico","AV-AMTE-2003-03826","131617719","CARIBE NOMADA EXPERIENCIAS EN REPUBLICA DOMINICANA","LAS TERRENAS","Samaná","Vigente","Activa","Cerrado","2028-11-12","8294010935",""
"Agencias de viajes y tour operador","Agencias de viajes, reservas y pasajes y tour operador receptivo-emisivo","AV-AITE-0101-03827","133096099","Priceless Travel & Tour By JS","","Distrito Nacional","Sin licencia","En formación","Cerrado","","8497204251",""
"Agencias de viajes y tour operador","Tour operador local-doméstico","AV-TOLD-1101-03833","132890795","GRUPO TURISTICO MA MENDEZ EXCLUSIVO EXCURSIONS","","La Altagracia","Vigente","Activa","Abierto","2028-08-02","8097656789",""
"Agencias de viajes y tour operador","Tour operador local-doméstico","AV-TOER-0101-03839","132741242","Riverhome Turoperadora","la romana","La Romana","Vigente","Activa","Abierto","2028-12-02","8099439000",""
"Agencias de viajes y tour operador","Agencias de viajes mayorista y tour operador receptivo-emisivo","AV-AITE-1101-03843","132765273","AVENTURA PUNTA CANA","Higuey","La Altagracia","Vigente","Activa","Abierto","2029-09-03","8293561120",""
"Agencias de viajes y tour operador","Agencias de viajes mayorista y tour operador local-doméstico","AV-AMTL-0101-03845","131131891","Soirees Congresos & Turismo","","Distrito Nacional","Sin licencia","En formación","Abierto","","8097326873",""
"Agencias de viajes y tour operador","Agencias de viajes mayorista y tour operador local-doméstico","AV-AMTL-2003-03846","132081528","OBISPO MAR AERO TIERRA TOURS","","Samaná","Sin licencia","En formación","Abierto","","8099135825",""
"Agencias de viajes y tour operador","Tour operador receptivo-emisivo","AV-TOER-1101-03848","131904084","MONTISA TOURS AND TRAVEL & TRANSFER","","La Altagracia","Sin licencia","En formación","Abierto","","8293717691",""
"Agencias de viajes y tour operador","Agencias de viajes, reservas y pasajes","AV-AVMI-2501-03849","132372328","Aneudy Tour","Santiago","Santiago","Vigente","Activa","Abierto","2028-07-30","8095826596",""
"Agencias de viajes y tour operador","Tour operador receptivo-emisivo","AV-TOER-0101-03850","131483569","TODO - TOUR DOMINICAN EXPERIENCE TD&N","","Distrito Nacional","Sin licencia","En formación","Abierto","","8098506179",""
"Agencias de viajes y tour operador","Agencias de viajes, reservas y pasajes","AV-AVMI-2501-03851","132363825","EDUTRAVEL","","Santiago","Vigente","Activa","Abierto","2028-08-02","8098060474",""
"Agencias de viajes y tour operador","Agencias de viajes, reservas y pasajes","AV-AVMI-0101-03858","132591768","Acciona Airport Services República Dominicana","","Santo Domingo","Sin licencia","En formación","Abierto","","8098295636",""
"Agencias de viajes y tour operador","Agencias de viajes mayorista y tour operador receptivo-emisivo","AV-AMTE-3201-03863","133067791","JMS1 COMPANY","LUCERNA","Santo Domingo","Vigente","Activa","Cerrado","2029-10-28","8494577489",""
"Agencias de viajes y tour operador","Tour operador local-doméstico","AV-TOLD-1101-03866","133047861","A&M PUNTA CANA TRANSFER","","La Altagracia","Vigente","Activa","Cerrado","2028-08-26","8094890619",""
"Agencias de viajes y tour operador","Agencias de viajes mayorista y tour operador receptivo-emisivo","AV-TOLD-1101-03868","132520343","BRIGHT SUN VILLAGE","BOCA DE YUMA","La Altagracia","Vigente","Activa","Abierto","2028-10-10","8094677074",""
"Agencias de viajes y tour operador","Agencia de viajes mayorista","AV-AVMA-0207-03871","132108493","EL ENERO","","Azua","Sin licencia","En formación","Abierto","","8299316344",""
"Agencias de viajes y tour operador","Agencia de viajes mayorista","AV-AVMA-0601-03874","132090373","FELIU TRAVEL AGENCY","","Duarte","Vigente","Activa","Abierto","2028-09-10","8095884568",""
"Agencias de viajes y tour operador","Tour operador local-doméstico","AV-TOLD-1101-03882","131720625","HIGH QUALITY TRANSPORT AND RENTAL SERVICES CRISTIAN LUNA","","La Altagracia","Vigente","Activa","Abierto","2029-01-29","8299661898",""
"Agencias de viajes y tour operador","Agencias de viajes, reservas y pasajes","AV-AVMI-0101-03884","133025841","DJ2 QUICK TRAVEL","","Distrito Nacional","Sin licencia","En formación","Cerrado","","8494603500",""
"Agencias de viajes y tour operador","Tour operador receptivo-emisivo","AV-TOER-0101-03892","132717783","GEVISA TRAVEL","","Distrito Nacional","Vigente","Activa","Abierto","2028-11-13","8099067384",""
"Agencias de viajes y tour operador","Tour operador receptivo-emisivo","AV-TOER-1101-03894","131945457","PUNTA CANA EM PORTUGUES","BAVARO","La Altagracia","Vigente","Activa","Abierto","2029-02-12","8498862196",""
"Agencias de viajes y tour operador","Agencias de viajes, reservas y pasajes y tour operador receptivo-emisivo","AV-AITE-3201-03918","132204239","MULTISERVICES ATM TRAVEL MARKETING","","Santo Domingo","Vigente","Activa","Abierto","2028-12-11","8295949042",""
"Agencias de viajes y tour operador","Agencias de viajes, reservas y pasajes","AV-AVMI-3201-03928","132948882","XINAMON TRAVEL","Ensanche Ozama","Santo Domingo","Vigente","Activa","Cerrado","2028-10-25","8299777283",""
"Agencias de viajes y tour operador","Agencias de viajes, reservas y pasajes","AV-AVMI-0101-03931","132771419","CASTEL TOURS AND TRAVELS (Principal)","","Distrito Nacional","Vigente","Activa","Abierto","2028-10-10","8292228486",""
"Agencias de viajes y tour operador","Agencias de viajes, reservas y pasajes","AV-AVMI-1801-03932","132579038","WANTRIP SERVICES","","Puerto Plata","Sin licencia","En formación","Abierto","","8099836819",""
"Agencias de viajes y tour operador","Tour operador receptivo-emisivo","AV-TOER-1801-03933","133137771","To PUERTO PLATA DR","Puerto Plata","Puerto Plata","Vigente","Activa","Cerrado","2028-10-24","8093209497",""
"Agencias de viajes y tour operador","Agencias de viajes, reservas y pasajes","AV-AVMI-0101-03939","133011484","CAROL-SKY TRAVELS & TOURS","los prados","Distrito Nacional","Vigente","Activa","Cerrado","2028-12-09","8297788321",""
"Agencias de viajes y tour operador","Agencias de viajes, reservas y pasajes","AV-AVMI-3203-03942","132560078","JAVIER TROUT TOURS","","Santo Domingo","Vigente","Activa","Cerrado","2029-01-15","8293056908",""
"Agencias de viajes y tour operador","Agencias de viajes mayorista y tour operador receptivo-emisivo","AV-AMTE-1501-03948","131217656","Soraya y Leonardo Tours","","Monte Cristi","Sin licencia","En formación","Abierto","","8099616343",""
"Agencias de viajes y tour operador","Tour operador local-doméstico","AV-TOLD-3206-03949","131990789","PALCARIBE TOURS AND TRAVELS","","Santo Domingo","Vigente","Activa","Cerrado","2029-02-11","8296999447",""
"Agencias de viajes y tour operador","Agencias de viajes, reservas y pasajes","AV-AVMI-3201-03951","133106401","CHATZAR.CO TRAVEL AGENCY & ALGO MAS","","Santo Domingo","Sin licencia","En formación","Cerrado","","8092316344",""
"Agencias de viajes y tour operador","Tour operador receptivo-emisivo","AV-TOER-0101-03952","133174375","BestOne Travel","","Distrito Nacional","Vigente","Activa","Cerrado","2028-11-13","8095012869",""
"Agencias de viajes y tour operador","Tour operador receptivo-emisivo","AV-TOER-1101-03953","133099195","BAVAROPUNTACANA TRIPS","","La Altagracia","Vigente","Activa","Cerrado","2028-12-27","8094036993",""
"Agencias de viajes y tour operador","Agencias de viajes, reservas y pasajes","AV-AVMI-1301-03965","132802403","Travel To Live By Bianna Colón RD","","La Vega","Vigente","Activa","Abierto","2028-12-10","8093650462",""
"Agencias de viajes y tour operador","Agencias de viajes mayorista y tour operador receptivo-emisivo","AV-AMTE-1102-03966","132369394","Transporte Turistico Bayapunta","","La Altagracia","Sin licencia","En formación","Cerrado","","8492533022",""
"Agencias de viajes y tour operador","Agencias de viajes, reservas y pasajes","AV-AVMI-3201-03968","132567153","Tendencia tropical RD","","Santo Domingo","Sin licencia","En formación","Abierto","","8097924999",""
"Agencias de viajes y tour operador","Tour operador receptivo-emisivo","AV-TOER-1809-03969","133228051","DIOMI CAMINERO TRANSFER TOUR","","Puerto Plata","Vigente","Activa","Cerrado","2029-04-25","8494019417",""
"Agencias de viajes y tour operador","Tour operador receptivo-emisivo","AV-TOER-0101-03970","133218267","La EX Tours by Ronnie Mancebo","","Distrito Nacional","Vigente","Activa","Cerrado","2029-03-04","8096573905",""
"Agencias de viajes y tour operador","Agencias de viajes, reservas y pasajes","AV-AVMI-2802-03971","132443624","Marvida Tours","","Monseñor Nouel","Sin licencia","En formación","Cerrado","","8295858739",""
"Agencias de viajes y tour operador","Agencias de viajes, reservas y pasajes","AV-AVMA-0101-03972","131496474","Gozalo Travel","","Distrito Nacional","Vigente","Activa","Abierto","2028-12-17","8098761662",""
"Agencias de viajes y tour operador","Agencias de viajes, reservas y pasajes","AV-AVMI-0101-03973","133090317","JROSA ASESORA DE VIAJES","Gazcue","Distrito Nacional","Vigente","Activa","Cerrado","2028-11-26","8494535223",""
"Agencias de viajes y tour operador","Agencia de viajes mayorista","AV-AVMA-0101-03975","131422373","GI CARIBBEAN HOTEL MARKETING","","Distrito Nacional","Sin licencia","En formación","Abierto","","8096872929",""
"Agencias de viajes y tour operador","Agencias de viajes, reservas y pasajes","AV-AVMI-3201-03979","132957563","DESTIMUNDO","","Santo Domingo","Vigente","Activa","Abierto","2028-11-26","8298929204",""
"Agencias de viajes y tour operador","Agencias de viajes, reservas y pasajes","AV-AVMI-0101-03980","132746929","ALVASVI TOTAL SERVICES","Plaza Central","Distrito Nacional","Vigente","Activa","Abierto","2029-06-10","8294380205",""
"Agencias de viajes y tour operador","Agencia de viajes mayorista","AV-AVMA-0101-03986","131682308","Solymar Travel","","Distrito Nacional","Vigente","Activa","Cerrado","2029-01-30","8094874956",""
"Agencias de viajes y tour operador","Agencias de viajes, reservas y pasajes","AV-AVMI-2501-03987","132754672","JERMELI TRAVEL AND MULTISERVICES","","Santiago","Vigente","Activa","Cerrado","2029-07-29","8293914192",""
"Agencias de viajes y tour operador","Agencias de viajes, reservas y pasajes y tour operador receptivo-emisivo","AV-AITE-0101-03988","101679808","COLONIAL TOUR & TRAVEL (BAYAHÍBE)","","La Altagracia","Sin licencia","En formación","Abierto","","8096885285",""
"Agencias de viajes y tour operador","Agencias de viajes, reservas y pasajes y tour operador receptivo-emisivo","AV-AITE-3202-03990","132556488","JAIRA TOURS","","Santo Domingo","Sin licencia","En formación","Abierto","","8095181013",""
"Agencias de viajes y tour operador","Tour operador local-doméstico","AV-TOLD-2501-03991","133158302","VIAJERO TOURS RDTE","","Santiago","Sin licencia","En formación","Cerrado","","8095594358",""
"Agencias de viajes y tour operador","Agencias de viajes, reservas y pasajes y tour operador receptivo-emisivo","AV-AITE-1101-03995","132718143","CANA LIFE BY GRUPO ROJAS","","La Altagracia","Vigente","Activa","Abierto","2028-12-19","8096588475",""
"Agencias de viajes y tour operador","Agencias de viajes, reservas y pasajes","AV-AVMI-3202-03998","133046172","AMIBE AGENCIA DE VIAJES","Las Palmas de Herrera","Santo Domingo","Vigente","Activa","Cerrado","2029-01-17","8096367621",""
"Agencias de viajes y tour operador","Tour operador local-doméstico","AV-TOLD-1801-04000","131956017","LEVESON INTERNATIONAL GOLF EXCURSION","","La Altagracia","Sin licencia","En formación","Abierto","","8097353664",""
"Agencias de viajes y tour operador","Tour operador receptivo-emisivo","AV-TOER-1101-04002","130691487","S-Trip","Evaristo Morales","Distrito Nacional","Sin licencia","En formación","Cerrado","","8098581440",""
"Agencias de viajes y tour operador","Agencias de viajes, reservas y pasajes","AV-AVMI-0101-04005","132089235","Creales Tour","Mirador Norte","Distrito Nacional","Vigente","Activa","Abierto","2028-11-27","8097747400",""
"Agencias de viajes y tour operador","Agencias de viajes mayorista y tour operador receptivo-emisivo","AV-AMTE-1101-04020","132775368","PUNTA CANA EXTREMA TOUR OPERADOR","","La Altagracia","Sin licencia","En formación","Cerrado","","8295277002",""
"Agencias de viajes y tour operador","Tour operador receptivo-emisivo","AV-TOER-1101-04030","131501087","EITI DESTINACION MANAGEMENT COMPANY","","La Altagracia","Vigente","Activa","Abierto","2029-03-11","8097105065",""
"Agencias de viajes y tour operador","Tour operador receptivo-emisivo","AV-TOER-1801-04033","133198322","SALVASIX TOURS AND TRANSFERS","Puerto Plata","Puerto Plata","Vigente","Activa","Cerrado","2029-08-11","8097720806",""
"Agencias de viajes y tour operador","Agencias de viajes mayorista y tour operador receptivo-emisivo","AV-AMTE-1101-04048","133045109","RD TRAVEL DMC KJP","","La Altagracia","Sin licencia","En formación","Cerrado","","8295205083",""
"Agencias de viajes y tour operador","Agencias de viajes, reservas y pasajes","AV-AVMI-0601-04049","131683959","JHON TOUR TRAVEL","","Duarte","Vigente","Activa","Abierto","2029-01-28","8097566118",""
"Agencias de viajes y tour operador","Agencias de viajes, reservas y pasajes y tour operador receptivo-emisivo","AV-AMTE-1101-04054","133078171","ABI TOURS AND TRAVEL","","La Altagracia","Vigente","Activa","Cerrado","2029-02-07","8292289969",""
"Agencias de viajes y tour operador","Tour operador receptivo-emisivo","AV-TOER-1101-04056","133217432","TOPE TOP AIRTOUR AND TRAVEL","","La Altagracia","Sin licencia","En formación","Cerrado","","8297450221",""
"Agencias de viajes y tour operador","Tour operador local-doméstico","AV-AITE-0101-04061","133061872","JRRJ URBANO TOURS","villa faro","Santo Domingo","Vigente","Activa","Cerrado","2029-06-30","8298371252",""
"Agencias de viajes y tour operador","Agencia de viajes mayorista","AV-AVMA-0101-04066","130283044","WTV - WORLD TELEVISION","","Distrito Nacional","Sin licencia","En formación","Abierto","","8095081924",""
"Agencias de viajes y tour operador","Agencias de viajes, reservas y pasajes y tour operador receptivo-emisivo","AV-AITE-1101-04069","133197839","BLUE LINE PUNTA CANA BLPC","","La Altagracia","Sin licencia","En formación","Cerrado","","8097574201",""
"Agencias de viajes y tour operador","Agencias de viajes, reservas y pasajes","AV-AVMI-3201-04071","133171759","YSANBEX TRAVEL","","Santo Domingo","Vigente","Activa","Cerrado","2029-02-20","8092550918",""
"Agencias de viajes y tour operador","Tour operador receptivo-emisivo","AV-TOER-1101-04087","133222612","Yushu Vacations","","La Altagracia","Sin licencia","En formación","Cerrado","","8493604190",""
"Agencias de viajes y tour operador","Agencias de viajes, reservas y pasajes y tour operador receptivo-emisivo","AV-AITE-0101-04096","131661955","SMARTTRIP VACATION CLUB","Gazcue","Distrito Nacional","Vigente","Activa","Cerrado","2029-06-26","8096883534",""
"Agencias de viajes y tour operador","Tour operador receptivo-emisivo","AV-AMTE-1101-04102","131837441","ADVENTURES FINDER TOURS LQ","","La Altagracia","Vigente","Activa","Abierto","2029-05-02","8295990621",""
"Agencias de viajes y tour operador","Agencias de viajes, reservas y pasajes","AV-AVMI-3201-04104","130790698","tripci","","Santo Domingo","Vigente","Activa","Abierto","2029-03-05","8297347020",""
"Agencias de viajes y tour operador","Agencias de viajes, reservas y pasajes","AV-AVMI-2501-04111","133206463","Rojas Holding Group RD","","Santiago","Sin licencia","En formación","Cerrado","","8293911350",""
"Agencias de viajes y tour operador","Agencias de viajes, reservas y pasajes","AV-AVMI-3203-04113","132040481","TRAVESIAS ELR","","Santo Domingo","Vigente","Activa","Cerrado","2029-03-07","8294747549",""
"Agencias de viajes y tour operador","Tour operador receptivo-emisivo","AV-TOER-1801-04117","133287392","ANYELO DOMINICAN DRIVER","","Puerto Plata","Vigente","Activa","Cerrado","2029-05-08","8296694978",""
"Agencias de viajes y tour operador","Tour operador local-doméstico","AV-TOER-1801-04118","133067641","ALEX DOMINICAN VIP TRANSFER","","Puerto Plata","Vigente","Activa","Cerrado","2029-04-10","8299163276",""
"Agencias de viajes y tour operador","Tour operador local-doméstico","AV-TOLD-1801-04120","132026772","Emilio Ramon excursiones & Transportation","","Puerto Plata","En proceso","Activa","Abierto","","8098659468",""
"Agencias de viajes y tour operador","Agencias de viajes, reservas y pasajes","AV-AVMI-3201-04124","133076421","GID TOURS AND TRAVEL","","Santo Domingo","Vigente","Activa","Cerrado","2029-07-18","8295927358",""
"Agencias de viajes y tour operador","Agencias de viajes, reservas y pasajes","AV-AITE-3201-04128","132074777","WONDERLAND TOURS","ensanche ozama","Santo Domingo","Vigente","Activa","Abierto","2029-03-27","8098950893",""
"Agencias de viajes y tour operador","Tour operador local-doméstico","AV-TOLD-1601-04129","132512431","EL APLATANADO GROUP","","Pedernales","Sin licencia","En formación","Cerrado","","8294634341",""
"Agencias de viajes y tour operador","Tour operador local-doméstico","AV-AMTL-0101-04132","131232574","OPEXVI","miches","El Seibo","Vigente","Activa","Abierto","2029-04-09","8095626001",""
"Agencias de viajes y tour operador","Agencias de viajes, reservas y pasajes","AV-AVMI-3204-04138","133312042","EZER","","Santo Domingo","Sin licencia","En formación","Cerrado","","8099751479",""
"Agencias de viajes y tour operador","Tour operador local-doméstico","AV-TOLD-1101-04140","133155974","ALL –4 FUN","Bávaro","La Altagracia","Vigente","Activa","Cerrado","2029-07-15","8293686260",""
"Agencias de viajes y tour operador","Agencias de viajes, reservas y pasajes y tour operador local-doméstico","AV-AITL-1808-04141","131344242","Punta Rusia Blue Island PRBI","","Puerto Plata","Sin licencia","En formación","Abierto","","8093992927",""
"Agencias de viajes y tour operador","Tour operador local-doméstico","AV-TOLD-1801-04142","133221829","EDGAR PRIVATE TOURS POP","","Puerto Plata","Vigente","Activa","Cerrado","2029-04-24","8298918708",""
"Agencias de viajes y tour operador","Tour operador receptivo-emisivo","AV-TOER-0101-04149","133268124","SDC MARATHON TOURS","","Distrito Nacional","Vigente","Activa","Cerrado","2030-01-15","8094751919",""
"Agencias de viajes y tour operador","Agencias de viajes mayorista y tour operador receptivo-emisivo","AV-AMTE-1201-04156","131762913","NUEVA ERA TRUCK SAFARI","","La Romana","Sin licencia","En formación","Cerrado","","8097873947",""
"Agencias de viajes y tour operador","Agencias de viajes mayorista y tour operador local-doméstico","AV-AMTL-2003-04161","132807332","MITZU LUCKY MOTO","","Samaná","Vigente","Activa","Abierto","2030-02-17","8094186569",""
"Agencias de viajes y tour operador","Tour operador local-doméstico","AV-AMTL-2501-04167","130692815","CAMPING TOURS","Santiago","Santiago","Vigente","Activa","Abierto","2029-06-18","8095833121",""
"Agencias de viajes y tour operador","Tour operador receptivo-emisivo","AV-TOER-1201-04172","131615572","Caribbean Holiday Services","","La Altagracia","Sin licencia","En formación","Cerrado","","8094673502",""
"Agencias de viajes y tour operador","Agencia de viajes mayorista","AV-AVMA-0101-04175","130202621","SUPERCRUCEROS TRAVELWISE","","Distrito Nacional","Vigente","Activa","Abierto","2029-06-12","8095623000",""
"Agencias de viajes y tour operador","Agencias de viajes, reservas y pasajes y tour operador local-doméstico","AV-AITL-1801-04180","133229252","SANTO A.P. TOURS","","Puerto Plata","Sin licencia","En formación","Cerrado","","8097570683",""
"Agencias de viajes y tour operador","Agencias de viajes mayorista y tour operador receptivo-emisivo","AV-AMTE-0101-04182","132759443","Global Experience Travel","","Distrito Nacional","Sin licencia","En formación","Abierto","","8299307696",""
"Agencias de viajes y tour operador","Tour operador receptivo-emisivo","AV-TOER-1101-04193","131084702","TOURS & TRANSFERS MALLORCA","BAVARO","La Altagracia","Vigente","Activa","Abierto","2029-06-20","8097327240",""
"Agencias de viajes y tour operador","Agencias de viajes, reservas y pasajes","AV-AVMI-0101-04196","133115141","KALUCH TRAVEL","","Distrito Nacional","Sin licencia","En formación","Cerrado","","8494018850",""
"Agencias de viajes y tour operador","Agencias de viajes, reservas y pasajes","AV-AVMI-2101-04205","130907064","BFJ TOURS","San Cristobal","San Cristóbal","Vigente","Activa","Abierto","2030-01-28","8095277669",""
"Agencias de viajes y tour operador","Tour operador receptivo-emisivo","AV-AITE-1801-04207","133248956","FANTOMA TRAVEL","Puerto Plata","Puerto Plata","Vigente","Activa","Cerrado","2029-07-06","8295927520",""
"Agencias de viajes y tour operador","Tour operador receptivo-emisivo","AV-TOER-1101-04208","133244012","GREAT DESTINY","","La Altagracia","Vigente","Activa","Cerrado","2029-05-29","8294722968",""
"Agencias de viajes y tour operador","Agencias de viajes, reservas y pasajes y tour operador local-doméstico","AV-AITE-0101-04351","132403932","RYC Bratini Excursiones","Piantini","Distrito Nacional","Vigente","Activa","Abierto","2029-07-30","8298963850",""
"Agencias de viajes y tour operador","Tour operador receptivo-emisivo","AV-TOER-1101-04353","132720202","DESTINATION ANYWHERE DMC SRL","Bávaro","La Altagracia","Vigente","Activa","Abierto","2029-08-14","8099243081",""
"Agencias de viajes y tour operador","Agencias de viajes, reservas y pasajes y tour operador local-doméstico","AV-AITL-3201-04365","132936884","MULTI-SERVICIOS LSA","","Santo Domingo","Sin licencia","En formación","Cerrado","","8099492510",""
"Agencias de viajes y tour operador","Agencias de viajes, reservas y pasajes","AV-AVMI-1301-04377","131817866","RAISA CACERES TOURS","","La Vega","Sin licencia","En formación","Cerrado","","8095736861",""
"Agencias de viajes y tour operador","Agencias de viajes, reservas y pasajes y tour operador local-doméstico","AV-AITL-2001-04397","131824252","OZEANIC CARIBBEAN","","Samaná","Sin licencia","En formación","Abierto","","8097120572",""
"Agencias de viajes y tour operador","Agencias de viajes, reservas y pasajes","AV-AVMI-0901-04405","133380226","Reina & JR Tours","","Espaillat","Vigente","Activa","Cerrado","2029-08-15","8297884707",""
"Agencias de viajes y tour operador","Tour operador local-doméstico","AV-AITE-1101-04406","132759443","GLOBAL EXPERIENCE TRAVELS","Bávaro","La Altagracia","Vigente","Activa","Abierto","2029-11-20","8299307696",""
"Agencias de viajes y tour operador","Agencias de viajes, reservas y pasajes","AV-AVMI-0101-04407","131765513","DESCANSA TRAVEL","","Distrito Nacional","Vigente","Activa","Abierto","2029-07-24","8296640750",""
"Agencias de viajes y tour operador","Tour operador receptivo-emisivo","AV-TOER-1101-04410","133374791","B-MYGUEST TOURS & TRAVEL","","La Altagracia","Vigente","Activa","Cerrado","2029-08-05","8296791284",""
"Agencias de viajes y tour operador","Tour operador receptivo-emisivo","AV-TOER-0101-04411","133109433","BONAGUA TOURS","","Distrito Nacional","Vigente","Activa","Cerrado","2029-08-05","8098994493",""
"Agencias de viajes y tour operador","Tour operador receptivo-emisivo","AV-TOER-2001-04413","132528468","Action Tours  by J RAVEN","","Samaná","Vigente","Activa","Abierto","2029-06-30","8098703856",""
"Agencias de viajes y tour operador","Tour operador receptivo-emisivo","AV-TOER-1801-04414","133113295","TURISTRAVELS BY FRAINY","","Puerto Plata","Vigente","Activa","Cerrado","2029-07-11","8099726876",""
"Agencias de viajes y tour operador","Agencias de viajes, reservas y pasajes","AV-AVMI-3201-04415","133004062","INVERSIONES VIAJET","","Santo Domingo","Vigente","Activa","Abierto","2029-07-15","8095684118",""
"Agencias de viajes y tour operador","Tour operador local-doméstico","AV-TOLD-1101-04427","130527261","Adventure Boogies","","La Altagracia","Vigente","Activa","Abierto","2029-07-04","8292549434",""
"Agencias de viajes y tour operador","Tour operador receptivo-emisivo","AV-TOER-1101-04428","133293821","ECLIPSE ADVENTURE","","La Altagracia","Vigente","Activa","Cerrado","2029-07-03","8494382604",""
"Agencias de viajes y tour operador","Tour operador receptivo-emisivo","AV-TOER-0101-04435","133364573","DIASPORA TRAVELER","","Distrito Nacional","Vigente","Activa","Cerrado","2029-07-30","8092107479",""
"Agencias de viajes y tour operador","Tour operador receptivo-emisivo","AV-TOER-1801-04436","133239061","RST TIERRA CHROME CRUSADERS","","Puerto Plata","Sin licencia","En formación","Cerrado","","8496206507",""
"Agencias de viajes y tour operador","Tour operador local-doméstico","AV-TOLD-0101-04441","131000894","Negocios Domincaly","","Distrito Nacional","Sin licencia","En formación","Cerrado","","8096860830",""
"Agencias de viajes y tour operador","Agencias de viajes, reservas y pasajes","AV-AVMI-0101-04443","133282518","JOMINO GROUP","","Distrito Nacional","Vigente","Activa","Cerrado","2029-07-23","8296497287",""
"Agencias de viajes y tour operador","Tour operador local-doméstico","AV-TOLD-0101-04444","130808414","GREENBERRY SERVICES","Piantini","Distrito Nacional","Vigente","Activa","Abierto","2029-08-08","8296180909",""
"Agencias de viajes y tour operador","Tour operador local-doméstico","AV-TOLD-0101-04445","131382991","INVERSIONES JHG","","Distrito Nacional","Sin licencia","En formación","Abierto","","8095672994",""
"Agencias de viajes y tour operador","Tour operador receptivo-emisivo","AV-TOER-0101-04447","132509099","CARRIBBEAN DR-ESSENCE","MIRADOR SUR","Distrito Nacional","Vigente","Activa","Abierto","2029-10-27","8098071008",""
"Agencias de viajes y tour operador","Agencias de viajes, reservas y pasajes","AV-AVMI-0101-04455","133421402","MAJESTIC TRAVEL ANAEMI","Mirador Norte","Distrito Nacional","Vigente","Activa","Cerrado","2029-07-22","8293527351",""
"Agencias de viajes y tour operador","Agencias de viajes, reservas y pasajes","AV-AVMI-1502-04456","133154889","INVERSIONES BUNNY","","Monte Cristi","Sin licencia","En formación","Cerrado","","8295781047",""
"Agencias de viajes y tour operador","Tour operador local-doméstico","AV-TOLD-0101-04457","130211991","PANACO","Viejo Arroyo Hondo","Distrito Nacional","Vigente","Activa","Cerrado","2029-09-25","8293432671",""
"Agencias de viajes y tour operador","Tour operador local-doméstico","AV-TOLD-0101-04458","132729382","SCHMIDT & MEYER VACATION RENTALS, S.R.L.","gazcue","Distrito Nacional","Vigente","Activa","Cerrado","2029-12-24","8099596453",""
"Agencias de viajes y tour operador","Tour operador local-doméstico","AV-TOLD-3202-04459","130358648","ICEBOX","","Santo Domingo","Vigente","Activa","Abierto","2029-09-08","8297076491",""
"Agencias de viajes y tour operador","Tour operador local-doméstico","AV-TOLD-0101-04460","132503139","ALIANZA RETAIL MARKETING","","Distrito Nacional","Vigente","Activa","Cerrado","2029-09-09","8298061678",""
"Agencias de viajes y tour operador","Tour operador local-doméstico","AV-TOLD-1101-04463","131888771","PUNTA CANA TRIP TOURS & TRAVEL REC","","La Altagracia","Vigente","Activa","Abierto","2029-08-06","8296453019",""
"Agencias de viajes y tour operador","Tour operador local-doméstico","AV-TOLD-0101-04464","132363736","EMILISA","Distrito Nacional","Distrito Nacional","Vigente","Activa","Cerrado","2029-09-05","8094510030",""
"Agencias de viajes y tour operador","Tour operador local-doméstico","AV-TOLD-0101-04465","130331091","AVEN-TOUR SERVICES","","Distrito Nacional","Vigente","Activa","Cerrado","2029-09-30","8098435436",""
"Agencias de viajes y tour operador","Tour operador local-doméstico","AV-TOLD-0101-04469","132722027","ESSENCE DEVINE","Santo Domingo","Distrito Nacional","Vigente","Activa","Cerrado","2029-09-01","8293926348",""
"Agencias de viajes y tour operador","Agencias de viajes, reservas y pasajes","AV-AVMI-0101-04470","132401182","EVENTUM","","Distrito Nacional","Vigente","Activa","Cerrado","2029-11-13","8092857272",""
"Agencias de viajes y tour operador","Tour operador local-doméstico","AV-TOLD-1101-04471","131792286","PUNTA CANA ADVENTURES VILLAVICENCIO","","La Altagracia","Vigente","Activa","Cerrado","2029-10-27","8097089286",""
"Agencias de viajes y tour operador","Tour operador local-doméstico","AV-TOLD-3201-04472","132936884","MULTI-SERVICIOS LSA","Brisas del Este","Santo Domingo","Vigente","Activa","Cerrado","2029-10-27","8099493510",""
"Agencias de viajes y tour operador","Agencias de viajes, reservas y pasajes","AV-AVMI-0101-04475","133011123","costarena tours & travel","","Distrito Nacional","Vigente","Activa","Abierto","2029-12-23","8095440097",""
"Agencias de viajes y tour operador","Tour operador local-doméstico","AV-TOLD-0101-04476","131568531","SUEÑO PROFUNDO","","Distrito Nacional","Sin licencia","En formación","Cerrado","","8098099788",""
"Agencias de viajes y tour operador","Agencias de viajes mayorista y tour operador receptivo-emisivo","AV-AMTE-0101-04477","132076011","LUA TRAVEL","","Distrito Nacional","Sin licencia","En formación","Cerrado","","8292784953",""
"Agencias de viajes y tour operador","Tour operador receptivo-emisivo","AV-TOER-1101-04480","132389883","MANUELLATRAVELTOUR","","La Altagracia","Sin licencia","En formación","Abierto","","8297827685",""
"Agencias de viajes y tour operador","Tour operador receptivo-emisivo","AV-TOER-1101-04481","133209668","Hordest RD","","La Altagracia","Sin licencia","En formación","Abierto","","8295484156",""
"Agencias de viajes y tour operador","Tour operador receptivo-emisivo","AV-TOER-0802-04486","132811089","CELEDONIO ECO TOURS","Miches","El Seibo","Vigente","Activa","Cerrado","2030-01-23","8293219321",""
"Agencias de viajes y tour operador","Tour operador local-doméstico","AV-TOLD-0101-04488","131888453","CARP CONTRALORÍA Y SERVICIOS","","Santo Domingo","Vigente","Activa","Cerrado","2029-12-24","8093283388",""
"Agencias de viajes y tour operador","Tour operador local-doméstico","AV-TOLD-2001-04491","131824252","OZEANIC CARIBBEAN","","Samaná","Vigente","Activa","Abierto","2029-11-13","8097120572",""
"Agencias de viajes y tour operador","Tour operador local-doméstico","AV-TOLD-1101-04492","132782399","YADIRA TOURS TRAVELS & MAS","Higuey","La Altagracia","Vigente","Activa","Cerrado","2029-12-31","8097057931",""
"Agencias de viajes y tour operador","Agencias de viajes mayorista y tour operador local-doméstico","AV-AMTL-3203-04495","132861787","E&M ALVAREZ TOURS","","Santo Domingo","Sin licencia","En formación","Cerrado","","8498464003",""
"Agencias de viajes y tour operador","Tour operador receptivo-emisivo","AV-TOER-1101-04496","133384981","REDISANT INVERSIONES Y SERVICIOS","Punta Cana","La Altagracia","Vigente","Activa","Cerrado","2029-09-30","8097476986",""
"Agencias de viajes y tour operador","Tour operador local-doméstico","AV-TOLD-1101-04497","132654951","MICHAEL LR JACKSON TOURS & TRAVEL.","","La Altagracia","Incompleta","Inactiva","Abierto","","8298859092",""
"Agencias de viajes y tour operador","Tour operador local-doméstico","AV-TOLD-0101-04498","132371267","Bella Moda","Gazcue","Distrito Nacional","Vigente","Activa","Cerrado","2030-01-15","8096607073",""
"Agencias de viajes y tour operador","Tour operador local-doméstico","AV-TOLD-0101-04506","132625218","Harby Inversiones","Bayahibe","La Altagracia","Vigente","Activa","Cerrado","2029-12-23","8096831000",""
"Agencias de viajes y tour operador","Tour operador local-doméstico","AV-TOLD-2001-04510","131802372","COMPAÑIA DE TRANSPORTE MARITIMO MEROLY","","Samaná","Incompleta","Inactiva","Abierto","","8098128052",""
"Agencias de viajes y tour operador","Agencias de viajes, reservas y pasajes y tour operador receptivo-emisivo","AV-AITE-1101-04512","133357331","Meetings Out Loud","","La Altagracia","Sin licencia","En formación","Cerrado","","8293455553",""
"Agencias de viajes y tour operador","Agencias de viajes mayorista y tour operador receptivo-emisivo","AV-AMTE-1101-04518","133457611","WANNE PUNTA CANA","punta cana","La Altagracia","Sin licencia","En formación","Cerrado","","8298295484",""
"Agencias de viajes y tour operador","Agencias de viajes mayorista y tour operador local-doméstico","AV-AMTL-1101-04521","133347229","GO JET CARS WATERSPORTS","","La Altagracia","Sin licencia","En formación","Cerrado","","8494988110",""
"Agencias de viajes y tour operador","Agencias de viajes, reservas y pasajes y tour operador receptivo-emisivo","AV-AITE-1701-04525","133389193","RUHAMA TRAVEL","","Peravia","Sin licencia","En formación","Cerrado","","8297674961",""
"Agencias de viajes y tour operador","Agencias de viajes, reservas y pasajes y tour operador receptivo-emisivo","AV-AITE-1801-04527","131955002","GRUPO LEON DORADO","","Puerto Plata","Sin licencia","En formación","Abierto","","8096977989",""
"Agencias de viajes y tour operador","Agencias de viajes, reservas y pasajes","AV-AVMI-0101-04533","133148511","Pertur Viajes RD","Renacimiento","Distrito Nacional","Vigente","Activa","Cerrado","2029-12-24","8099578059",""
"Agencias de viajes y tour operador","Tour operador local-doméstico","AV-TOLD-1101-04534","133468905","PERSPICAZ TOURS","","La Altagracia","Incompleta","Inactiva","Cerrado","","8494043026",""
"Agencias de viajes y tour operador","Agencias de viajes, reservas y pasajes y tour operador local-doméstico","AV-AITL-0101-04535","133471256","VITA NOVA TRAVEL","","Distrito Nacional","Sin licencia","En formación","Cerrado","","8293048469",""
"Agencias de viajes y tour operador","Tour operador local-doméstico","AV-TOLD-1808-04549","133271559","JANEL TOURS","Punta Rusia","Puerto Plata","Vigente","Activa","Cerrado","2029-12-31","8299667354",""
"Agencias de viajes y tour operador","Tour operador receptivo-emisivo","AV-TOER-3002-04550","132169052","Reservado Aventuras Booking Adventures","","Samaná","Incompleta","Inactiva","Abierto","","8097206035",""
"Agencias de viajes y tour operador","Tour operador receptivo-emisivo","AV-TOER-1101-04551","132098285","BONVIDO","","La Altagracia","Sin licencia","En formación","Abierto","","8098930555",""
"Agencias de viajes y tour operador","Tour operador local-doméstico","AV-TOLD-1807-04554","133507609","COURAGE TRAVELS","Sosua","Puerto Plata","Vigente","Activa","Cerrado","2029-12-30","8495066224",""
"Agencias de viajes y tour operador","Tour operador local-doméstico","AV-TOLD-2501-04555","131626084","AMBAR FACTORY LA CUMBRE","","Santiago","Sin licencia","En formación","Cerrado","","8098099932",""
"Agencias de viajes y tour operador","Agencias de viajes mayorista y tour operador receptivo-emisivo","AV-AMTE-1801-04557","133334593","CANDY POP RANCH","","Puerto Plata","Sin licencia","En formación","Cerrado","","8299445474",""
"Agencias de viajes y tour operador","Agencias de viajes, reservas y pasajes","AV-AVMI-2104-04559","133446669","ORSE TRAVEL AGENCIA DE VIAJES Y TURISMO","","San Cristóbal","Sin licencia","En formación","Cerrado","","8094277329",""
"Agencias de viajes y tour operador","Agencias de viajes, reservas y pasajes y tour operador receptivo-emisivo","AV-AITE-0101-04560","133523175","UNIVERSO TRAVELS GROUP AL","","Distrito Nacional","Vigente","Activa","Cerrado","2030-01-02","8098794255",""
"Agencias de viajes y tour operador","Agencia de viajes mayorista","AV-AVMA-0101-04563","131190693","VAKAY TRAVEL AGENCY","","Distrito Nacional","Sin licencia","En formación","Cerrado","","8095626725",""
"Agencias de viajes y tour operador","Agencias de viajes, reservas y pasajes","AV-AVMI-0101-04564","133196362","Garutrip","","Distrito Nacional","Vigente","Activa","Cerrado","2030-01-27","8092403112",""
"Agencias de viajes y tour operador","Tour operador local-doméstico","AV-TOLD-1801-04565","132634111","ZACARIA MV SERVICE TOUR","","Puerto Plata","Vigente","Activa","Cerrado","2029-12-26","8092497861",""
"Agencias de viajes y tour operador","Tour operador local-doméstico","AV-TOLD-1101-04569","133501317","ALG BESTTOUR PUNTA CANA","","La Altagracia","Vigente","Activa","Cerrado","2029-12-24","8492204418",""
"Agencias de viajes y tour operador","Tour operador local-doméstico","AV-TOLD-1807-04581","133226596","Big papi De Los Santos Transfers Tours","","Puerto Plata","Sin licencia","En formación","Cerrado","","8098827034",""
"Agencias de viajes y tour operador","Tour operador local-doméstico","AV-TOLD-1801-04582","133364247","ADREN TRIP TRANSFER &ADVENTURES","","Puerto Plata","Vigente","Activa","Cerrado","2030-02-10","8294271141",""
"Agencias de viajes y tour operador","Agencias de viajes mayorista y tour operador local-doméstico","AV-AMTL-1201-04590","133480468","DOMINICAN SOUL TOURS","","Barahona","Sin licencia","En formación","Cerrado","","8297437547",""
"Agencias de viajes y tour operador","Agencia de viajes mayorista","AV-AVMA-0101-04594","132987519","CLUB HOUSE W.W.T,","","Distrito Nacional","Sin licencia","En formación","Abierto","","8293271888",""
"Agencias de viajes y tour operador","Agencias de viajes mayorista y tour operador receptivo-emisivo","AV-AMTE-1101-04605","133209683","HORDEST RD","","La Altagracia","Incompleta","Inactiva","Cerrado","","8295484156",""
"Agencias de viajes y tour operador","Tour operador local-doméstico","AV-TOLD-1101-04608","133041715","SUMMER TOURS 2021","","La Altagracia","Vigente","Activa","Abierto","2030-02-20","8299148201",""
"Agencias de viajes y tour operador","Agencias de viajes mayorista y tour operador receptivo-emisivo","AV-AMTE-1102-04610","132908473","NUEVA EVOLUX TOURS VLX","","La Altagracia","Sin licencia","En formación","Abierto","","8099548022",""
"Agencias de viajes y tour operador","Agencias de viajes, reservas y pasajes","AV-AVMI-1101-04612","133591103","RVK TRAVEL SOLUTIONS","","La Altagracia","Sin licencia","En formación","Abierto","","8099663896",""
"Agencias de viajes y tour operador","Agencias de viajes, reservas y pasajes y tour operador receptivo-emisivo","AV-AITE-0101-04614","133094541","LOMITA TOURS","","Distrito Nacional","Sin licencia","En formación","Cerrado","","8495416827",""
"Agencias de viajes y tour operador","Tour operador local-doméstico","AV-TOLD-2003-04615","133443988","LJC LA BAHIA EXCURSIONES SAMANA","","La Altagracia","Sin licencia","En formación","Cerrado","","8495319960",""
"Agencias de viajes y tour operador","Tour operador receptivo-emisivo","AV-TOER-1101-04617","130691487","GOTODOMINICAN","","La Altagracia","En proceso","Activa","Cerrado","","8098581440",""
"Agencias de viajes y tour operador","Tour operador local-doméstico","AV-TOLD-1101-04620","133560437","LUIS ERNELIS TOUR","","La Altagracia","En proceso","Activa","Cerrado","","8097045746",""
"Agencias de viajes y tour operador","Tour operador local-doméstico","AV-TOLD-1101-04622","131086659","TOP TOURS TRAVEL","","La Altagracia","Incompleta","Inactiva","Abierto","","8092219444",""
"Agencias de viajes y tour operador","Tour operador local-doméstico","AV-TOLD-1801-04624","133500531","ELEKTREK CYKEL TOURS JARABACOA","","Puerto Plata","Incompleta","Inactiva","Cerrado","","8299900011",""
"Agencias de viajes y tour operador","Agencias de viajes, reservas y pasajes y tour operador receptivo-emisivo","AV-AITE-2001-04631","132486978","CASCADA BY TOURS EMPRESA OPERADORA SAMANA RD YOEVV","","Samaná","Incompleta","Inactiva","Cerrado","","8293915453",""
"Agencias de viajes y tour operador","Tour operador local-doméstico","AV-TOLD-1801-04632","131955002","GRUPO LEON DORADO","","Puerto Plata","Incompleta","Inactiva","Abierto","","8095867181",""
"Agencias de viajes y tour operador","Agencia de viajes mayorista","AV-AVMA-1101-04633","133108011","Todo Incluido","","La Altagracia","Incompleta","Inactiva","Cerrado","","8096087288",""
"Agencias de viajes y tour operador","Agencias de viajes mayorista y tour operador receptivo-emisivo","AV-AMTE-3201-04639","132242181","CO'COROS TOURS","","Santo Domingo","Incompleta","Inactiva","Abierto","","8097515306",""
"Agencias de viajes y tour operador","Agencias de viajes, reservas y pasajes","AV-AVMI-1801-04647","132497139","Neva Travel","","Puerto Plata","Incompleta","Inactiva","Cerrado","","8093200211",""
"Agencias de viajes y tour operador","Agencias de viajes mayorista y tour operador local-doméstico","AV-AMTL-0101-04649","133213826","DOMTOURS EXPERIENCES","","Distrito Nacional","Incompleta","Inactiva","Cerrado","","8095309742",""
"Agencias de viajes y tour operador","Agencias de viajes mayorista y tour operador receptivo-emisivo","AV-AMTE-1201-04653","132054903","NASHLEY TOURS","","La Romana","Incompleta","Inactiva","Abierto","","8096689033",""
"Agencias de viajes y tour operador","Agencias de viajes, reservas y pasajes y tour operador local-doméstico","AV-AITL-1101-04658","132048407","LA GUIRA EXCURSIONS","","La Altagracia","Incompleta","Inactiva","Abierto","","8098901925",""
"Agencias de viajes y tour operador","Agencias de viajes, reservas y pasajes","AV-AVMI-0101-04663","133608936","VPS TRAVEL & TOURS","","Distrito Nacional","Incompleta","Inactiva","Abierto","","8495823108",""