"Subsector","Actividad","RUT","No. de Identificación","Nombre","Sector/Zona Turística","Provincia","Estatus Proceso","Estatus Licencia","Estatus Establecimiento","Fecha de Vencimiento","Teléfono","Correo"
"Establecimientos de expendio de alimentos y bebidas","Bares","AB-BARX-3201-01030","130367035","Sporting Club","Boca Chica","Santo Domingo","Sin licencia","En formación","Cerrado","","8495235773",""
"Establecimientos de expendio de alimentos y bebidas","Bares","AB-BARX-1807-01025","130051577","PRODUCCIONES WILLARMA","El Batey","Puerto Plata","Vencida","Inactiva","Abierto","2023-03-18","8095711306",""
"Establecimientos de expendio de alimentos y bebidas","Bares","AB-BARX-3201-01026","131560042","Mixer Bar And Lounge","Ensanche La Isabelita","Santo Domingo","Sin licencia","En formación","Abierto","","8298085606",""
"Establecimientos de expendio de alimentos y bebidas","Bares","AB-BARX-1801-01029","131152694","SWANK VIP BAR","Malecón","Puerto Plata","Sin licencia","En formación","Abierto","","",""
"Establecimientos de expendio de alimentos y bebidas","Bares","AB-BARX-1101-01031","1315799809","Tapas Chez Lolo","Dominicus - Bayahibe","La Altagracia","Sin licencia","En formación","Abierto","","8296719202",""
"Establecimientos de expendio de alimentos y bebidas","Restaurantes","AB-REST-1101-01455","130009211","La Cana Golf & Beach Club","Punta Cana","La Altagracia","Sin licencia","En formación","Abierto","","8095412714",""
"Establecimientos de expendio de alimentos y bebidas","Bares","AB-BARX-3204-00921","132016599","Bar La Carpa","Boca Chica","Santo Domingo","Sin licencia","En formación","Cerrado","","8295096051",""
"Establecimientos de expendio de alimentos y bebidas","Restaurantes","AB-REST-0101-01458","132092211","Eliterentcars","Ensanche Paraíso","Distrito Nacional","Sin licencia","En formación","Cerrado","","8299867390",""
"Establecimientos de expendio de alimentos y bebidas","Restaurantes","AB-REST-1101-01462","2800673952","Restaurante Coco Tropical","Uvero Alto","La Altagracia","Sin licencia","En formación","Abierto","","8292656183",""
"Establecimientos de expendio de alimentos y bebidas","Restaurantes","AB-REST-1401-01463","131600522","Restaurante D Chefcito El Sabor del Paladar","Nagua","María Trinidad Sánchez","Sin licencia","En formación","Abierto","","",""
"Establecimientos de expendio de alimentos y bebidas","Restaurantes","AB-REST-1101-01465","130472777","Outback Steakhouse (LA Altagracia/ cerrado)","Verón","La Altagracia","Sin licencia","En formación","Abierto","","8096970199",""
"Establecimientos de expendio de alimentos y bebidas","Restaurantes","AB-REST-1102-01468","131906087","Curo Restaurante Italiano","Dominicus - Bayahibe","La Altagracia","Sin licencia","En formación","Cerrado","","8295700034",""
"Establecimientos de expendio de alimentos y bebidas","Restaurantes","AB-REST-1807-02262","131019501","Restaurante Germany Bar & Grill","El Batey","Puerto Plata","Vencida","Inactiva","Abierto","2025-10-14","8097531350",""
"Establecimientos de expendio de alimentos y bebidas","Restaurantes","AB-REST-1301-01471","1310297787","La Baita de Marco","La Vega-Centro Ciudad","La Vega","Sin licencia","En formación","Abierto","","",""
"Establecimientos de expendio de alimentos y bebidas","Restaurantes","AB-REST-0101-01456","101897686","Restaurante Buche Perico","Zona Colonial","Distrito Nacional","Incompleta","Inactiva","Abierto","","8094409931",""
"Establecimientos de expendio de alimentos y bebidas","Restaurantes","AB-REST-1101-01473","101065184","Restaurante Hotel Club Med Miches","Verón","La Altagracia","Sin licencia","En formación","Abierto","","8092550980",""
"Establecimientos de expendio de alimentos y bebidas","Restaurantes","AB-REST-3201-01477","131272772","El Restaurante @ Club Rolling Stone","Boca Chica","Santo Domingo","Sin licencia","En formación","Abierto","","8498561086",""
"Establecimientos de expendio de alimentos y bebidas","Restaurantes","AB-REST-2001-01479","132175522","El Delfino Beach Club","Playa las Ballenas","Samaná","Sin licencia","En formación","Cerrado","","8096370370",""
"Establecimientos de expendio de alimentos y bebidas","Restaurantes","AB-REST-3201-01483","130795444","Boca Beach by MTB","Boca Chica","Santo Domingo","Sin licencia","En formación","Abierto","","8095235961",""
"Establecimientos de expendio de alimentos y bebidas","Restaurantes","AB-REST-1807-01484","130051577","Hot Pepper","SOSUA","Puerto Plata","Vencida","Inactiva","Abierto","2025-10-31","8095711306",""
"Establecimientos de expendio de alimentos y bebidas","Restaurantes","AB-REST-1807-01487","131161482","RESTAURANT PIZZERIA BOLOGNA","sosua","Puerto Plata","Vencida","Inactiva","Abierto","2025-08-29","8097570654",""
"Establecimientos de expendio de alimentos y bebidas","Restaurantes","AB-REST-1102-01488","131871542","IL BOCCALE TARVERNA","Dominicus - Bayahibe","La Altagracia","Vencida","Inactiva","Abierto","2024-09-29","8092996610",""
"Establecimientos de expendio de alimentos y bebidas","Restaurantes","AB-REST-3201-01489","131512862","Golden House Hotel y Restaurante","Los Rosales","Santo Domingo","Sin licencia","En formación","Abierto","","8097880103",""
"Establecimientos de expendio de alimentos y bebidas","Restaurantes","AB-REST-2001-01490","131865143","CASA AZUL JEAN-MARC FANALS","Las Terrenas","Samaná","Vencida","Inactiva","Abierto","2024-05-03","8297070404",""
"Establecimientos de expendio de alimentos y bebidas","Restaurantes","AB-REST-1101-01491","131907522","ANDRES CARNES - VERÓN","Veron","La Altagracia","Sin licencia","En formación","Cerrado","","8093627479",""
"Establecimientos de expendio de alimentos y bebidas","Restaurantes","AB-REST-3202-01494","101570611","Pala Pizza - Plaza Duarte","Los Rios","Santo Domingo","Vencida","Inactiva","Abierto","2022-11-08","8093333300",""
"Establecimientos de expendio de alimentos y bebidas","Restaurantes","AB-REST-1101-01495","131743692","Restaurant Taino Gastronomic y Yopo Bar","El Cortecito","La Altagracia","Sin licencia","En formación","Cerrado","","8293883572",""
"Establecimientos de expendio de alimentos y bebidas","Restaurantes","AB-REST-1101-01496","131743692","Restaurant Taino Gastronomic","Verón","La Altagracia","Sin licencia","En formación","Cerrado","","8293883572",""
"Establecimientos de expendio de alimentos y bebidas","Restaurantes","AB-REST-0101-01498","101570611","Pala Pizza - Plaza Botanika","Arroyo Hondo","Distrito Nacional","Vencida","Inactiva","Abierto","2022-11-08","8093333300",""
"Establecimientos de expendio de alimentos y bebidas","Restaurantes","AB-REST-0101-01499","101570611","Pala Pizza - Nuñez de Caceres Esq. Lic. Cesar Canó","El Millòn II","Distrito Nacional","Vencida","Inactiva","Abierto","2022-12-02","8093333300",""
"Establecimientos de expendio de alimentos y bebidas","Restaurantes","AB-REST-2501-01500","101570611","Pala Pizza - Santiago (Plaza Mediterranea)","Santiago - Centro Ciudad","Santiago","Sin licencia","En formación","Abierto","","8093333300",""
"Establecimientos de expendio de alimentos y bebidas","Restaurantes","AB-REST-0101-01501","101570611","Pala Pizza - Bella Vista","Bella Vista","Distrito Nacional","Sin licencia","En formación","Abierto","","8093333300",""
"Establecimientos de expendio de alimentos y bebidas","Restaurantes","AB-REST-0101-01502","131973541","La Sahara VIP","La Julia","Distrito Nacional","Sin licencia","En formación","Abierto","","8097927251",""
"Establecimientos de expendio de alimentos y bebidas","Restaurantes","AB-REST-0101-01503","101570611","Pala Pizza - Tiradentes","Piantini","Distrito Nacional","Vencida","Inactiva","Abierto","2024-09-28","8093333300",""
"Establecimientos de expendio de alimentos y bebidas","Restaurantes","AB-REST-0101-01505","101570611","Pala Pizza - Churchill esq. Roberto Pastoriza","Piantini","Distrito Nacional","Vencida","Inactiva","Abierto","2023-03-03","8093333300",""
"Establecimientos de expendio de alimentos y bebidas","Restaurantes","AB-REST-3204-01508","131857485","Restaurante La Proa","Boca Chica","Santo Domingo","Sin licencia","En formación","Abierto","","8495235858",""
"Establecimientos de expendio de alimentos y bebidas","Restaurantes","AB-REST-1101-01510","131846752","Ambar Celina Restaurant","El Cortecito","La Altagracia","Sin licencia","En formación","Cerrado","","8097706178",""
"Establecimientos de expendio de alimentos y bebidas","Restaurantes","AB-REST-1801-01511","131364721","Zanzi Bar Y Restaurant","Playa Sosua","Puerto Plata","Sin licencia","En formación","Cerrado","","8099052171",""
"Establecimientos de expendio de alimentos y bebidas","Restaurantes","AB-REST-1101-01512","130009211","Restaurante Playa Blanca","Punta Cana","La Altagracia","Vigente","Activa","Abierto","2026-07-04","8095412715",""
"Establecimientos de expendio de alimentos y bebidas","Restaurantes","AB-REST-1101-01513","130901813","Restaurant Pranama","El Cortecito","La Altagracia","Sin licencia","En formación","Cerrado","","8297686262",""
"Establecimientos de expendio de alimentos y bebidas","Restaurantes","AB-REST-1201-01467","130483507","CLUB DE PLAYA IBIZA BAHIA PRINCIPE RESIDENCES","La Romana","La Romana","Vencida","Inactiva","Cerrado","2026-02-19","8095471654",""
"Establecimientos de expendio de alimentos y bebidas","Restaurantes","AB-REST-3204-00275","101069392","Pizzarelli - AILA","La Caleta","Santo Domingo","Vencida","Inactiva","Abierto","2025-12-27","8095401644",""
"Establecimientos de expendio de alimentos y bebidas","Restaurantes","AB-REST-0101-00266","101069392","Pizzarelli - Malecon","Ciudad Nueva","Distrito Nacional","Vencida","Inactiva","Abierto","2024-07-18","8095401644",""
"Establecimientos de expendio de alimentos y bebidas","Restaurantes","AB-REST-0101-00226","131010148","BRASSERIE JULIETA","Piantini","Distrito Nacional","Vigente","Activa","Abierto","2026-05-28","8094751007",""
"Establecimientos de expendio de alimentos y bebidas","Restaurantes","AB-REST-0101-00224","131010148","La posta.","Piantini","Distrito Nacional","Sin licencia","En formación","Abierto","","8094751007",""
"Establecimientos de expendio de alimentos y bebidas","Restaurantes","AB-REST-0101-00225","131010148","The Bark.","Piantini","Distrito Nacional","Sin licencia","En formación","Abierto","","8094751007",""
"Establecimientos de expendio de alimentos y bebidas","Restaurantes","AB-REST-0101-00250","130749531","MADE IN CHINA","Piantini","Distrito Nacional","Vencida","Inactiva","Abierto","2026-02-11","8095474033",""
"Establecimientos de expendio de alimentos y bebidas","Restaurantes","AB-REST-0101-00248","130749531","OLIVIA","Piantini","Distrito Nacional","Vencida","Inactiva","Abierto","2026-02-28","8095474033",""
"Establecimientos de expendio de alimentos y bebidas","Restaurantes","AB-REST-0101-00249","130749531","OKAZU","Piantini","Distrito Nacional","Vencida","Inactiva","Abierto","2026-02-06","8095474033",""
"Establecimientos de expendio de alimentos y bebidas","Restaurantes","AB-REST-0101-00018","130389586","88 Grill","Cancino","Distrito Nacional","Vencida","Inactiva","Abierto","2022-09-13","8098907944",""
"Establecimientos de expendio de alimentos y bebidas","Restaurantes","AB-REST-0101-00220","131065074","MILA RESTAURANTE","Bella Vista","Distrito Nacional","Vencida","Inactiva","Abierto","2024-11-20","8095326452",""
"Establecimientos de expendio de alimentos y bebidas","Restaurantes","AB-REST-0101-00169","101069392","Pizzarelli - Plaza Universitaria","La Julia","Distrito Nacional","Vencida","Inactiva","Abierto","2025-12-12","8095401644",""
"Establecimientos de expendio de alimentos y bebidas","Restaurantes","AB-REST-1101-00052","131834002","THE BEACH CLUB CANA BAY","Arena Gorda","La Altagracia","Vigente","Activa","Abierto","2026-04-10","8294673104",""
"Establecimientos de expendio de alimentos y bebidas","Restaurantes","AB-REST-0101-00255","130415587","SONOMA","Piantini","Distrito Nacional","Vencida","Inactiva","Abierto","2024-11-07","8092625201",""
"Establecimientos de expendio de alimentos y bebidas","Restaurantes","AB-REST-0101-00262","101069392","Trattoria Pizzarelli - Roberto Pastoriza","Piantini","Distrito Nacional","Vencida","Inactiva","Abierto","2024-09-11","8095401644",""
"Establecimientos de expendio de alimentos y bebidas","Restaurantes","AB-REST-1101-00278","101069392","Pizzarelli - Bolera (Punta Cana)","Punta Cana","La Altagracia","Vencida","Inactiva","Abierto","2025-12-19","8095401644",""
"Establecimientos de expendio de alimentos y bebidas","Restaurantes","AB-REST-1303-00231","132119045","AVENTURAS EN LAS MONTAÑAS CAFE COLAO BAR & RESTAURANTE (AB)","La Jabilla","La Vega","En proceso","Activa","Abierto","","8097610793",""
"Establecimientos de expendio de alimentos y bebidas","Restaurantes","AB-REST-0101-00051","132139593","RESTAURANTE GOLDEN HIND","Zona Colonial","Distrito Nacional","Sin licencia","En formación","Abierto","","8492511304",""
"Establecimientos de expendio de alimentos y bebidas","Restaurantes","AB-REST-1101-00253","130183912","Ocean Adventures","Los Corales","La Altagracia","Sin licencia","En formación","Abierto","","8099785030",""
"Establecimientos de expendio de alimentos y bebidas","Restaurantes","AB-REST-0101-00285","101598018","SAMURAI","Piantini","Distrito Nacional","Vencida","Inactiva","Abierto","2025-03-15","8095651621",""
"Establecimientos de expendio de alimentos y bebidas","Restaurantes","AB-REST-1807-00047","130047091","BEACH SIDE ITALIAN RESTAURANT","Cabarete","Puerto Plata","Vigente","Activa","Abierto","2026-04-22","8095710226",""
"Establecimientos de expendio de alimentos y bebidas","Restaurantes","AB-REST-0101-00267","101069392","Pizzarelli - Megacentro","Cancino","Santo Domingo","Vencida","Inactiva","Abierto","2024-10-31","8095401644",""
"Establecimientos de expendio de alimentos y bebidas","Restaurantes","AB-REST-1301-00282","101069392","Pizzarelli - Plaza Jose Antonio","La Vega - Centro Ciudad","La Vega","Vencida","Inactiva","Abierto","2025-12-12","8095401644",""
"Establecimientos de expendio de alimentos y bebidas","Restaurantes","AB-REST-0101-00281","101069392","Pizzarelli - Güibia","Playa Guibia","Distrito Nacional","En proceso","Activa","Abierto","","8095401644",""
"Establecimientos de expendio de alimentos y bebidas","Restaurantes","AB-REST-0101-00273","101069392","Pizzarelli - Jumbo Luperon","Los Restauradores","Distrito Nacional","Vencida","Inactiva","Abierto","2025-12-20","8095401644",""
"Establecimientos de expendio de alimentos y bebidas","Restaurantes","AB-REST-0101-00252","131337333","BARELO RESTAURANTE","Piantini","Distrito Nacional","Vencida","Inactiva","Abierto","2024-12-18","8095667171",""
"Establecimientos de expendio de alimentos y bebidas","Restaurantes","AB-REST-0101-00270","101069392","Pizzarelli - Los Rios","Los Ríos","Distrito Nacional","Vencida","Inactiva","Abierto","2025-12-11","8095401644",""
"Establecimientos de expendio de alimentos y bebidas","Restaurantes","AB-REST-1101-00276","101069392","Pizzarelli - Multiplaza Higuey","Palma Real","La Altagracia","Vencida","Inactiva","Abierto","2024-08-31","8095401644",""
"Establecimientos de expendio de alimentos y bebidas","Restaurantes","AB-REST-0101-00260","101069392","Pizzarelli - Nunez de caceres (Plaza Saint Michael)","El Millon II","Distrito Nacional","Vencida","Inactiva","Abierto","2025-12-12","8095401644",""
"Establecimientos de expendio de alimentos y bebidas","Restaurantes","AB-REST-0101-00279","101069392","Pizzarelli - Sambil","Villa Juana","Distrito Nacional","Vencida","Inactiva","Abierto","2024-08-31","8095401644",""
"Establecimientos de expendio de alimentos y bebidas","Restaurantes","AB-REST-3201-00271","101069392","Pizzarelli - Independencia","Buenos Aires de Independencia","Santo Domingo","Vencida","Inactiva","Abierto","2024-09-08","8095401644",""
"Establecimientos de expendio de alimentos y bebidas","Restaurantes","AB-REST-0101-03549","130722481","Patagonia Grill","Ensanche Naco","Distrito Nacional","Vigente","Activa","Abierto","2026-04-25","8095625046",""
"Establecimientos de expendio de alimentos y bebidas","Restaurantes","AB-REST-0101-00001","130389586","Jade Teriyaki (Sambil)","Villa Juana","Distrito Nacional","Sin licencia","En formación","Abierto","","8095081575",""
"Establecimientos de expendio de alimentos y bebidas","Restaurantes","AB-REST-0101-00003","130389586","Jade Teriyaki (El Faro)","Gazcue","Distrito Nacional","Vencida","Inactiva","Abierto","2022-09-08","8095081575",""
"Establecimientos de expendio de alimentos y bebidas","Restaurantes","AB-REST-0101-00004","130389586","Jade Teriyaki (Camino Chiquito)","Arroyo Hondo","Distrito Nacional","Vencida","Inactiva","Abierto","2022-09-13","8095081575",""
"Establecimientos de expendio de alimentos y bebidas","Restaurantes","AB-REST-0101-00005","130389586","Jade Teriyaki (Plaza Galeria 360)","Viejo arroyo Hondo","Distrito Nacional","Vencida","Inactiva","Abierto","2023-02-18","8095081575",""
"Establecimientos de expendio de alimentos y bebidas","Restaurantes","AB-REST-0101-00008","130389586","Jade Teriyaki (Plaza Bella Vista)","Bella Vista","Distrito Nacional","Vencida","Inactiva","Abierto","2023-03-18","8095081575",""
"Establecimientos de expendio de alimentos y bebidas","Restaurantes","AB-REST-0101-00009","130389586","Jade Teriyaki (Plaza Terranova)","Buenos Aires de Independencia","Distrito Nacional","Vencida","Inactiva","Abierto","2022-10-28","8095081575",""
"Establecimientos de expendio de alimentos y bebidas","Restaurantes","AB-REST-0101-00010","130389586","Jade Teriyaki (Plaza Micheste)","Miches","Distrito Nacional","Vencida","Inactiva","Abierto","2023-03-21","8095081575",""
"Establecimientos de expendio de alimentos y bebidas","Restaurantes","AB-REST-0101-00011","130389586","Jade Teriyaki (Plaza Central)","Piantini","Distrito Nacional","Vencida","Inactiva","Abierto","2023-01-31","8095081575",""
"Establecimientos de expendio de alimentos y bebidas","Restaurantes","AB-REST-0101-00012","130389586","Jade Teriyaki (Plaza Duarte)","Los Rios","Distrito Nacional","Vencida","Inactiva","Abierto","2023-01-31","8095081575",""
"Establecimientos de expendio de alimentos y bebidas","Restaurantes","AB-REST-0101-00013","130389586","Jade Teriyaki (Patio Colombia)","República de Colombia","Distrito Nacional","Vencida","Inactiva","Abierto","2023-02-21","8095081575",""
"Establecimientos de expendio de alimentos y bebidas","Restaurantes","AB-REST-0101-00014","130389586","Jade Teriyaki (Occidental Mall)","Alameda","Distrito Nacional","Vencida","Inactiva","Abierto","2023-02-18","8095081575",""
"Establecimientos de expendio de alimentos y bebidas","Restaurantes","AB-REST-0101-00019","130389586","Jade Teriyaki (Megacentro Plaza)","Altos de Cancino","Distrito Nacional","Vencida","Inactiva","Abierto","2022-07-27","8095081575",""
"Establecimientos de expendio de alimentos y bebidas","Restaurantes","AB-REST-0101-00020","130389586","Jade Teriyaki (Nuñez de Cáceres)","El Millon","Distrito Nacional","Vencida","Inactiva","Abierto","2023-02-18","8095081575",""
"Establecimientos de expendio de alimentos y bebidas","Restaurantes","AB-REST-0101-00021","130389586","Jade Teriyaki (Multicentro Churchill)","Ensanche Julieta","Distrito Nacional","Vencida","Inactiva","Abierto","2022-10-01","8095081575",""
"Establecimientos de expendio de alimentos y bebidas","Restaurantes","AB-REST-0101-00022","130389586","Jade Teriyaki (Jumbo Luperón)","Loa Restauradores","Distrito Nacional","Vencida","Inactiva","Abierto","2022-07-29","8095081575",""
"Establecimientos de expendio de alimentos y bebidas","Restaurantes","AB-REST-0101-00023","130389586","Zen Kitchen","Viejo arroyo Hondo","Distrito Nacional","Vencida","Inactiva","Abierto","2022-07-27","8095081575",""
"Establecimientos de expendio de alimentos y bebidas","Restaurantes","AB-REST-0101-00024","130389586","Jade Teriyaki (Los Frailes)","Los Frailes II","Distrito Nacional","Vencida","Inactiva","Abierto","2023-01-18","8095081575",""
"Establecimientos de expendio de alimentos y bebidas","Restaurantes","AB-REST-0101-00025","130389586","Jade Teriyaki (AILA)","La Caleta","Distrito Nacional","Vencida","Inactiva","Abierto","2023-02-28","8095081575",""
"Establecimientos de expendio de alimentos y bebidas","Restaurantes","AB-REST-0101-00059","130472777","Outback Steakhouse","Piantini","Distrito Nacional","Vencida","Inactiva","Abierto","2024-11-17","8096970199",""
"Establecimientos de expendio de alimentos y bebidas","Restaurantes","AB-REST-0101-00254","101069392","Pizzarelli - Arroyo Hondo","Viejo Arroyo Hondo","Distrito Nacional","Vencida","Inactiva","Abierto","2025-12-31","8095401644",""
"Establecimientos de expendio de alimentos y bebidas","Restaurantes","AB-REST-0101-00259","101069392","Pizzarelli - Plaza Naco","Ensanche Naco","Distrito Nacional","Vencida","Inactiva","Abierto","2025-12-11","8095401644",""
"Establecimientos de expendio de alimentos y bebidas","Restaurantes","AB-REST-0101-00264","101069392","Trattoria Pizzarelli - Agora Mall","Serrallés","Distrito Nacional","En proceso","Activa","Abierto","","8095401644",""
"Establecimientos de expendio de alimentos y bebidas","Restaurantes","AB-REST-0101-00268","101069392","Trattoria Pizzarelli - Bella Vista (Plaza Bella Piazza)","Ensanche Naco","Distrito Nacional","Vencida","Inactiva","Abierto","2025-12-19","8095401644",""
"Establecimientos de expendio de alimentos y bebidas","Restaurantes","AB-REST-0101-00274","101069392","Pizzarelli - Agora Mall","Serrallés","Distrito Nacional","Vencida","Inactiva","Abierto","2025-12-03","8095401644",""
"Establecimientos de expendio de alimentos y bebidas","Restaurantes","AB-REST-0101-00294","131085008","CASA MENCIA","Bella Vista","Distrito Nacional","Sin licencia","En formación","Abierto","","8098506141",""
"Establecimientos de expendio de alimentos y bebidas","Restaurantes","AB-REST-0101-00295","131471961","RESTAURANTE LA FORCHETTA","Ensanche Naco","Distrito Nacional","En proceso","Activa","Abierto","","8093683030",""
"Establecimientos de expendio de alimentos y bebidas","Restaurantes","AB-REST-0101-00307","131496636","Elizondo Restaurante","Bella Vista","Distrito Nacional","Sin licencia","En formación","Cerrado","","8295689364",""
"Establecimientos de expendio de alimentos y bebidas","Restaurantes","AB-REST-0101-00313","130770549","Nipau","Piantini","Distrito Nacional","Sin licencia","En formación","Cerrado","","8095403558",""
"Establecimientos de expendio de alimentos y bebidas","Restaurantes","AB-REST-0101-00787","131651534","Central Gastronomica","Ensanche Naco","Distrito Nacional","Sin licencia","En formación","Abierto","","8094877842",""
"Establecimientos de expendio de alimentos y bebidas","Restaurantes","AB-REST-1101-00104","130009211","MARE PUNTACANA RESORT & CLUB","Punta Cana","La Altagracia","Vigente","Activa","Abierto","2027-01-29","8095412714",""
"Establecimientos de expendio de alimentos y bebidas","Restaurantes","AB-REST-1201-00006","130389586","Jade Teriyaki (MultiPlaza La Romana)","La Romana - Centro Ciudad","La Romana","Vencida","Inactiva","Abierto","2022-08-26","8095081575",""
"Establecimientos de expendio de alimentos y bebidas","Restaurantes","AB-REST-1201-00007","130389586","Jade Teriyaki (Jumbo La Romana)","La Romana - Centro Ciudad","La Romana","Vencida","Inactiva","Abierto","2022-07-28","8095081575",""
"Establecimientos de expendio de alimentos y bebidas","Restaurantes","AB-REST-1807-00683","131851462","Luisa R. King Great Food","El Batey","Puerto Plata","En proceso","Activa","Abierto","","8098956907",""
"Establecimientos de expendio de alimentos y bebidas","Restaurantes","AB-REST-1807-00878","132192801","NLB Nelson`s Lounge & Bistro","puerto plata","Puerto Plata","Vigente","Activa","Abierto","2026-05-19","8095713253",""
"Establecimientos de expendio de alimentos y bebidas","Restaurantes","AB-REST-2306-00810","130059748","LA TRATTORIA STARFISH RESORTS","Juan Dolio","San Pedro de Macorís","Incompleta","Inactiva","Abierto","","8095262202",""
"Establecimientos de expendio de alimentos y bebidas","Restaurantes","AB-REST-2306-00811","130059748","El Embarcadero Starfish Resorts","SAN PEDRO DE MACORIS","San Pedro de Macorís","Incompleta","Inactiva","Abierto","","8095262202",""
"Establecimientos de expendio de alimentos y bebidas","Restaurantes","AB-REST-2306-00812","130059748","EL CHIRINGUITO STARFISH RESORTS","Juan Dolio","San Pedro de Macorís","Incompleta","Inactiva","Abierto","","8097327240",""
"Establecimientos de expendio de alimentos y bebidas","Restaurantes","AB-REST-2501-00016","130389586","Jade Teriyaki (Plaza Internacional)","Santiago - Centro Ciudad","Santiago","Vencida","Inactiva","Abierto","2022-12-22","8095081575",""
"Establecimientos de expendio de alimentos y bebidas","Restaurantes","AB-REST-2501-00017","130389586","Jade Teriyaki (Colinas Mall)","Santiago - Centro Ciudad","Santiago","Vencida","Inactiva","Abierto","2023-03-08","8095081575",""
"Establecimientos de expendio de alimentos y bebidas","Restaurantes","AB-REST-2501-00261","101069392","Pizzarelli - Plaza Optimus","Santiago - Centro Ciudad","Santiago","Vencida","Inactiva","Abierto","2025-12-11","8095401644",""
"Establecimientos de expendio de alimentos y bebidas","Restaurantes","AB-REST-3201-00256","101069392","Pizzarelli - Ozama","Ensanche Ozama","Santo Domingo","Vencida","Inactiva","Abierto","2025-12-27","8095401644",""
"Establecimientos de expendio de alimentos y bebidas","Restaurantes","AB-REST-3201-00277","101069392","Pizzarelli - San Isidro (Cerrada)","San Isidro","Santo Domingo","Vencida","Inactiva","Abierto","2022-11-05","8095401644",""
"Establecimientos de expendio de alimentos y bebidas","Restaurantes","AB-REST-0101-00900","130299188","La Dolcerie De Natalia","Piantini","Distrito Nacional","Sin licencia","En formación","Abierto","","8095650333",""
"Establecimientos de expendio de alimentos y bebidas","Restaurantes","AB-REST-1201-00139","130483507","Restaurante Hoyo 19 Bahia Principe Residences","Playa Nueva Romana","La Romana","En proceso","Activa","Cerrado","","8095471654",""
"Establecimientos de expendio de alimentos y bebidas","Restaurantes","AB-REST-0101-01504","101897686","Restaurante Okra","Piantini","Santo Domingo","Vencida","Inactiva","Abierto","2022-07-30","8094409931",""
"Establecimientos de expendio de alimentos y bebidas","Restaurantes","AB-REST-0101-00924","131731341","Alimentos MDA","La Julia","Distrito Nacional","Sin licencia","En formación","Cerrado","","8493585997",""
"Establecimientos de expendio de alimentos y bebidas","Restaurantes","AB-REST-0101-00927","124003091","KFC-CHURCHILL","Piantini","Distrito Nacional","En proceso","Activa","Abierto","","8093680026",""
"Establecimientos de expendio de alimentos y bebidas","Restaurantes","AB-REST-3201-02094","124003091","KFC - SAN ISIDRO","San Isidro","Santo Domingo","En proceso","Activa","Abierto","","8093680026",""
"Establecimientos de expendio de alimentos y bebidas","Restaurantes","AB-REST-1101-02095","124003091","KFC-HIGUEY","Verón","La Altagracia","Vigente","Activa","Abierto","2027-02-12","8093680026",""
"Establecimientos de expendio de alimentos y bebidas","Restaurantes","AB-REST-0101-02096","124003091","KFC- INDEPENDENCIA I","Los Jardines del Sur","Distrito Nacional","Vencida","Inactiva","Abierto","2024-10-11","8093680026",""
"Establecimientos de expendio de alimentos y bebidas","Restaurantes","AB-REST-3201-02097","131731341","KFC - LAS AMERICAS","Sabana Larga","Santo Domingo","Vigente","Activa","Cerrado","2026-07-03","8093680026",""
"Establecimientos de expendio de alimentos y bebidas","Restaurantes","AB-REST-1101-02098","124003091","KFC - PUNTA CANA","Punta Cana","La Altagracia","Vigente","Activa","Abierto","2027-03-04","8093680026",""
"Establecimientos de expendio de alimentos y bebidas","Restaurantes","AB-REST-1101-02128","130389586","Jade Teriyaki (Bávaro)","Bávaro","La Altagracia","Vencida","Inactiva","Abierto","","8095081575",""
"Establecimientos de expendio de alimentos y bebidas","Restaurantes","AB-REST-0101-02261","122014195","Meson Iberia","Mirador Norte","Santo Domingo","Vencida","Inactiva","Abierto","2025-03-12","8095307200",""
"Establecimientos de expendio de alimentos y bebidas","Cafeterías","AB-CAFT-1102-02862","131949231","Gallur","Dominicus - Bayahibe","La Altagracia","Sin licencia","En formación","Abierto","","8292305670",""
"Establecimientos de expendio de alimentos y bebidas","Restaurantes","AB-REST-2003-02325","131319769","Restaurante Kalliste","Las Terrenas","Samaná","Vencida","Inactiva","Abierto","2024-07-20","8092406647",""
"Establecimientos de expendio de alimentos y bebidas","Restaurantes","AB-REST-0101-02386","130862648","RESTAURANTE LA CASSINA","Evaristo Morales","Distrito Nacional","Vencida","Inactiva","Abierto","2022-11-08","8297155151",""
"Establecimientos de expendio de alimentos y bebidas","Restaurantes","AB-REST-0101-02388","130148572","SBG SANTO DOMINGO","Paseo de los Locutores","Distrito Nacional","Vencida","Inactiva","Abierto","2023-01-20","8093543677",""
"Establecimientos de expendio de alimentos y bebidas","Restaurantes","AB-REST-0101-02389","101605391","Domino´s Pizza - Arroyo Hondo","Arroyo Hondo","Distrito Nacional","Incompleta","Inactiva","Abierto","","8099904214",""
"Establecimientos de expendio de alimentos y bebidas","Restaurantes","AB-REST-1801-01472","131269028","SCHLEMMER STUBE CENTRAL","Sosua","Puerto Plata","Vigente","Activa","Abierto","2026-03-12","8097904849",""
"Establecimientos de expendio de alimentos y bebidas","Restaurantes","AB-REST-0101-02425","130223556","MIX FOOD TO SHARE","Piantini","Distrito Nacional","Sin licencia","En formación","Abierto","","8094720600",""
"Establecimientos de expendio de alimentos y bebidas","Restaurantes","AB-REST-2701-02431","132077212","212 NY PIZZA - MAO","Esperanza","Valverde","Sin licencia","En formación","Abierto","","8295398118",""
"Establecimientos de expendio de alimentos y bebidas","Restaurantes","AB-REST-0101-02355","130751366","YAO (Bella Vista)","Bella Vista","Distrito Nacional","Vigente","Activa","Abierto","2026-05-29","8097612712",""
"Establecimientos de expendio de alimentos y bebidas","Restaurantes","AB-REST-0101-02356","130751366","Restaurantes  YAO (Naco)","Ensanche Naco","Distrito Nacional","En proceso","Activa","Abierto","","8297612712",""
"Establecimientos de expendio de alimentos y bebidas","Restaurantes","AB-REST-0101-02357","130751366","YAO (PLAZA LAS AMERICAS II)","Piantini","Distrito Nacional","Vigente","Activa","Abierto","2026-05-02","8297612712",""
"Establecimientos de expendio de alimentos y bebidas","Restaurantes","AB-REST-0101-02358","101555815","PIZZA HUT - ZONA COLONIAL","Zona Colonial","Distrito Nacional","Sin licencia","En formación","Abierto","","8095190120",""
"Establecimientos de expendio de alimentos y bebidas","Restaurantes","AB-REST-2501-02359","101555815","PIZZA HUT - SANTIAGO","Santiago - Centro Ciudad","Santiago","Sin licencia","En formación","Abierto","","8095190120",""
"Establecimientos de expendio de alimentos y bebidas","Restaurantes","AB-REST-0101-02360","101555815","PIZZA HUT - NACO","Ensanche Naco","Distrito Nacional","Vencida","Inactiva","Abierto","2022-12-22","8095190120",""
"Establecimientos de expendio de alimentos y bebidas","Restaurantes","AB-REST-0101-02361","101555815","PIZZA HUT - BELLA VISTA","Bella Vista","Distrito Nacional","Sin licencia","En formación","Abierto","","8095190120",""
"Establecimientos de expendio de alimentos y bebidas","Restaurantes","AB-REST-3201-02362","101555815","PIZZA HUT - VENEZUELA","Las Enfermeras","Santo Domingo","Vencida","Inactiva","Abierto","2023-01-31","8095190120",""
"Establecimientos de expendio de alimentos y bebidas","Restaurantes","AB-REST-3201-02363","101555815","PIZZA HUT - SAN ISIDRO","Nuevo Amanecer","Santo Domingo","Sin licencia","En formación","Abierto","","8095190120",""
"Establecimientos de expendio de alimentos y bebidas","Restaurantes","AB-REST-0101-02364","101555815","PIZZA HUT - LOPE DE VEGA","Naco","Distrito Nacional","Sin licencia","En formación","Abierto","","8095190120",""
"Establecimientos de expendio de alimentos y bebidas","Restaurantes","AB-REST-0101-02365","101555815","PIZZA HUT - NÚÑEZ DE CÁCERES","La Castellana","Distrito Nacional","Vencida","Inactiva","Abierto","2022-11-08","8095190120",""
"Establecimientos de expendio de alimentos y bebidas","Restaurantes","AB-REST-0101-02366","101555815","PIZZA HUT - UNICENTRO","Ensanche Naco","Distrito Nacional","Vencida","Inactiva","Abierto","2022-09-13","8095190120",""
"Establecimientos de expendio de alimentos y bebidas","Restaurantes","AB-REST-0601-02367","101555815","PIZZA HUT - SAN FRANCISCO","Invivienda","Distrito Nacional","Sin licencia","En formación","Abierto","","8095190120",""
"Establecimientos de expendio de alimentos y bebidas","Restaurantes","AB-REST-0101-02368","101555815","PIZZA HUT - REP. DE COLOMBIA","República de Colombia","Santo Domingo","Sin licencia","En formación","Abierto","","8095190120",""
"Establecimientos de expendio de alimentos y bebidas","Restaurantes","AB-REST-0101-02369","101555815","PIZZA HUT - INDEPENDENCIA","Honduras","Distrito Nacional","Sin licencia","En formación","Abierto","","8095190120",""
"Establecimientos de expendio de alimentos y bebidas","Restaurantes","AB-REST-0101-02370","101555815","PIZZA HUT - SOL PONIENTE","Arroyo Hondo","Distrito Nacional","Sin licencia","En formación","Abierto","","8095190120",""
"Establecimientos de expendio de alimentos y bebidas","Restaurantes","AB-REST-0101-02371","101555815","PIZZA HUT - SAMBIL","Villa Juana","Distrito Nacional","Vencida","Inactiva","Abierto","2022-11-02","8095190120",""
"Establecimientos de expendio de alimentos y bebidas","Restaurantes","AB-REST-0101-02372","101555815","PIZZA HUT - MÁXIMO GOMEZ","Ensanche Independencia","Distrito Nacional","Vencida","Inactiva","Abierto","2022-12-22","8095190120",""
"Establecimientos de expendio de alimentos y bebidas","Restaurantes","AB-REST-0101-02373","101555815","PIZZA HUT - ZONA ROSA","Santiago - Centro Ciudad","Distrito Nacional","Vencida","Inactiva","Abierto","2022-12-22","8095190120",""
"Establecimientos de expendio de alimentos y bebidas","Restaurantes","AB-REST-0101-02374","101555815","PIZZA HUT - GASCUE DELCO","Santiago - Centro Ciudad","Distrito Nacional","Sin licencia","En formación","Abierto","","8095190120",""
"Establecimientos de expendio de alimentos y bebidas","Restaurantes","AB-REST-0101-02375","101555815","PIZZA HUT - CARREFOUR","Las Colinas de los Rios","Santo Domingo","Sin licencia","En formación","Abierto","","8095190120",""
"Establecimientos de expendio de alimentos y bebidas","Restaurantes","AB-REST-3201-02376","101555815","PIZZA HUT - PLAZA FAMA","Franconia","Santo Domingo","Vencida","Inactiva","Abierto","2022-01-27","8095190120",""
"Establecimientos de expendio de alimentos y bebidas","Restaurantes","AB-REST-2501-02377","130246491","WENDY´S - AV. JUAN PABLO DUARTE STGO","Santiago - Centro Ciudad","Distrito Nacional","Vencida","Inactiva","Abierto","2023-01-20","8095190120",""
"Establecimientos de expendio de alimentos y bebidas","Restaurantes","AB-REST-0101-02378","130246491","WENDY´S - NÚÑEZ DE CÁCERES","La Castellana","Distrito Nacional","Vencida","Inactiva","Abierto","2022-10-11","8095190120",""
"Establecimientos de expendio de alimentos y bebidas","Restaurantes","AB-REST-0101-02379","130246491","WENDY´S - NACO","La Arboleda","Distrito Nacional","Vencida","Inactiva","Abierto","2023-01-20","8095190120",""
"Establecimientos de expendio de alimentos y bebidas","Restaurantes","AB-REST-0101-02381","130246491","WENDY´S - AV. 27 DE FEBRERO","Piantini","Distrito Nacional","Vencida","Inactiva","Abierto","2022-11-18","8095190120",""
"Establecimientos de expendio de alimentos y bebidas","Restaurantes","AB-REST-0101-02382","130246491","WENDYS (MAXIMO GOMEZ)","Gazcue","Distrito Nacional","Sin licencia","En formación","Abierto","","8095190120",""
"Establecimientos de expendio de alimentos y bebidas","Restaurantes","AB-REST-0101-02383","130246491","WENDY´S - SAMBIL","Villa Juana","Distrito Nacional","Vencida","Inactiva","Abierto","2022-10-11","8095190120",""
"Establecimientos de expendio de alimentos y bebidas","Restaurantes","AB-REST-0101-02392","124003091","KFC-ARROYO HONDO","Arroyo Hondo","Distrito Nacional","Vigente","Activa","Abierto","2027-03-03","8098191648",""
"Establecimientos de expendio de alimentos y bebidas","Restaurantes","AB-REST-3201-02393","124003091","KFC-CARRETERA MELLA","Villa Duarte","Santo Domingo","Sin licencia","En formación","Abierto","","8098191648",""
"Establecimientos de expendio de alimentos y bebidas","Restaurantes","AB-REST-2501-02394","124003091","KFC- EL EMBRUJO (SANTIAGO)","Santiago - Centro Ciudad","Santiago","En proceso","Activa","Abierto","","8098191648",""
"Establecimientos de expendio de alimentos y bebidas","Restaurantes","AB-REST-0101-02395","124003091","KFC - INDEPENDENCIA II","Costa Caribe","Distrito Nacional","En proceso","Activa","Abierto","","8098191648",""
"Establecimientos de expendio de alimentos y bebidas","Restaurantes","AB-REST-3201-02396","124003091","KFC - VENEZUELA","Ensanche Ozama","Santo Domingo","Vigente","Activa","Abierto","2026-12-03","8098191648",""
"Establecimientos de expendio de alimentos y bebidas","Restaurantes","AB-REST-0101-02397","124003091","KFC - MAXIMO GOMEZ","Gazcue","Distrito Nacional","En proceso","Activa","Abierto","","8098191648",""
"Establecimientos de expendio de alimentos y bebidas","Restaurantes","AB-REST-0101-02398","124003091","KFC-CHARLES SUMMER","Los Prados","Distrito Nacional","Vigente","Activa","Abierto","2027-03-02","8098191648",""
"Establecimientos de expendio de alimentos y bebidas","Restaurantes","AB-REST-0101-02399","124003091","KFC-DOWNTOWN","Mirador Sur","Distrito Nacional","Vigente","Activa","Abierto","2027-03-03","8098191648",""
"Establecimientos de expendio de alimentos y bebidas","Restaurantes","AB-REST-1201-02400","124003091","KFC LA ROMANA","La Romana - Centro Ciudad","La Romana","Vigente","Activa","Abierto","2027-03-04","8098191648",""
"Establecimientos de expendio de alimentos y bebidas","Restaurantes","AB-REST-3201-02401","124003091","KFC - LOS FRAILES","Los Frailes II","Santo Domingo","En proceso","Activa","Abierto","","8098191648",""
"Establecimientos de expendio de alimentos y bebidas","Restaurantes","AB-REST-0101-02402","124003091","KFC - SAMBIL","Serrallés","Distrito Nacional","Vigente","Activa","Abierto","2026-07-01","8098191648",""
"Establecimientos de expendio de alimentos y bebidas","Restaurantes","AB-REST-0101-02403","124003091","KFC - TIRADENTES","Ensanche Naco","Distrito Nacional","Vigente","Activa","Abierto","2027-03-03","8093680026",""
"Establecimientos de expendio de alimentos y bebidas","Restaurantes","AB-REST-0101-02404","124003091","KFC - PATIO COLOMBIA","República de Colombia","Santo Domingo","En proceso","Activa","Abierto","","8098191648",""
"Establecimientos de expendio de alimentos y bebidas","Restaurantes","AB-REST-2501-02405","124003091","KFC - SANTIAGO CPI","Santiago - Centro Ciudad","Santiago","Vencida","Inactiva","Abierto","2022-11-02","8098191648",""
"Establecimientos de expendio de alimentos y bebidas","Restaurantes","AB-REST-3202-02406","124003091","KFC - LA SIRENA LAS CAOBAS","Las Caobas","Santo Domingo","En proceso","Activa","Abierto","","8098191648",""
"Establecimientos de expendio de alimentos y bebidas","Restaurantes","AB-REST-0101-02410","101605391","Domino's Pizza - LAZA PATIO COLOMBIA","República de Colombia","Distrito Nacional","Incompleta","Inactiva","Abierto","","8099904214",""
"Establecimientos de expendio de alimentos y bebidas","Restaurantes","AB-REST-3201-02412","101605391","Domino's Pizza - San Isidro","Villa Duarte","Santo Domingo","Sin licencia","En formación","Abierto","","8099904214",""
"Establecimientos de expendio de alimentos y bebidas","Restaurantes","AB-REST-1201-02414","101605391","Domino's Pizza - La Romana","La Romana - Centro Ciudad","La Romana","Sin licencia","En formación","Abierto","","8099904214",""
"Establecimientos de expendio de alimentos y bebidas","Restaurantes","AB-REST-1101-02415","101605391","Domino's Pizza - Punta Cana","Punta Cana","La Altagracia","Incompleta","Inactiva","Abierto","","8099904214",""
"Establecimientos de expendio de alimentos y bebidas","Restaurantes","AB-REST-2301-02416","101605391","Domino's Pizza - San Pedro de Macoris","San Pedro - Centro Ciudad","San Pedro de Macorís","Sin licencia","En formación","Abierto","","8099904214",""
"Establecimientos de expendio de alimentos y bebidas","Restaurantes","AB-REST-3202-02417","101605391","Domino's Pizza - Pintura","San Miguel","Santo Domingo","Vigente","Activa","Abierto","2027-02-05","8099904214",""
"Establecimientos de expendio de alimentos y bebidas","Restaurantes","AB-REST-0101-02418","101605391","Domino's Pizza - Bella Vista","Bella Vista","Distrito Nacional","En proceso","Activa","Abierto","","8099904214",""
"Establecimientos de expendio de alimentos y bebidas","Restaurantes","AB-REST-0101-02419","101605391","Domino's Pizza - LA PLAZA COMERCIAL JJ GONZÁLEZ","COSTA CARIBE","Distrito Nacional","Incompleta","Inactiva","Abierto","","8099904214",""
"Establecimientos de expendio de alimentos y bebidas","Restaurantes","AB-REST-3202-02420","101605391","Domino's Pizza - Bomba Sigma Petroleum","Engombe","Santo Domingo","Vigente","Activa","Abierto","2027-02-04","8099904214",""
"Establecimientos de expendio de alimentos y bebidas","Restaurantes","AB-REST-1301-02421","101605391","Domino's Pizza - La Vega","La Vega - Centro Ciudad","La Vega","Sin licencia","En formación","Abierto","","8099904214",""
"Establecimientos de expendio de alimentos y bebidas","Restaurantes","AB-REST-0601-02422","101605391","Domino's Pizza - San Francisco de Macorís","La Penda","Duarte","Sin licencia","En formación","Abierto","","8099904214",""
"Establecimientos de expendio de alimentos y bebidas","Restaurantes","AB-REST-0901-02423","101605391","Domino's Pizza - Moca","Moca","Espaillat","Sin licencia","En formación","Abierto","","8099904214",""
"Establecimientos de expendio de alimentos y bebidas","Restaurantes","AB-REST-1301-02424","101605391","Domino's Pizza - La Sirena de la Vega","La Vega - Centro Ciudad","La Vega","Incompleta","Inactiva","Abierto","","8099904214",""
"Establecimientos de expendio de alimentos y bebidas","Heladerías","AB-HELA-0101-02390","101627336","BASKIN ROBBINS - TIRADENTES","Ensanche Naco","Distrito Nacional","Sin licencia","En formación","Abierto","","8295735578",""
"Establecimientos de expendio de alimentos y bebidas","Heladerías","AB-HELA-1101-02391","101627336","BASKIN ROBBINS - PUNTA CANA VILLAGE","Punta Cana","La Altagracia","Sin licencia","En formación","Abierto","","8295735578",""
"Establecimientos de expendio de alimentos y bebidas","Restaurantes","AB-REST-0101-02408","131907768","Starbucks ( Downtown Center)","Bella Vista","Distrito Nacional","Vigente","Activa","Abierto","2026-04-23","8099795230",""
"Establecimientos de expendio de alimentos y bebidas","Restaurantes","AB-REST-0101-02409","131907768","Starbucks (Plaza Acropolis)","Piantini","Distrito Nacional","Vencida","Inactiva","Abierto","2026-02-14","8099795230",""
"Establecimientos de expendio de alimentos y bebidas","Restaurantes","AB-REST-0101-02348","130178984","Victoria by Porterhouse","Piantini","Distrito Nacional","En proceso","Activa","Abierto","","8093997476",""
"Establecimientos de expendio de alimentos y bebidas","Restaurantes","AB-REST-0101-02349","130215278","Bottega Fratelli Bonarelli","ensanche serralles","Distrito Nacional","Vigente","Activa","Abierto","2026-03-20","8094817321",""
"Establecimientos de expendio de alimentos y bebidas","Restaurantes","AB-REST-0101-02352","131502237","P.F. CHANG’S","Mirador Sur","Distrito Nacional","Vigente","Activa","Abierto","2027-01-14","8099904214",""
"Establecimientos de expendio de alimentos y bebidas","Restaurantes","AB-REST-3201-02447","101570611","Pala Pizza - Ensanche Isabelita","Ensanche Isabelita","Santo Domingo","Sin licencia","En formación","Abierto","","8096967252",""
"Establecimientos de expendio de alimentos y bebidas","Restaurantes","AB-REST-1201-02448","101570611","Pala Pizza - Jumbo La Romana","La Romana - Centro Ciudad","La Romana","Vencida","Inactiva","Abierto","2024-07-18","8096967252",""
"Establecimientos de expendio de alimentos y bebidas","Restaurantes","AB-REST-1101-02449","101570611","Pala Pizza - Plaza Friusa (Bávaro)","Friusa","La Altagracia","Vencida","Inactiva","Abierto","2022-12-22","8096967252",""
"Establecimientos de expendio de alimentos y bebidas","Restaurantes","AB-REST-1201-02450","101570611","Pala Pizza - Multiplaza La Romana","La Romana - Centro Ciudad","La Romana","Vencida","Inactiva","Abierto","2022-10-05","8096967252",""
"Establecimientos de expendio de alimentos y bebidas","Restaurantes","AB-REST-0101-02451","131656218","Maraca","Zona Colonial","Distrito Nacional","Sin licencia","En formación","Abierto","","8097694156",""
"Establecimientos de expendio de alimentos y bebidas","Restaurantes","AB-REST-0101-02453","101021985","Meson de la Cava","Bella Vista","Distrito Nacional","En proceso","Activa","Abierto","","8297621615",""
"Establecimientos de expendio de alimentos y bebidas","Restaurantes","AB-REST-0101-02454","131950231","ANDRES CARNES - MALECÓN","Miramar","Distrito Nacional","Sin licencia","En formación","Abierto","","8099882425",""
"Establecimientos de expendio de alimentos y bebidas","Restaurantes","AB-REST-0101-02455","124003091","KFC -AGORA MALL","piantini","Distrito Nacional","En proceso","Activa","Abierto","","8093680026",""
"Establecimientos de expendio de alimentos y bebidas","Restaurantes","AB-REST-0101-02456","124003091","KFC - NUÑEZ DE CACERES","El Millon","Distrito Nacional","Vigente","Activa","Abierto","2027-03-02","8098191648",""
"Establecimientos de expendio de alimentos y bebidas","Restaurantes","AB-REST-0101-02457","124003091","KFC - GALERIA 360","Viejo arroyo Hondo","Distrito Nacional","Vigente","Activa","Abierto","2027-02-16","8098191648",""
"Establecimientos de expendio de alimentos y bebidas","Restaurantes","AB-REST-1404-02458","132286995","LOS MANGLES DIVING CENTER & WATER SPORTS","Rio San Juan","María Trinidad Sánchez","Sin licencia","En formación","Cerrado","","8092691111",""
"Establecimientos de expendio de alimentos y bebidas","Restaurantes","AB-REST-0101-02459","131384498","Cantin Bar and Kitchen","Ensanche Paraiso","Distrito Nacional","Sin licencia","En formación","Abierto","","8293457171",""
"Establecimientos de expendio de alimentos y bebidas","Restaurantes","AB-REST-0101-02460","124003091","KFC - JARDINES","Santiago - Centro Ciudad","Santiago","Vencida","Inactiva","Abierto","2025-12-13","8098191648",""
"Establecimientos de expendio de alimentos y bebidas","Restaurantes","AB-REST-3201-02461","124003091","KFC - MEGA CENTRO","Los Mina","Santo Domingo","Vigente","Activa","Abierto","2026-06-25","8098191648",""
"Establecimientos de expendio de alimentos y bebidas","Restaurantes","AB-REST-0101-02462","124003091","KFC - BELLA VISTA","Bella Vista","Distrito Nacional","En proceso","Activa","Abierto","","8098191648",""
"Establecimientos de expendio de alimentos y bebidas","Restaurantes","AB-REST-0101-02463","124003091","KFC - LOS PROCERES","Arroyo Hondo","Distrito Nacional","En proceso","Activa","Abierto","","8098191648",""
"Establecimientos de expendio de alimentos y bebidas","Restaurantes","AB-REST-3202-02464","124003091","KFC - CARREFOUR","Los Rios","Santo Domingo","Vigente","Activa","Abierto","2027-03-03","8098191648",""
"Establecimientos de expendio de alimentos y bebidas","Restaurantes","AB-REST-2501-02465","124003091","KFC - CALLE EL SOL","Santiago","Santiago","Vencida","Inactiva","Abierto","2025-07-25","8098191648",""
"Establecimientos de expendio de alimentos y bebidas","Restaurantes","AB-REST-2501-02466","124003091","KFC - JUAN PABLO DUARTE","Santiago - Centro Ciudad","Santiago","Vencida","Inactiva","Abierto","2025-12-24","8098191648",""
"Establecimientos de expendio de alimentos y bebidas","Restaurantes","AB-REST-3202-02467","124003091","KFC LAS PALMAS","Herrera","Distrito Nacional","En proceso","Activa","Abierto","","8098191648",""
"Establecimientos de expendio de alimentos y bebidas","Restaurantes","AB-REST-3201-02468","124003091","KFC CHARLES DE GAULLE","Hainamosa","Santo Domingo","En proceso","Activa","Abierto","","8098191648",""
"Establecimientos de expendio de alimentos y bebidas","Restaurantes","AB-REST-0101-02469","124003091","KFC - ACROPOLIS","Piantini","Distrito Nacional","En proceso","Activa","Abierto","","8098191648",""
"Establecimientos de expendio de alimentos y bebidas","Restaurantes","AB-REST-0101-02474","124003091","TGI FRIDAYS SANTO DOMINGO","Piantini","Distrito Nacional","En proceso","Activa","Abierto","","8098191648",""
"Establecimientos de expendio de alimentos y bebidas","Restaurantes","AB-REST-2501-02475","124003091","TGI FRIDAYS (SANTIAGO)","Santiago - Centro Ciudad","Santiago","Vigente","Activa","Abierto","2027-02-18","8098191648",""
"Establecimientos de expendio de alimentos y bebidas","Restaurantes","AB-REST-3203-02471","124003091","KFC - VILLA MELLA","Bella Vista","Santo Domingo","En proceso","Activa","Abierto","","8098191648",""
"Establecimientos de expendio de alimentos y bebidas","Restaurantes","AB-REST-0101-02476","101128828","Buen Provecho","Ensanche Naco","Distrito Nacional","Vigente","Activa","Abierto","2026-03-19","8095459042",""
"Establecimientos de expendio de alimentos y bebidas","Restaurantes","AB-REST-0101-02477","124001978","ADRIAN TROPICAL - GAZCUE","Gazcue","Distrito Nacional","Vencida","Inactiva","Abierto","2025-10-21","8492071668",""
"Establecimientos de expendio de alimentos y bebidas","Restaurantes","AB-REST-0101-02478","124001978","ADRIAN TROPICAL - PIANTINI","Piantini","Distrito Nacional","Vencida","Inactiva","Abierto","2026-02-11","8492071668",""
"Establecimientos de expendio de alimentos y bebidas","Restaurantes","AB-REST-0101-02479","124001978","ADRIAN TROPICAL - 27 DE FEBRERO","Ensanche Quisqueya","Distrito Nacional","Vencida","Inactiva","Abierto","2025-10-14","8492071668",""
"Establecimientos de expendio de alimentos y bebidas","Restaurantes","AB-REST-1101-02481","130711399","Marina Caribe","Verón","La Altagracia","Vencida","Inactiva","Abierto","2023-09-12","8098625540",""
"Establecimientos de expendio de alimentos y bebidas","Restaurantes","AB-REST-1101-02484","131391461","Yao (Bávaro)","Bàvaro","La Altagracia","Vigente","Activa","Abierto","2026-12-31","8297612712",""
"Establecimientos de expendio de alimentos y bebidas","Restaurantes","AB-REST-0101-02485","130751366","Yao (Agora Mall)","Serrallés","Distrito Nacional","Vencida","Inactiva","Abierto","2022-10-18","8297612712",""
"Establecimientos de expendio de alimentos y bebidas","Bares","AB-BARX-0802-02487","132337654","D Franklin Drink TFSD","Miches","El Seibo","Sin licencia","En formación","Cerrado","","8095535617",""
"Establecimientos de expendio de alimentos y bebidas","Restaurantes","AB-REST-1101-02493","132166949","LA TABERNA DE PEPE","Punta Cana","La Altagracia","Vencida","Inactiva","Abierto","2023-07-29","8099599275",""
"Establecimientos de expendio de alimentos y bebidas","Restaurantes","AB-REST-1807-02496","131084699","RESTAURANTE ROMA","Cabarete","Puerto Plata","Sin licencia","En formación","Abierto","","8092181861",""
"Establecimientos de expendio de alimentos y bebidas","Restaurantes","AB-REST-0101-02498","131004482","LILA MODERN ASIAN CUISINE","Piantini","Distrito Nacional","Vencida","Inactiva","Abierto","2022-11-02","8095656714",""
"Establecimientos de expendio de alimentos y bebidas","Restaurantes","AB-REST-0101-02499","101719265","MCDONALD'S - AV. SARASOTA","Bella Vista","Distrito Nacional","Incompleta","Inactiva","Abierto","","8095334800",""
"Establecimientos de expendio de alimentos y bebidas","Discotecas","AB-DISC-3201-02505","101557265","ROARWAVE CLUB","Ensanche Isabelita","Santo Domingo","Incompleta","Inactiva","Abierto","","8092318080",""
"Establecimientos de expendio de alimentos y bebidas","Restaurantes","AB-REST-3201-02507","101557265","HOTEL ACUARIUM SUITES RESORT (RESTAURANTE)","Ensanche Isabelita","Santo Domingo","Sin licencia","En formación","Abierto","","8092318080",""
"Establecimientos de expendio de alimentos y bebidas","Restaurantes","AB-REST-0101-02508","101719265","MCDONALD'S - NÚÑEZ DE CÁCERES)","El Millón","Distrito Nacional","Incompleta","Inactiva","Abierto","","8095334800",""
"Establecimientos de expendio de alimentos y bebidas","Restaurantes","AB-REST-0101-02509","101719265","MCDONALD'S - LOS PROCERES","Arroyo Hondo","Distrito Nacional","En proceso","Activa","Abierto","","8095334800",""
"Establecimientos de expendio de alimentos y bebidas","Restaurantes","AB-REST-0101-02510","101719265","MCDONALD'S - AGORA MALL","Serrallés","Distrito Nacional","Incompleta","Inactiva","Abierto","","8095334800",""
"Establecimientos de expendio de alimentos y bebidas","Restaurantes","AB-REST-0101-02511","101719265","MCDONALD'S - LEOPOLDO NAVARRO","San Juan Bosco","Distrito Nacional","Sin licencia","En formación","Abierto","","8095334800",""
"Establecimientos de expendio de alimentos y bebidas","Restaurantes","AB-REST-0101-02513","01201193362","HELADOS BON PLAZA CENTRAL","Piantini","Distrito Nacional","Sin licencia","En formación","Abierto","","8098720012",""
"Establecimientos de expendio de alimentos y bebidas","Heladerías","AB-HELA-0101-02519","101627336","BASKIN ROBBINS - RÓMULO BETANCOURT","Bella Vista","Distrito Nacional","Sin licencia","En formación","Abierto","","8093343131",""
"Establecimientos de expendio de alimentos y bebidas","Restaurantes","AB-REST-0101-00311","131675484","LA PARRILLA NIPORT","Malecon de Santo Domingo","Distrito Nacional","Vencida","Inactiva","Abierto","2022-10-05","8097967676",""
"Establecimientos de expendio de alimentos y bebidas","Restaurantes","AB-REST-1807-02523","131664113","BAR RESTAURANT TREEHOUSE PAPA'S","El Batey","Puerto Plata","Sin licencia","En formación","Cerrado","","8095711037",""
"Establecimientos de expendio de alimentos y bebidas","Restaurantes","AB-REST-1804-02524","03800158796","HELADERIA BON IMBERT","Imbert","Puerto Plata","Sin licencia","En formación","Abierto","","8293810396",""
"Establecimientos de expendio de alimentos y bebidas","Restaurantes","AB-REST-0101-02525","101658347","TACO BELL (BELLA VISTA MALL)","Bella Vista","Distrito Nacional","Vencida","Inactiva","Abierto","2022-12-22","8097352355",""
"Establecimientos de expendio de alimentos y bebidas","Restaurantes","AB-REST-3201-02526","101658347","TACO BELL (MEGACENTRO)","Altos de Cancino","Santo Domingo","Vencida","Inactiva","Abierto","2023-01-31","8097352355",""
"Establecimientos de expendio de alimentos y bebidas","Restaurantes","AB-REST-0101-02527","101658347","TACO BELL (CALLE ALFONSO MORENO MARTINEZ)","Arroyo Hondo","Distrito Nacional","Vencida","Inactiva","Abierto","2023-01-20","8097352355",""
"Establecimientos de expendio de alimentos y bebidas","Restaurantes","AB-REST-0101-02528","101658347","TACO BELL (ACROPOLIS)","Piantini","Distrito Nacional","Vencida","Inactiva","Abierto","2024-12-27","8097352355",""
"Establecimientos de expendio de alimentos y bebidas","Restaurantes","AB-REST-0101-02529","101658347","TACO BELL (CENTRO COMERCIAL EL FARO)","Gazcue","Distrito Nacional","Vencida","Inactiva","Abierto","2022-11-08","8097352355",""
"Establecimientos de expendio de alimentos y bebidas","Restaurantes","AB-REST-0101-02530","101658347","TACO BELL (AGORA MALL)","Piantini","Distrito Nacional","Vencida","Inactiva","Abierto","2024-12-27","8097352355",""
"Establecimientos de expendio de alimentos y bebidas","Restaurantes","AB-REST-0101-02531","101658347","TACO BELL (GALERIA 360)","Arroyo Hondo Viejo","Distrito Nacional","Vencida","Inactiva","Abierto","2023-02-18","8097352355",""
"Establecimientos de expendio de alimentos y bebidas","Restaurantes","AB-REST-0101-02532","101658347","TACO BELL (NUÑEZ DE CACERES)","El Millón II","Distrito Nacional","Vencida","Inactiva","Abierto","2024-12-27","8097352355",""
"Establecimientos de expendio de alimentos y bebidas","Restaurantes","AB-REST-0101-02533","101658347","TACO BELL (SAMBIL)","Villa Juana","Distrito Nacional","Vencida","Inactiva","Abierto","2022-11-08","8097352355",""
"Establecimientos de expendio de alimentos y bebidas","Restaurantes","AB-REST-0101-02534","101658347","TACO BELL (DOWNTOWN)","Mirador Sur","Distrito Nacional","Vencida","Inactiva","Abierto","2022-12-22","8097352355",""
"Establecimientos de expendio de alimentos y bebidas","Restaurantes","AB-REST-0101-02520","101658347","TACO BELL (CHURCHILL)","Piantini","Distrito Nacional","Vencida","Inactiva","Abierto","2023-02-18","8097352355",""
"Establecimientos de expendio de alimentos y bebidas","Restaurantes","AB-REST-2501-02521","101658347","TACO BELL (PLAZA ZONA ROSA, SANTIAGO)","Santiago - Centro Ciudad","Santiago","Vencida","Inactiva","Abierto","2023-10-25","8097352355",""
"Establecimientos de expendio de alimentos y bebidas","Restaurantes","AB-REST-0101-02522","101658347","TACO BELL (LOPEZ DE VEGA)","Ensanche Naco","Distrito Nacional","Vencida","Inactiva","Abierto","2022-10-18","8097352355",""
"Establecimientos de expendio de alimentos y bebidas","Restaurantes","AB-REST-3201-02535","101658347","TACO BELL (CENTRO COMERCIAL CUADRA SAN ISIDRO)","Los Tres Ojos","Santo Domingo","Vencida","Inactiva","Abierto","2024-12-14","8097352355",""
"Establecimientos de expendio de alimentos y bebidas","Heladerías","AB-HELA-0101-02536","101627336","BASKIN ROBBINS -  AV. NUÑEZ","Las Praderas","Distrito Nacional","Sin licencia","En formación","Abierto","","8093343131",""
"Establecimientos de expendio de alimentos y bebidas","Heladerías","AB-HELA-0101-02537","101627336","BASKIN ROBBINS - AV. BOLIVAR","Gazcue","Distrito Nacional","Sin licencia","En formación","Abierto","","8093343131",""
"Establecimientos de expendio de alimentos y bebidas","Restaurantes","AB-REST-0101-02433","131062326","CAFE SBG","Piantini","Distrito Nacional","Vencida","Inactiva","Abierto","2023-01-20","8093543677",""
"Establecimientos de expendio de alimentos y bebidas","Restaurantes","AB-REST-0101-02426","131202586","SBG-KITCHEN","Bella Vista","Distrito Nacional","Vencida","Inactiva","Abierto","2023-02-21","8097845690",""
"Establecimientos de expendio de alimentos y bebidas","Restaurantes","AB-REST-1101-02427","131611249","SBG-PUNTA CANA","Punta Cana","La Altagracia","Sin licencia","En formación","Abierto","","8097844047",""
"Establecimientos de expendio de alimentos y bebidas","Restaurantes","AB-REST-3203-02429","101570611","Pala Pizza - Villa Mella","El Eden","Santo Domingo","Vencida","Inactiva","Abierto","2023-02-18","8093333300",""
"Establecimientos de expendio de alimentos y bebidas","Restaurantes","AB-REST-0101-02432","131454722","PEPERONI","Piantini","Distrito Nacional","Sin licencia","En formación","Abierto","","8097055555",""
"Establecimientos de expendio de alimentos y bebidas","Restaurantes","AB-REST-3202-02434","101570611","Pala Pizza - Occidental Mall (Manoguayabo)","Manoguayabo","Santo Domingo","Vencida","Inactiva","Abierto","2023-02-18","8096967252",""
"Establecimientos de expendio de alimentos y bebidas","Restaurantes","AB-REST-3201-02435","101570611","Pala Pizza - La Caleta","La Caleta","Santo Domingo","Vencida","Inactiva","Abierto","2023-02-18","8096967252",""
"Establecimientos de expendio de alimentos y bebidas","Restaurantes","AB-REST-0101-02436","130482594","PIZZA IL FORNO","Piantini","Distrito Nacional","Sin licencia","En formación","Abierto","","8093997476",""
"Establecimientos de expendio de alimentos y bebidas","Restaurantes","AB-REST-0101-02441","101570611","Pala Pizza - Malecón (Caribbean Cinemas)","Gazcue","Distrito Nacional","Vencida","Inactiva","Abierto","2023-02-18","8096967252",""
"Establecimientos de expendio de alimentos y bebidas","Restaurantes","AB-REST-0101-02544","131243053","HELADOS BON (AV. ENRIQUILLO)","Los Cacicazgos","Distrito Nacional","Sin licencia","En formación","Abierto","","8094822337",""
"Establecimientos de expendio de alimentos y bebidas","Heladerías","AB-HELA-2501-02546","101627336","BASKIN ROBBINS - TRINITARIA","Santiago - Centro Ciudad","Santiago","Sin licencia","En formación","Abierto","","8093343131",""
"Establecimientos de expendio de alimentos y bebidas","Heladerías","AB-HELA-0101-02547","101627336","BASKIN ROBBINS - AV. LINCOLN","Piantini","Distrito Nacional","Sin licencia","En formación","Abierto","","8093343131",""
"Establecimientos de expendio de alimentos y bebidas","Heladerías","AB-HELA-3201-02553","101627336","BASKIN ROBBINS - SAN ISIDRO","San Isidro","Santo Domingo","Sin licencia","En formación","Abierto","","8093343131",""
"Establecimientos de expendio de alimentos y bebidas","Restaurantes","AB-REST-1404-00322","130078955","Rest. The Point Tree","Playa Grande","María Trinidad Sánchez","En proceso","Activa","Cerrado","","8093384200",""
"Establecimientos de expendio de alimentos y bebidas","Restaurantes","AB-REST-0101-00379","101568518","Boga Boga","La Esperilla","Distrito Nacional","Vencida","Inactiva","Abierto","2025-09-02","8094720849",""
"Establecimientos de expendio de alimentos y bebidas","Discotecas","AB-DISC-1801-01052","130051577","Discoteca Club 59","El Batey","Puerto Plata","Vencida","Inactiva","Abierto","2024-08-15","8095711306",""
"Establecimientos de expendio de alimentos y bebidas","Cafeterías","AB-CAFT-3202-00770","101001811","CENTRO DE VISITANTES CORTES","Pedro Brand","Santo Domingo","Vigente","Activa","Abierto","2026-11-18","8097325800",""
"Establecimientos de expendio de alimentos y bebidas","Restaurantes","AB-REST-1101-00836","101712325","Restaurante Pearl Beach Club","Cabeza de Toro","La Altagracia","Vigente","Activa","Abierto","2026-04-01","8099333171",""
"Establecimientos de expendio de alimentos y bebidas","Restaurantes","AB-REST-3204-01485","101682282","Casa Club neptunos","La Toronja","Santo Domingo","Vencida","Inactiva","Abierto","2019-03-14","8495234703",""
"Establecimientos de expendio de alimentos y bebidas","Restaurantes","AB-REST-1303-02430","131976492","JAMACA DE DIOS RESTAURANT","Jarabacoa","La Vega","Vencida","Inactiva","Abierto","2023-11-03","8496248018",""
"Establecimientos de expendio de alimentos y bebidas","Restaurantes","AB-REST-1701-02548","130893845","PUNTARENA CASA CLUB","Sabana Buey","Peravia","Vigente","Activa","Abierto","2027-02-12","8292138200",""
"Establecimientos de expendio de alimentos y bebidas","Restaurantes","AB-REST-0101-00280","101069392","Pizzarelli - Downtown Mall","MIrador Norte","Distrito Nacional","Vencida","Inactiva","Abierto","2025-12-13","8095401644",""
"Establecimientos de expendio de alimentos y bebidas","Restaurantes","AB-REST-1101-00130","101141468","La Yola Restaurant","Punta Cana","La Altagracia","Vigente","Activa","Abierto","2027-02-09","8095412714",""
"Establecimientos de expendio de alimentos y bebidas","Restaurantes","AB-REST-3204-00071","130977781","BOCANA RESTAURANTE","Boca Chica","Santo Domingo","Vencida","Inactiva","Abierto","2025-11-08","8095239613",""
"Establecimientos de expendio de alimentos y bebidas","Restaurantes","AB-REST-1101-00116","130009211","THE GRILL AT PUNTACANA RESORT & CLUB","Punta Cana","La Altagracia","Vigente","Activa","Abierto","2026-10-27","8095412714",""
"Establecimientos de expendio de alimentos y bebidas","Restaurantes","AB-REST-0101-00269","101069392","Pizzarelli - Zona Colonial","Zona Colonial","Distrito Nacional","Vencida","Inactiva","Abierto","2024-07-18","8095401644",""
"Establecimientos de expendio de alimentos y bebidas","Restaurantes","AB-REST-1101-00115","131958362","Restaurante The Corner Bar C.A.E.E.I-CONCEPTS","Los Corales","La Altagracia","Vencida","Inactiva","Cerrado","2022-07-07","8297151111",""
"Establecimientos de expendio de alimentos y bebidas","Restaurantes","AB-REST-0101-02500","130734844","ONNO'S BAR RESTAURANT","Zona Colonial","Distrito Nacional","Vencida","Inactiva","Cerrado","2023-03-14","8293401785",""
"Establecimientos de expendio de alimentos y bebidas","Restaurantes","AB-REST-1801-02321","131934315","Rancho El Rico","El Batey","Puerto Plata","Vencida","Inactiva","Abierto","2025-08-14","8095714070",""
"Establecimientos de expendio de alimentos y bebidas","Restaurantes","AB-REST-0101-00855","101897686","Restaurante Viralata","bella vista","Distrito Nacional","En proceso","Activa","Abierto","","8093380011",""
"Establecimientos de expendio de alimentos y bebidas","Restaurantes","AB-REST-1101-00152","130661367","Blue Grill & Bar by Eden Roc","Cap Cana","La Altagracia","Vencida","Inactiva","Abierto","2020-01-03","8092550930",""
"Establecimientos de expendio de alimentos y bebidas","Restaurantes","AB-REST-1807-00324","131612301","Chez Monreal","El Batey","Puerto Plata","Vencida","Inactiva","Cerrado","2023-09-12","",""
"Establecimientos de expendio de alimentos y bebidas","Discotecas","AB-DISC-1101-00323","130995682","DOWNTOWN COCOBONGO","Punta Cana","La Altagracia","Incompleta","Inactiva","Abierto","","8099592510",""
"Establecimientos de expendio de alimentos y bebidas","Restaurantes","AB-REST-0101-02347","101897686","EL CONUCO SABOR CRIOLLO","Gazcue","Distrito Nacional","Vigente","Activa","Abierto","2026-06-17","8094409931",""
"Establecimientos de expendio de alimentos y bebidas","Restaurantes","AB-REST-3204-01464","130501041","TRACTTORIA EMILIANA DA NANCY RESTAURANTE","Boca Chica","Santo Domingo","Vencida","Inactiva","Abierto","2019-08-08","8095239393",""
"Establecimientos de expendio de alimentos y bebidas","Restaurantes","AB-REST-1101-01506","131086659","La Hacienda Park","Anamuya","La Altagracia","Vencida","Inactiva","Abierto","2025-10-01","8092219444",""
"Establecimientos de expendio de alimentos y bebidas","Restaurantes","AB-REST-1801-01469","105035601","CAPTAINBAILEE","El Batey","Puerto Plata","Vigente","Activa","Abierto","2026-05-15","8098033383",""
"Establecimientos de expendio de alimentos y bebidas","Restaurantes","AB-REST-1101-01493","131574351","Uno A Lounge Life","Verón","La Altagracia","Vencida","Inactiva","Cerrado","2019-09-13","8097950138",""
"Establecimientos de expendio de alimentos y bebidas","Restaurantes","AB-REST-1801-01459","3700943495","Cariatides Bamboo","Puerto Plata - Centro Ciudad","Puerto Plata","Vencida","Inactiva","Abierto","2016-10-05","8493203434",""
"Establecimientos de expendio de alimentos y bebidas","Restaurantes","AB-REST-1101-00207","131078516","Dolphin downtown pc","Punta Cana","La Altagracia","Vencida","Inactiva","Abierto","2024-07-19","8099785030",""
"Establecimientos de expendio de alimentos y bebidas","Restaurantes","AB-REST-2003-01481","101700272","Café Barrio Latino","Playa Punta Popy","Samaná","Vencida","Inactiva","Abierto","2025-03-05","8092405121",""
"Establecimientos de expendio de alimentos y bebidas","Restaurantes","AB-REST-0903-01476","130922713","Rancho Magante Gardens","El Soco","Espaillat","Vencida","Inactiva","Abierto","2023-10-17","8092844737",""
"Establecimientos de expendio de alimentos y bebidas","Restaurantes","AB-REST-3201-01507","130629951","Restaurant Puerco Rosado","Boca Chica","Santo Domingo","Vencida","Inactiva","Abierto","2016-12-18","8094466240",""
"Establecimientos de expendio de alimentos y bebidas","Restaurantes","AB-REST-2003-00206","131437192","BAR EL MOSQUITO","Playa las Ballenas","Samaná","Vencida","Inactiva","Abierto","2025-12-17","8099672175",""
"Establecimientos de expendio de alimentos y bebidas","Restaurantes","AB-REST-0101-02541","132051963","RESTAURANTE GIULIA CUCINA","Piantini","Distrito Nacional","Sin licencia","En formación","Abierto","","8297615339",""
"Establecimientos de expendio de alimentos y bebidas","Cafeterías","AB-CAFT-0902-02555","08800001318","HELADOS BON (GUANABANO)","Guanabo","Espaillat","Sin licencia","En formación","Abierto","","8493416131",""
"Establecimientos de expendio de alimentos y bebidas","Restaurantes","AB-REST-0101-02319","130500142","LAUREL FOOD AND WINE","Piantini","Distrito Nacional","Vencida","Inactiva","Abierto","2023-02-18","8098206272",""
"Establecimientos de expendio de alimentos y bebidas","Restaurantes","AB-REST-2205-02669","01100034030","HELADOS BON Y PIZZERIA (LAS MATAS DE FARFAN)","Las Matas de Farfan","San Juan","Sin licencia","En formación","Abierto","","8095275251",""
"Establecimientos de expendio de alimentos y bebidas","Restaurantes","AB-REST-0101-02558","131928064","MUSEO DE LA GASTRONOMÍA DOMINICANA MUGADO","Zona Colonial","Distrito Nacional","Vencida","Inactiva","Abierto","2025-01-04","8098506179",""
"Establecimientos de expendio de alimentos y bebidas","Restaurantes","AB-REST-1807-02565","131177026","CAFENOS","El Batey","Puerto Plata","Sin licencia","En formación","Abierto","","8298917701",""
"Establecimientos de expendio de alimentos y bebidas","Restaurantes","AB-REST-0101-02567","131922074","AJUALA","Piantini","Distrito Nacional","Vencida","Inactiva","Abierto","2024-10-17","8096135840",""
"Establecimientos de expendio de alimentos y bebidas","Restaurantes","AB-REST-1101-02571","131941885","ALJA FOOD COMPANY (RESTAURANTE)","Cabeza de Toro","La Altagracia","Sin licencia","En formación","Cerrado","","8097962006",""
"Establecimientos de expendio de alimentos y bebidas","Restaurantes","AB-REST-1101-02577","130375275","NOAH PUNTA CANA RESTAURANT Y CAFÉ","Higüey","La Altagracia","Sin licencia","En formación","Abierto","","8292577509",""
"Establecimientos de expendio de alimentos y bebidas","Restaurantes","AB-REST-1303-02586","131106341","EL CARRITO DEMOSHE","Jarabacoa","La Vega","Sin licencia","En formación","Cerrado","","8296642106",""
"Establecimientos de expendio de alimentos y bebidas","Restaurantes","AB-REST-1801-02600","131282121","AMBER BEACH CLUB BY MCA ATLANTIC","Costambar","Puerto Plata","Vigente","Activa","Abierto","2026-12-09","8096970030",""
"Establecimientos de expendio de alimentos y bebidas","Restaurantes","AB-REST-3203-02603","131871232","EL BRISAL DEL CCSV","Bella Vista","Distrito Nacional","Sin licencia","En formación","Abierto","","8097186026",""
"Establecimientos de expendio de alimentos y bebidas","Bares","AB-BARX-0101-02606","130493758","ZAMBRA","Piantini","Distrito Nacional","Vigente","Activa","Abierto","2027-02-04","8097133333",""
"Establecimientos de expendio de alimentos y bebidas","Restaurantes","AB-REST-3001-02313","131737587","PARADOR EL OASIS","Hato Mayor","Hato Mayor","Vencida","Inactiva","Abierto","2024-08-03","8097645371",""
"Establecimientos de expendio de alimentos y bebidas","Restaurantes","AB-REST-0101-02608","130738815","ARICA","Los Ríos","Distrito Nacional","Sin licencia","En formación","Abierto","","8296456346",""
"Establecimientos de expendio de alimentos y bebidas","Restaurantes","AB-REST-0101-02597","101719265","MCDONALD'S - ENS. PIANTINI","Piantini","Distrito Nacional","Incompleta","Inactiva","Abierto","","8095334800",""
"Establecimientos de expendio de alimentos y bebidas","Restaurantes","AB-REST-0101-02598","101719265","MCDONALD'S - PIANTINI","Piantini","Distrito Nacional","Incompleta","Inactiva","Abierto","","8095334800",""
"Establecimientos de expendio de alimentos y bebidas","Restaurantes","AB-REST-0101-02599","101719265","MCDONALD'S - MÁXIMO GOMEZ","Zona Universitaria","Distrito Nacional","Incompleta","Inactiva","Abierto","","8095334800",""
"Establecimientos de expendio de alimentos y bebidas","Restaurantes","AB-REST-0101-02624","130131627","MANGO' S VILLAGE","La Caleta","Distrito Nacional","Sin licencia","En formación","Abierto","","8098627013",""
"Establecimientos de expendio de alimentos y bebidas","Cafeterías","AB-CAFT-0101-02625","130131627","BUONA PIZZERIA ETRATORIA","La Caleta","Distrito Nacional","Vencida","Inactiva","Abierto","","8098627013",""
"Establecimientos de expendio de alimentos y bebidas","Restaurantes","AB-REST-0101-02626","130131627","FONDA CRIOLLA","La Caleta","Distrito Nacional","Sin licencia","En formación","Abierto","","8098627013",""
"Establecimientos de expendio de alimentos y bebidas","Restaurantes","AB-REST-0101-02627","130131627","CASA AVILA","La Caleta","Distrito Nacional","Sin licencia","En formación","Abierto","","8098627013",""
"Establecimientos de expendio de alimentos y bebidas","Cafeterías","AB-CAFT-0101-02628","130131627","BLACK COOFFEE","La Caleta","Distrito Nacional","Sin licencia","En formación","Abierto","","8098627013",""
"Establecimientos de expendio de alimentos y bebidas","Cafeterías","AB-CAFT-0101-02629","130131627","GRAB AT THE GATE","La Caleta","Distrito Nacional","Sin licencia","En formación","Abierto","","8098627013",""
"Establecimientos de expendio de alimentos y bebidas","Cafeterías","AB-CAFT-0101-02630","130131627","GO FRESH B","La Caleta","Distrito Nacional","Vencida","Inactiva","Abierto","","8098627013",""
"Establecimientos de expendio de alimentos y bebidas","Cafeterías","AB-CAFT-0101-02631","130131627","NATURALLY FAST","La Caleta","Distrito Nacional","Sin licencia","En formación","Abierto","","8098627013",""
"Establecimientos de expendio de alimentos y bebidas","Cafeterías","AB-CAFT-0101-02632","130131627","THE CORNER BISTRO","La Caleta","Distrito Nacional","Sin licencia","En formación","Abierto","","8098627013",""
"Establecimientos de expendio de alimentos y bebidas","Cafeterías","AB-CAFT-0101-02633","130131627","GO FRESH A","La Caleta","Distrito Nacional","Sin licencia","En formación","Abierto","","8098627013",""
"Establecimientos de expendio de alimentos y bebidas","Cafeterías","AB-CAFT-0101-02634","132218728","SWEET SENSORY","Zona Colonial","Distrito Nacional","Vencida","Inactiva","Abierto","2023-03-15","8093905901",""
"Establecimientos de expendio de alimentos y bebidas","Cafeterías","AB-CAFT-0101-02635","130131627","BUONA PIZZERIA ETRATTORIA B","La Caleta","Distrito Nacional","Sin licencia","En formación","Abierto","","8098627013",""
"Establecimientos de expendio de alimentos y bebidas","Restaurantes","AB-REST-0101-02636","130131627","MACORIX ROOM BAR","La Caleta","Distrito Nacional","Sin licencia","En formación","Abierto","","8098627013",""
"Establecimientos de expendio de alimentos y bebidas","Cafeterías","AB-CAFT-1807-02637","130131627","GRAB AT THE GATE 10","Sosúa","Puerto Plata","Vencida","Inactiva","Abierto","2023-09-21","8098627013",""
"Establecimientos de expendio de alimentos y bebidas","Cafeterías","AB-CAFT-1807-02638","130131627","GRAB AT THE GATE 6","Sosúa","Puerto Plata","Sin licencia","En formación","Abierto","","8098627013",""
"Establecimientos de expendio de alimentos y bebidas","Restaurantes","AB-REST-1807-02639","130131627","MANGO' S VILLAGE (SOSUA)","Sosúa","Puerto Plata","Sin licencia","En formación","Abierto","","8098627013",""
"Establecimientos de expendio de alimentos y bebidas","Restaurantes","AB-REST-1807-02640","130131627","MACORIX ROOM BAR (SOSUA)","Sosúa","Puerto Plata","Sin licencia","En formación","Abierto","","8098627013",""
"Establecimientos de expendio de alimentos y bebidas","Restaurantes","AB-REST-2002-02641","130131627","MANGO' S VILLAGE (SAMANA)","El Catey","Distrito Nacional","Sin licencia","En formación","Abierto","","8098627013",""
"Establecimientos de expendio de alimentos y bebidas","Restaurantes","AB-REST-0101-02643","131943055","PIANO. WINE. DINE. MUSIC BY UNITED KITCHEN","Piantini","Distrito Nacional","Vigente","Activa","Abierto","2026-03-19","8098621149",""
"Establecimientos de expendio de alimentos y bebidas","Restaurantes","AB-REST-3204-02651","131784372","RESTAURANT BUXEDA2DA","Boca Chica","Santo Domingo","Vencida","Inactiva","Abierto","2020-02-28","8095234615",""
"Establecimientos de expendio de alimentos y bebidas","Restaurantes","AB-REST-0101-02661","12600031103","HELADOS BON UNICENTRO PLAZA","Piantini","Distrito Nacional","Vencida","Inactiva","Cerrado","","8292855055",""
"Establecimientos de expendio de alimentos y bebidas","Restaurantes","AB-REST-1801-02665","130638055","COSITA RICA DIVISION NEPTUNO COSTA NORTE","Puerto Plata","Puerto Plata","Vigente","Activa","Abierto","2026-11-27","8298407664",""
"Establecimientos de expendio de alimentos y bebidas","Cafeterías","AB-CAFT-3202-02664","00115333213","HELADOS BON LOS ALCARRIZOS","Los Alcarrizos","Santo Domingo","Sin licencia","En formación","Abierto","","8492148467",""
"Establecimientos de expendio de alimentos y bebidas","Bares","AB-BARX-0101-02667","132447107","VONP BAR TAPAS LINCOLN ST. PATIO","Piantini","Distrito Nacional","Vencida","Inactiva","Cerrado","2023-04-05","8492074354",""
"Establecimientos de expendio de alimentos y bebidas","Restaurantes","AB-REST-1404-02671","130078955","LAS BRASAS AT PLAYA GRANDE GOLF AND OCEAN CLUB","RIO SAN JUAN","María Trinidad Sánchez","En proceso","Activa","Cerrado","","8494510690",""
"Establecimientos de expendio de alimentos y bebidas","Restaurantes","AB-REST-1102-02672","131061151","KUKKA BEACH RESTAURANT","Playa Pública de Bayahibe","La Altagracia","Vigente","Activa","Abierto","2026-06-18","8097082619",""
"Establecimientos de expendio de alimentos y bebidas","Bares","AB-BARX-1807-02673","131658806","FRANCAMO ARRIBA BAR","Cabarete","Puerto Plata","Sin licencia","En formación","Abierto","","8095714938",""
"Establecimientos de expendio de alimentos y bebidas","Restaurantes","AB-REST-0101-02674","130389586","Jade Teriyaki (Agora Mall)","Serrallés","Distrito Nacional","Vencida","Inactiva","Abierto","2023-01-28","8099793461",""
"Establecimientos de expendio de alimentos y bebidas","Restaurantes","AB-REST-0101-02675","130389586","Jade Teriyaki (Jumbo, San Isidro)","San Isidro","Distrito Nacional","Vencida","Inactiva","Abierto","2023-03-08","8099793461",""
"Establecimientos de expendio de alimentos y bebidas","Restaurantes","AB-REST-0101-02676","130389586","Jade Teriyaki (Aut. Duarte, Plaza Lama)","Alameda","Distrito Nacional","Vencida","Inactiva","Abierto","2023-02-18","8099793461",""
"Establecimientos de expendio de alimentos y bebidas","Bares","AB-BARX-3201-02677","132424719","LE REVE","Ensanche Ozama","Santo Domingo","Sin licencia","En formación","Cerrado","","8297859955",""
"Establecimientos de expendio de alimentos y bebidas","Restaurantes","AB-REST-1807-02556","131646816","JOLLY ROGER","Sosúa","Puerto Plata","Vencida","Inactiva","Abierto","2026-02-17","8292990753",""
"Establecimientos de expendio de alimentos y bebidas","Bares","AB-BARX-3201-01023","132004809","Bar y Grill Megalodon","Boca Chica","Santo Domingo","Sin licencia","En formación","Cerrado","","",""
"Establecimientos de expendio de alimentos y bebidas","Bares","AB-BARX-3201-01027","131800645","Luxury By Mixer","La Isabelita","Santo Domingo","Sin licencia","En formación","Abierto","","",""
"Establecimientos de expendio de alimentos y bebidas","Cafeterías","AB-CAFT-3204-01032","113464515","V&J Comedor","Playa de Boca Chica","Santo Domingo","Sin licencia","En formación","Abierto","","",""
"Establecimientos de expendio de alimentos y bebidas","Discotecas","AB-DISC-3204-01051","131948032","Mareado Club","Boca Chica","Santo Domingo","Sin licencia","En formación","Cerrado","","",""
"Establecimientos de expendio de alimentos y bebidas","Restaurantes","AB-REST-0101-01460","13108008","Gloria Bendita Restaurante","Bella Vista","Distrito Nacional","Sin licencia","En formación","Abierto","","",""
"Establecimientos de expendio de alimentos y bebidas","Restaurantes","AB-REST-3201-01466","131857701","RESTAURANT EL PUNTO BOCA CHICA","Boca Chica","Santo Domingo","Sin licencia","En formación","Cerrado","","8297807947",""
"Establecimientos de expendio de alimentos y bebidas","Restaurantes","AB-REST-2003-01478","114537194","La Terrasse D.I.N Restaurant","Las Terrenas","Samaná","Sin licencia","En formación","Abierto","","",""
"Establecimientos de expendio de alimentos y bebidas","Restaurantes","AB-REST-1801-01480","130333858","PIZZERIA POMODORO","Cabarete","Puerto Plata","Vigente","Activa","Abierto","2026-06-02","8097352394",""
"Establecimientos de expendio de alimentos y bebidas","Restaurantes","AB-REST-3201-01486","2800331155","Restaurante Canoa Bar And Grill","Juan Dolio","Santo Domingo","Sin licencia","En formación","Abierto","","",""
"Establecimientos de expendio de alimentos y bebidas","Restaurantes","AB-REST-1807-01474","105046202","Sport Away Dominicana","Cabarete","Puerto Plata","Sin licencia","En formación","Cerrado","","",""
"Establecimientos de expendio de alimentos y bebidas","Restaurantes","AB-REST-1101-01492","131214436","Lorensillo´s Restaurante","Punta Cana","La Altagracia","Vencida","Inactiva","Cerrado","2018-02-16","",""
"Establecimientos de expendio de alimentos y bebidas","Bares","AB-BARX-1801-01028","131212239","Bar Restaurante Sosua Light 2012","Sosúa","Puerto Plata","Vencida","Inactiva","Abierto","2018-11-07","",""
"Establecimientos de expendio de alimentos y bebidas","Restaurantes","AB-REST-1102-04186","55555555","RESTAURANTE MITUR","Los Peralejos","Distrito Nacional","Sin licencia","En formación","Abierto","","5555555555",""
"Establecimientos de expendio de alimentos y bebidas","Restaurantes","AB-REST-0101-02380","130246491","WENDY´S - AV. LOPEZ DE VEGA","Naco","Distrito Nacional","Sin licencia","En formación","Abierto","","8099478400",""
"Establecimientos de expendio de alimentos y bebidas","Restaurantes","AB-REST-0101-00048","101069392","Pizzarelli - Calle Espiritu Santo (Oficina principal)","Los Jardines","Distrito Nacional","Sin licencia","En formación","Abierto","","8095401644",""
"Establecimientos de expendio de alimentos y bebidas","Restaurantes","AB-REST-0101-00015","130389586","Jade Teriyaki (Galerías 360)","Viejo Arroyo Hondo","Distrito Nacional","Sin licencia","En formación","Abierto","","8095081575",""
"Establecimientos de expendio de alimentos y bebidas","Restaurantes","AB-REST-0101-02354","101555815","PIZZA HUT - ENSANCHE NACO","Ensanche Naco","Distrito Nacional","Sin licencia","En formación","Abierto","","8099478400",""
"Establecimientos de expendio de alimentos y bebidas","Restaurantes","AB-REST-0101-02619","130131627","INVERSIONES LLERS","AILA","Distrito Nacional","Sin licencia","En formación","Abierto","","8095491409",""
"Establecimientos de expendio de alimentos y bebidas","Restaurantes","AB-REST-1801-02678","131653634","FOOD SHOP ECO MUÑOZ","Imbert","Puerto Plata","Sin licencia","En formación","Abierto","","8095864303",""
"Establecimientos de expendio de alimentos y bebidas","Restaurantes","AB-REST-1101-02323","131522612","Hard Rock Cafe Punta Cana","Punta Cana","La Altagracia","Vencida","Inactiva","Cerrado","2023-02-18","8298312912",""
"Establecimientos de expendio de alimentos y bebidas","Restaurantes","AB-REST-0601-02680","131428827","ALL MY HOBBIES TOGETHER (AB)","Seccion Mirabel","Duarte","Vigente","Activa","Abierto","2027-03-03","8295262620",""
"Establecimientos de expendio de alimentos y bebidas","Restaurantes","AB-REST-1801-02684","3700833951","D CHIRINGUITO BAR-RESTAURANT","El Malecón","Puerto Plata","Sin licencia","En formación","Abierto","","8297923738",""
"Establecimientos de expendio de alimentos y bebidas","Restaurantes","AB-REST-2501-02686","132505182","MCDONALD'S - ESTRELLA SADHALÁ","Santiago - Centro Ciudad","Santiago","Sin licencia","En formación","Abierto","","8098543005",""
"Establecimientos de expendio de alimentos y bebidas","Restaurantes","AB-REST-2501-02685","101754062","MCDONALD'S - PARQ METROPOLITANO STGO","Santiago - Centro Ciudad","Santiago","Vencida","Inactiva","Abierto","2023-03-03","8092761600",""
"Establecimientos de expendio de alimentos y bebidas","Restaurantes","AB-REST-2501-02687","132505182","MCDONALD'S - AV. LOS PINOS","Santiago - Centro Ciudad","Santiago","Sin licencia","En formación","Abierto","","8098543005",""
"Establecimientos de expendio de alimentos y bebidas","Restaurantes","AB-REST-2501-02688","132505182","MCDONALD'S - AV. JUAN PABLO DUARTE STGO","Santiago - Centro Ciudad","Santiago","Sin licencia","En formación","Abierto","","8098543005",""
"Establecimientos de expendio de alimentos y bebidas","Restaurantes","AB-REST-3201-02689","132505182","MCDONALD'S - VILLA FARO","Villa Faro","Distrito Nacional","Sin licencia","En formación","Abierto","","8098543005",""
"Establecimientos de expendio de alimentos y bebidas","Restaurantes","AB-REST-1807-02693","130525872","SCHNITZEL PARADISE","El Batey","Puerto Plata","Vencida","Inactiva","Abierto","2023-05-06","8097537541",""
"Establecimientos de expendio de alimentos y bebidas","Restaurantes","AB-REST-2603-02700","04200066977","HELADOS BON MONCION","Santiago - Centro Ciudad","Santiago Rodríguez","Sin licencia","En formación","Abierto","","8297259014",""
"Establecimientos de expendio de alimentos y bebidas","Restaurantes","AB-REST-2501-02701","130949702","EL TABLON LATINO","Santiago - Centro Ciudad","Santiago","Vigente","Activa","Abierto","2026-05-21","8095813813",""
"Establecimientos de expendio de alimentos y bebidas","Discotecas","AB-DISC-0601-02702","131428827","ALL MY HOBBIES TOGETHER (DISC)","Seccion Mirabel","Duarte","En proceso","Activa","Abierto","","9296039777",""
"Establecimientos de expendio de alimentos y bebidas","Restaurantes","AB-REST-2501-02707","132469585","FUSION EXPERIENCE LIMITED","Santiago - Centro Ciudad","Santiago","Sin licencia","En formación","Cerrado","","8099219601",""
"Establecimientos de expendio de alimentos y bebidas","Restaurantes","AB-REST-1102-02708","130055361","RESTAURANTE CAFETERÍA ANGOMAS","Dominicus - Bayahibe","La Altagracia","Sin licencia","En formación","Cerrado","","8297138056",""
"Establecimientos de expendio de alimentos y bebidas","Restaurantes","AB-REST-1801-02713","130506612","KAFFE","Puerto Plata - Centro Ciudad","Puerto Plata","Vencida","Inactiva","Cerrado","2023-02-21","8092613440",""
"Establecimientos de expendio de alimentos y bebidas","Restaurantes","AB-REST-1101-02714","130806411","CITRUD BAR AND LOUNGE","Verón","La Altagracia","Sin licencia","En formación","Abierto","","8092580038",""
"Establecimientos de expendio de alimentos y bebidas","Restaurantes","AB-REST-3201-02715","131628486","BLITZ BAR AND LOUNGE","Alma Rosa","Santo Domingo","Sin licencia","En formación","Abierto","","8095956069",""
"Establecimientos de expendio de alimentos y bebidas","Restaurantes","AB-REST-3204-02716","132331907","PLAZA BOCA CHICA RESORT","Boca Chica","Santo Domingo","Vencida","Inactiva","Cerrado","2023-05-19","8097418292",""
"Establecimientos de expendio de alimentos y bebidas","Restaurantes","AB-REST-2003-02720","132054954","RINCÓN SOLEADO BAR & RESTAURANTE","Playa Punta Popi","Samaná","Sin licencia","En formación","Cerrado","","8092405458",""
"Establecimientos de expendio de alimentos y bebidas","Restaurantes","AB-REST-1801-02726","131603092","CASA 40","Centro Ciudad","Puerto Plata","Vencida","Inactiva","Cerrado","2023-08-15","8492911300",""
"Establecimientos de expendio de alimentos y bebidas","Restaurantes","AB-REST-0406-02727","00110998689","EL CALENTON","El Peñon","Barahona","Sin licencia","En formación","Cerrado","","8292862867",""
"Establecimientos de expendio de alimentos y bebidas","Discotecas","AB-DISC-0101-02742","132377699","LA FIERA NIGHT CLUB SRL","Villa Juana","Distrito Nacional","Sin licencia","En formación","Cerrado","","8297798672",""
"Establecimientos de expendio de alimentos y bebidas","Bares","AB-BARX-1801-02747","131643086","KELOKÉ","Puerto Turistico Taino Bay","Puerto Plata","Sin licencia","En formación","Cerrado","","8298285746",""
"Establecimientos de expendio de alimentos y bebidas","Restaurantes","AB-REST-1801-02748","131643086","SANMANGÚ","Puerto Turistico Taino Bay","Puerto Plata","Sin licencia","En formación","Cerrado","","8298285746",""
"Establecimientos de expendio de alimentos y bebidas","Bares","AB-BARX-1801-02749","131794858","SEIBAR","Puerto Turistico Taino Bay","Puerto Plata","Sin licencia","En formación","Cerrado","","8298285746",""
"Establecimientos de expendio de alimentos y bebidas","Restaurantes","AB-REST-1801-02750","131643086","CASA PALAPA","Puerto Turistico Taino Bay","Puerto Plata","Sin licencia","En formación","Cerrado","","8298285746",""
"Establecimientos de expendio de alimentos y bebidas","Bares","AB-BARX-1801-02751","131643086","CALMADITO","Puerto Turistico Taino Bay","Puerto Plata","Sin licencia","En formación","Cerrado","","8298285746",""
"Establecimientos de expendio de alimentos y bebidas","Bares","AB-BARX-1801-02752","131643086","JURACÁN","Puerto Turistico Taino Bay","Puerto Plata","Sin licencia","En formación","Cerrado","","8298285746",""
"Establecimientos de expendio de alimentos y bebidas","Cafeterías","AB-CAFT-1801-02753","131643086","CORTAITO","Puerto Turistico Taino Bay","Puerto Plata","Sin licencia","En formación","Cerrado","","8298285746",""
"Establecimientos de expendio de alimentos y bebidas","Cafeterías","AB-CAFT-1801-02754","131643086","CACAITO","Puerto Turistico Taino Bay","Puerto Plata","Sin licencia","En formación","Cerrado","","8298285746",""
"Establecimientos de expendio de alimentos y bebidas","Bares","AB-BARX-1801-02755","131643086","RUM RUM BAR","Puerto Turistico Taino Bay","Puerto Plata","Sin licencia","En formación","Cerrado","","8298285746",""
"Establecimientos de expendio de alimentos y bebidas","Bares","AB-BARX-1801-02756","131643086","MOJITO BAR","Puerto Turistico Taino Bay","Puerto Plata","Sin licencia","En formación","Cerrado","","8298285746",""
"Establecimientos de expendio de alimentos y bebidas","Bares","AB-BARX-0101-02757","130162174","BAR PARADA 77","Zona Colonial","Distrito Nacional","Vencida","Inactiva","Abierto","2023-02-23","8098014550",""
"Establecimientos de expendio de alimentos y bebidas","Restaurantes","AB-REST-1801-02763","0010743979","TRATTORIA","Playa Dorada","Puerto Plata","Sin licencia","En formación","Abierto","","8492611891",""
"Establecimientos de expendio de alimentos y bebidas","Restaurantes","AB-REST-0101-02768","124003091","KFC- KENNEDY","Viejo Arroyo Hondo","Distrito Nacional","En proceso","Activa","Abierto","","8093680026",""
"Establecimientos de expendio de alimentos y bebidas","Restaurantes","AB-REST-0101-02769","124003091","KFC- ZONA COLONIAL","Zona Colonial","Distrito Nacional","Vigente","Activa","Abierto","2027-02-25","8093680026",""
"Establecimientos de expendio de alimentos y bebidas","Restaurantes","AB-REST-0101-02770","124003091","KFC - JUMBO LUPERON","Los Restauradores","Distrito Nacional","Vigente","Activa","Abierto","2027-02-02","8093680026",""
"Establecimientos de expendio de alimentos y bebidas","Cafeterías","AB-CAFT-1801-02774","03700219920","CHEER'S BAR LUCY","Puerto Plata - Centro Ciudad","Puerto Plata","Sin licencia","En formación","Abierto","","8297266524",""
"Establecimientos de expendio de alimentos y bebidas","Restaurantes","AB-REST-1101-02787","130009711","LE MADISON","Los Corales","La Altagracia","Sin licencia","En formación","Abierto","","8092076578",""
"Establecimientos de expendio de alimentos y bebidas","Discotecas","AB-DISC-0101-02796","132417259","THE LUX 305","Ensanche Naco","Distrito Nacional","Sin licencia","En formación","Cerrado","","8092247174",""
"Establecimientos de expendio de alimentos y bebidas","Restaurantes","AB-REST-0101-02799","101744928","Jade Restaurant (Rómulo Betancourt)","Bella Vista","Distrito Nacional","Sin licencia","En formación","Abierto","","8095081575",""
"Establecimientos de expendio de alimentos y bebidas","Restaurantes","AB-REST-0101-02800","101744928","Jade Restaurant (Aut. Duarte)","Altura Rìo Yuna","Distrito Nacional","Sin licencia","En formación","Abierto","","8095081575",""
"Establecimientos de expendio de alimentos y bebidas","Restaurantes","AB-REST-0101-02801","101744928","Jade Teriyaki (Av. 27 de Febrero)","Ensanche Naco","Distrito Nacional","Sin licencia","En formación","Abierto","","8095081575",""
"Establecimientos de expendio de alimentos y bebidas","Restaurantes","AB-REST-2501-02802","101744928","Jade Teriyaki (Av. Batalla de las Carreras)","Santiago - Centro Ciudad","Santiago","Sin licencia","En formación","Abierto","","8095081575",""
"Establecimientos de expendio de alimentos y bebidas","Bares","AB-BARX-3204-02809","131666345","D PEDRO RESTAURANTE SRL","Boca Chica","Santo Domingo","Sin licencia","En formación","Cerrado","","8095980604",""
"Establecimientos de expendio de alimentos y bebidas","Restaurantes","AB-REST-3204-02816","101768622","RESTAURANT PEQUENA SUIZA","Boca Chica","Santo Domingo","Sin licencia","En formación","Abierto","","8099672425",""
"Establecimientos de expendio de alimentos y bebidas","Restaurantes","AB-REST-1101-02817","130389586","Jade Teriyaki (Multiplaza Higüey)","Higuey - Centro Ciudad","La Altagracia","Vencida","Inactiva","Abierto","2023-09-15","8095081575",""
"Establecimientos de expendio de alimentos y bebidas","Restaurantes","AB-REST-0101-02833","130799296","VALIENTE RESTAURANTE","Ciudad Colonial","Distrito Nacional","Sin licencia","En formación","Cerrado","","8095668321",""
"Establecimientos de expendio de alimentos y bebidas","Restaurantes","AB-REST-1301-02837","131934732","RESTAURANT Y PESCADERIA DOROTEO","La Presa","La Vega","Vigente","Activa","Abierto","2026-06-20","8096040658",""
"Establecimientos de expendio de alimentos y bebidas","Restaurantes","AB-REST-2105-02843","114014261","INDUSTRIA TAVERAS","La Cumbre","San Cristóbal","En proceso","Activa","Abierto","","8095253769",""
"Establecimientos de expendio de alimentos y bebidas","Restaurantes","AB-REST-0101-02845","101545412","PETRUS","Zona Colonial","Distrito Nacional","Sin licencia","En formación","Abierto","","8096826615",""
"Establecimientos de expendio de alimentos y bebidas","Discotecas","AB-DISC-0101-02848","131380123","BIANCO SOCIAL CLUB Y GOLD DANCE CLUB","Bella Vista","Distrito Nacional","Sin licencia","En formación","Abierto","","8095660308",""
"Establecimientos de expendio de alimentos y bebidas","Restaurantes","AB-REST-0101-02856","130651884","LUCIA 203","Zona Colonial","Distrito Nacional","Sin licencia","En formación","Abierto","","8096895546",""
"Establecimientos de expendio de alimentos y bebidas","Cafeterías","AB-CAFT-1102-02319","131949231","GALLUR SRL","Dominicus - Bayahibe","La Altagracia","Sin licencia","En formación","Abierto","","18292305670",""
"Establecimientos de expendio de alimentos y bebidas","Restaurantes","AB-REST-0101-02893","130651884","MESON DE BARI","Ensanche Naco","Distrito Nacional","Sin licencia","En formación","Abierto","","8096920670",""
"Establecimientos de expendio de alimentos y bebidas","Restaurantes","AB-REST-1201-02902","132367103","ROCKOS BAR & BISTRO CEJ.","La Romana - Centro Ciudad","La Romana","Vencida","Inactiva","Cerrado","2023-08-15","8493431189",""
"Establecimientos de expendio de alimentos y bebidas","Restaurantes","AB-REST-1101-02903","131416799","HURACÁN CAFÉ (PLAZA ARTESANAL Y BAR-RESTAURANTE)","Los Corales","La Altagracia","Sin licencia","En formación","Abierto","","8295331300",""
"Establecimientos de expendio de alimentos y bebidas","Restaurantes","AB-REST-0101-02905","131487351","NACA'N","Zona Colonial","Distrito Nacional","Sin licencia","En formación","Cerrado","","8299548908",""
"Establecimientos de expendio de alimentos y bebidas","Bares","AB-BARX-1807-02908","132202902","I8ONE2","Puerto Plata - Centro Ciudad","Puerto Plata","Sin licencia","En formación","Abierto","","4047822463",""
"Establecimientos de expendio de alimentos y bebidas","Restaurantes","AB-REST-0101-02910","132094492","OTANEXT DOMINICANA","Ciudad Colonial","Distrito Nacional","Sin licencia","En formación","Abierto","","6643546871",""
"Establecimientos de expendio de alimentos y bebidas","Discotecas","AB-DISC-1101-02912","132464265","LA CUEVA DORADA NIGHT CLUB","Punta Cana","La Altagracia","Vencida","Inactiva","Cerrado","2023-06-07","8498751046",""
"Establecimientos de expendio de alimentos y bebidas","Discotecas","AB-DISC-1807-02915","132559622","SANTO DIABLO CABARETE","Cabarete","Puerto Plata","Sin licencia","En formación","Cerrado","","8098708897",""
"Establecimientos de expendio de alimentos y bebidas","Cafeterías","AB-CAFT-2001-02925","132528468","ACTION TOURS BY J RAVEN (AB)","Las Galeras","Samaná","Sin licencia","En formación","Abierto","","8292441675",""
"Establecimientos de expendio de alimentos y bebidas","Bares","AB-BARX-0101-02937","132559355","LULUNA BAR CAFE","Bella Vista","Distrito Nacional","Sin licencia","En formación","Abierto","","8094751720",""
"Establecimientos de expendio de alimentos y bebidas","Discotecas","AB-DISC-1101-02945","131588727","FUEGO BAR AND LOUNGE BY ILCS.SRL","Verón","La Altagracia","Sin licencia","En formación","Cerrado","","8298711010",""
"Establecimientos de expendio de alimentos y bebidas","Restaurantes","AB-REST-1101-02971","132327365","CARIBBEAN LAKE PARK","Punta Cana","La Altagracia","Sin licencia","En formación","Abierto","","8299613236",""
"Establecimientos de expendio de alimentos y bebidas","Discotecas","AB-DISC-1101-02972","132327365","CARIBBEAN LAKE PARK, MAROCA","Punta Cana","La Altagracia","Sin licencia","En formación","Abierto","","8299613236",""
"Establecimientos de expendio de alimentos y bebidas","Bares","AB-BARX-0101-02974","132030338","MIXTURE BY ANDREA SALAZAR, SRL","Los Prados","Distrito Nacional","Sin licencia","En formación","Cerrado","","8493607484",""
"Establecimientos de expendio de alimentos y bebidas","Restaurantes","AB-REST-3204-02988","130131627","MANGO'S VILLAGE ATRIO","La Caleta","Santo Domingo","Sin licencia","En formación","Abierto","","8095491409",""
"Establecimientos de expendio de alimentos y bebidas","Restaurantes","AB-REST-3204-02989","130131627","UDON","La Caleta","Santo Domingo","Sin licencia","En formación","Abierto","","8095491409",""
"Establecimientos de expendio de alimentos y bebidas","Restaurantes","AB-REST-3204-02990","130131627","LA VENDIMIA","La Caleta","Santo Domingo","Sin licencia","En formación","Abierto","","8095491409",""
"Establecimientos de expendio de alimentos y bebidas","Cafeterías","AB-CAFT-3204-02992","130131627","CAFE SANTO DOMINGO","La Caleta","Santo Domingo","Sin licencia","En formación","Abierto","","8095491409",""
"Establecimientos de expendio de alimentos y bebidas","Restaurantes","AB-REST-3204-02993","130131627","ENRIQUE TOMAS","La Caleta","Santo Domingo","Sin licencia","En formación","Abierto","","8095491409",""
"Establecimientos de expendio de alimentos y bebidas","Restaurantes","AB-REST-3204-02994","130131627","CARL'S JR","La Caleta","Santo Domingo","Sin licencia","En formación","Abierto","","8095491409",""
"Establecimientos de expendio de alimentos y bebidas","Restaurantes","AB-REST-2301-02998","130994854","HEMINGWAY","Juan Dolio","San Pedro de Macorís","Incompleta","Inactiva","Abierto","","8097327240",""
"Establecimientos de expendio de alimentos y bebidas","Restaurantes","AB-REST-0101-02999","132312912","BLOOM GASTRO MARKET","Los Cacicazgos","Distrito Nacional","Vencida","Inactiva","Abierto","2025-10-17","8099781719",""
"Establecimientos de expendio de alimentos y bebidas","Restaurantes","AB-REST-1807-03002","131645836","PLAZA LINDA MARINA S.R.L.","Sosúa","Puerto Plata","Sin licencia","En formación","Cerrado","","8095713933",""
"Establecimientos de expendio de alimentos y bebidas","Restaurantes","AB-REST-2003-03024","101699353","PACO CABANA","Sánchez","Samaná","En proceso","Activa","Cerrado","","8092405301",""
"Establecimientos de expendio de alimentos y bebidas","Discotecas","AB-DISC-0101-03026","132606051","717 INN","Ciudad Colonial","Distrito Nacional","Sin licencia","En formación","Cerrado","","8297028858",""
"Establecimientos de expendio de alimentos y bebidas","Restaurantes","AB-REST-0101-03028","130974782","HV CATERING","Don Honorio","Distrito Nacional","Sin licencia","En formación","Abierto","","8095187725",""
"Establecimientos de expendio de alimentos y bebidas","Restaurantes","AB-REST-1101-03039","131827314","BARBUDO RESTAURANTE","Cap Cana","La Altagracia","Sin licencia","En formación","Abierto","","1809543269",""
"Establecimientos de expendio de alimentos y bebidas","Restaurantes","AB-REST-1201-03042","131701965","GRUPO MEJÍA DE LEÓN & ASOC,","La Romana - Centro Ciudad","La Romana","Sin licencia","En formación","Abierto","","8093492211",""
"Establecimientos de expendio de alimentos y bebidas","Restaurantes","AB-REST-2501-03043","102322262","CAMP DAVID RANCH","Santiago - Centro Ciudad","Santiago","Vigente","Activa","Abierto","2026-07-31","8092766400",""
"Establecimientos de expendio de alimentos y bebidas","Restaurantes","AB-REST-3202-03045","131548997","ASIAN MARKET","Ensanche Naco","Distrito Nacional","Sin licencia","En formación","Abierto","","8095440545",""
"Establecimientos de expendio de alimentos y bebidas","Restaurantes","AB-REST-0901-03047","130727627","RANCHO CHITO","Moca","Espaillat","Vigente","Activa","Abierto","2026-05-21","8092760000",""
"Establecimientos de expendio de alimentos y bebidas","Restaurantes","AB-REST-0101-03048","132104641","GRUPO TEMPORADA POP SRL","Piantini","Distrito Nacional","Sin licencia","En formación","Abierto","","8099916696",""
"Establecimientos de expendio de alimentos y bebidas","Bares","AB-BARX-3201-03050","130659753","EL ANCLA LIQUOR STORE","La Esperanza","Santo Domingo","Sin licencia","En formación","Cerrado","","8097690916",""
"Establecimientos de expendio de alimentos y bebidas","Restaurantes","AB-REST-0101-03051","132578082","CUISINE COSMOS","Bella Vista","Distrito Nacional","Sin licencia","En formación","Abierto","","8096850222",""
"Establecimientos de expendio de alimentos y bebidas","Restaurantes","AB-REST-2003-03052","40220554931","TROPIKBOWL","Los Pecadores","Samaná","Sin licencia","En formación","Abierto","","8292556891",""
"Establecimientos de expendio de alimentos y bebidas","Restaurantes","AB-REST-0101-03053","131574661","SUGARCANE LA CASA DEL RON","Zona Colonial","Distrito Nacional","Sin licencia","En formación","Abierto","","8099203935",""
"Establecimientos de expendio de alimentos y bebidas","Restaurantes","AB-REST-2003-03054","131452159","DA MAX TRATTORIA ITALIANA SRL","Las Terrenas","Samaná","Vencida","Inactiva","Cerrado","2024-03-03","8099076256",""
"Establecimientos de expendio de alimentos y bebidas","Restaurantes","AB-REST-2003-03057","132348737","ETNO BEACH CLUB","Los Pecadores","Samaná","Sin licencia","En formación","Abierto","","8092405220",""
"Establecimientos de expendio de alimentos y bebidas","Restaurantes","AB-REST-2501-03058","131682065","PEDRO RESTAURANT","Santiago - Centro Ciudad","Santiago","Sin licencia","En formación","Abierto","","8095822144",""
"Establecimientos de expendio de alimentos y bebidas","Restaurantes","AB-REST-2003-03060","131318967","RESTAURANTE EL DIECIOCHO","Los Pecadores","Samaná","Sin licencia","En formación","Abierto","","8092409548",""
"Establecimientos de expendio de alimentos y bebidas","Restaurantes","AB-REST-2003-03061","131865143","CASA AZUL PIZZERIA","Las Terrenas","Samaná","Sin licencia","En formación","Abierto","","8299287640",""
"Establecimientos de expendio de alimentos y bebidas","Restaurantes","AB-REST-2003-03062","131618022","XO","Pueblo de los Pescadores","Samaná","Vigente","Activa","Abierto","2026-06-09","8098163266",""
"Establecimientos de expendio de alimentos y bebidas","Bares","AB-BARX-1101-03064","132579501","LUMMA BAR","Playa Turquesa","La Altagracia","Vencida","Inactiva","Cerrado","2024-03-14","8098940184",""
"Establecimientos de expendio de alimentos y bebidas","Restaurantes","AB-REST-2003-03068","132215095","EL LORO","Las Terrenas","Samaná","Vencida","Inactiva","Abierto","2024-06-05","8494510001",""
"Establecimientos de expendio de alimentos y bebidas","Restaurantes","AB-REST-1101-03082","132572696","VEOH TAPAS BAR","Punta Cana","La Altagracia","Vencida","Inactiva","Abierto","2023-10-06","8493501800",""
"Establecimientos de expendio de alimentos y bebidas","Bares","AB-BARX-0101-03089","132643011","CALIFE BAR & LOUNGE","Ciudad Colonial","Distrito Nacional","Vencida","Inactiva","Cerrado","2023-10-04","8094667616",""
"Establecimientos de expendio de alimentos y bebidas","Bares","AB-BARX-1807-03098","132584007","COCO LOCOS SOSUA","El Batey","Puerto Plata","Sin licencia","En formación","Cerrado","","8095711105",""
"Establecimientos de expendio de alimentos y bebidas","Restaurantes","AB-REST-1807-03101","131335063","SHIRA LOWE CAFE CUBANO","El Batey","Puerto Plata","Vigente","Activa","Abierto","2027-01-28","8095712143",""
"Establecimientos de expendio de alimentos y bebidas","Cafeterías","AB-CAFT-2003-03109","131501605","GELATERIA ITALIANA ARTESANAL NOI","Sánchez","Samaná","Sin licencia","En formación","Abierto","","8293420439",""
"Establecimientos de expendio de alimentos y bebidas","Restaurantes","AB-REST-1808-03111","131519131","RESTAURANTE MARTIRES","Costa Dorada","Puerto Plata","Vencida","Inactiva","Abierto","2025-08-27","8292620077",""
"Establecimientos de expendio de alimentos y bebidas","Bares","AB-BARX-1401-03119","370121188","DAVID ARENA BAR","Matancitas","María Trinidad Sánchez","Sin licencia","En formación","Abierto","","8293152891",""
"Establecimientos de expendio de alimentos y bebidas","Restaurantes","AB-REST-1101-03125","130269289","THE JELLY FISH","Punta Cana","La Altagracia","Vigente","Activa","Cerrado","2026-07-04","8093502858",""
"Establecimientos de expendio de alimentos y bebidas","Restaurantes","AB-REST-2003-03128","130600351","LA DOLCE VITA DE L. A. G. LEVORIN","Samaná - Centro Ciudad","Samaná","Vencida","Inactiva","Abierto","2024-07-05","8099895766",""
"Establecimientos de expendio de alimentos y bebidas","Restaurantes","AB-REST-1201-03129","131129072","GIOMAXPONTI","La Romana - Centro Ciudad","La Romana","Sin licencia","En formación","Abierto","","8093499231",""
"Establecimientos de expendio de alimentos y bebidas","Restaurantes","AB-REST-0101-03137","130884714","EL BUHO EATERY","Zona Colonial","Distrito Nacional","Vencida","Inactiva","Abierto","2024-11-09","8096920318",""
"Establecimientos de expendio de alimentos y bebidas","Restaurantes","AB-REST-0101-03150","124003091","KFC - CALLE FREDDY PRESTOL CASTILLO","Piantini","Distrito Nacional","Sin licencia","En formación","Abierto","","8093680026",""
"Establecimientos de expendio de alimentos y bebidas","Discotecas","AB-DISC-0101-03153","132584864","ELEGANPARTYSBAR","Arroyo Hondo","Distrito Nacional","Sin licencia","En formación","Cerrado","","8498751572",""
"Establecimientos de expendio de alimentos y bebidas","Restaurantes","AB-REST-3201-03154","132618467","LA PORTE BAR LOUNGE BY KITCHEN","La Isabelita","Santo Domingo","Sin licencia","En formación","Cerrado","","8294012476",""
"Establecimientos de expendio de alimentos y bebidas","Discotecas","AB-DISC-2501-03158","132203577","VIP MATUM LOUNGE & RESTAURANT","Santiago - Centro Ciudad","Santiago","Vencida","Inactiva","Abierto","2024-07-18","8097159694",""
"Establecimientos de expendio de alimentos y bebidas","Restaurantes","AB-REST-1801-03159","131961223","MIRA MAR BAR RESTAURANTE","El Pueblito","Puerto Plata","Sin licencia","En formación","Cerrado","","8095861985",""
"Establecimientos de expendio de alimentos y bebidas","Restaurantes","AB-REST-0101-03160","101807687","HAAGEN DAZS","Zona Colonial","Distrito Nacional","Sin licencia","En formación","Abierto","","8098535557",""
"Establecimientos de expendio de alimentos y bebidas","Restaurantes","AB-REST-0101-03169","124003091","KFC - PALMARES MALL","San Francisco de Macorís","Duarte","Vigente","Activa","Abierto","2027-02-23","8296042860",""
"Establecimientos de expendio de alimentos y bebidas","Restaurantes","AB-REST-1807-03202","130871418","CALL A PIZZA","Sosúa","Puerto Plata","Vencida","Inactiva","Abierto","2024-06-22","8298651000",""
"Establecimientos de expendio de alimentos y bebidas","Restaurantes","AB-REST-1807-03175","130531064","SERENADE OCEAN CABARETE RESTAURANTE, BAR & LOUNGE","Sosúa","Puerto Plata","Vigente","Activa","Abierto","2026-10-30","8095710722",""
"Establecimientos de expendio de alimentos y bebidas","Bares","AB-BARX-1303-03187","131769675","LA ESQUINA BY CAMELOT","Jarabacoa","La Vega","Vencida","Inactiva","Abierto","2024-10-11","8295443505",""
"Establecimientos de expendio de alimentos y bebidas","Restaurantes","AB-REST-1303-03182","132113705","MI CARNITA BBQ","La Jabilla","La Vega","Sin licencia","En formación","Abierto","","8093659092",""
"Establecimientos de expendio de alimentos y bebidas","Restaurantes","AB-REST-1303-03240","131769675","RESTAURANTE CAMELOT","Jarabacoa","La Vega","Sin licencia","En formación","Abierto","","8293411140",""
"Establecimientos de expendio de alimentos y bebidas","Restaurantes","AB-REST-3203-03218","130895122","El Morro Eco Adventure Hotel","Playa el Morro","Monte Cristi","Sin licencia","En formación","Abierto","","8498861605",""
"Establecimientos de expendio de alimentos y bebidas","Restaurantes","AB-REST-1101-03190","131809162","KUKUA","Bávaro","La Altagracia","Vigente","Activa","Abierto","2026-12-01","8294722968",""
"Establecimientos de expendio de alimentos y bebidas","Restaurantes","AB-REST-0101-03224","132038495","KALIMIRI HOSPITALITY GROUP","Ensanche Naco","Distrito Nacional","Vencida","Inactiva","Abierto","2024-10-18","8093251313",""
"Establecimientos de expendio de alimentos y bebidas","Restaurantes","AB-REST-1807-03211","03700138757","NOVUS BEACH RESTAURANT","Playa Cabarete","Puerto Plata","Sin licencia","En formación","Abierto","","8096501061",""
"Establecimientos de expendio de alimentos y bebidas","Restaurantes","AB-REST-1801-03209","03700138757","Pizzeria Restaurante Jamvis","Puerto Plata - Centro Ciudad","Puerto Plata","Sin licencia","En formación","Abierto","","8296501061",""
"Establecimientos de expendio de alimentos y bebidas","Bares","AB-BARX-0101-03178","00118951193","LA ROSA BANDIDA","Gazcue","Distrito Nacional","Sin licencia","En formación","Abierto","","8292138906",""
"Establecimientos de expendio de alimentos y bebidas","Restaurantes","AB-REST-3204-03269","001154457","RESTAURANTE PUERCO ROSADO","Boca Chica","Santo Domingo","Vencida","Inactiva","Abierto","2024-07-10","8094466240",""
"Establecimientos de expendio de alimentos y bebidas","Restaurantes","AB-REST-1303-03239","00100626555","PARADOR CORAZON DE JESUS","Jarabacoa","La Vega","Vencida","Inactiva","Cerrado","2024-10-09","8095605192",""
"Establecimientos de expendio de alimentos y bebidas","Restaurantes","AB-REST-1807-03212","03700138757","MAR & BRASSA","Sosúa","Puerto Plata","Vencida","Inactiva","Abierto","2024-05-31","8296501061",""
"Establecimientos de expendio de alimentos y bebidas","Restaurantes","AB-REST-1807-03194","130667497","RESTAURANTE BLISS","Callejón de la Loma","Puerto Plata","En proceso","Activa","Abierto","","8294475020",""
"Establecimientos de expendio de alimentos y bebidas","Restaurantes","AB-REST-1801-03238","105082039","RESTAURANT TIPICO LA PONDEROSA DEL MAR","Centro Ciudad","Puerto Plata","Vigente","Activa","Abierto","2026-05-08","8095445500",""
"Establecimientos de expendio de alimentos y bebidas","Discotecas","AB-DISC-1101-03252","40223358595","Mp Club","Punta Cana","La Altagracia","Sin licencia","En formación","Abierto","","8098706850",""
"Establecimientos de expendio de alimentos y bebidas","Restaurantes","AB-REST-1303-03196","00100626555","D CAMELOT JARABACOA BAR LOUNGE SRL","Rincón","La Vega","Sin licencia","En formación","Cerrado","","8293411140",""
"Establecimientos de expendio de alimentos y bebidas","Bares","AB-BARX-1101-03204","40222670719","Katmandú Park Punta Cana","Punta Cana","La Altagracia","Vencida","Inactiva","Cerrado","2024-06-26","8092223867",""
"Establecimientos de expendio de alimentos y bebidas","Restaurantes","AB-REST-0101-03266","00100451160","ANGELO","Ciudad Colonial","Distrito Nacional","Sin licencia","En formación","Abierto","","8096535040",""
"Establecimientos de expendio de alimentos y bebidas","Restaurantes","AB-REST-1601-03185","02800095008","RANCHO TIPICO CUEVA DE LAS AGUILAS","Cabo Rojo","Pedernales","Sin licencia","En formación","Abierto","","8098809726",""
"Establecimientos de expendio de alimentos y bebidas","Restaurantes","AB-REST-1101-03263","00101243004","Ocean Adventures Punta Cana","Los Corales","La Altagracia","Vigente","Activa","Cerrado","2026-04-16","8099785030",""
"Establecimientos de expendio de alimentos y bebidas","Bares","AB-BARX-1807-03248","0021615","BATAILLE CLUB DEPORTIVO BAR RESTAURANT S.R.L","Kite Beach","Puerto Plata","Sin licencia","En formación","Abierto","","8098730374",""
"Establecimientos de expendio de alimentos y bebidas","Restaurantes","AB-REST-2003-03244","130914273","LUGAR LENOIR","El Limón","Samaná","Vigente","Activa","Abierto","2026-11-20","8294488220",""
"Establecimientos de expendio de alimentos y bebidas","Restaurantes","AB-REST-0101-03241","40249399326","Mixempanadas","Zona Colonial","Distrito Nacional","Vencida","Inactiva","Abierto","2024-07-18","8098014491",""
"Establecimientos de expendio de alimentos y bebidas","Restaurantes","AB-REST-1807-03275","03700008943","Mango Tropical Restaurant","Sosúa","Puerto Plata","Vencida","Inactiva","Cerrado","2024-05-26","8498158001",""
"Establecimientos de expendio de alimentos y bebidas","Restaurantes","AB-REST-1102-03283","132069481","RESTAURANTE MARE NUESTRO","Dominicus - Bayahibe","La Altagracia","Vencida","Inactiva","Abierto","2024-09-29","8299623664",""
"Establecimientos de expendio de alimentos y bebidas","Restaurantes","AB-REST-2501-03286","031003251","AHÍ BAR CAFÉ (I)","Santiago - Centro Ciudad","Santiago","Sin licencia","En formación","Abierto","","8095814461",""
"Establecimientos de expendio de alimentos y bebidas","Bares","AB-BARX-2501-03289","04600307534","Gallo Pelon Brew Pub","Santiago - Centro Ciudad","Santiago","Sin licencia","En formación","Abierto","","8096424367",""
"Establecimientos de expendio de alimentos y bebidas","Restaurantes","AB-REST-2003-03300","40237697939","SOL & FRESH","Las Terrenas","Samaná","Sin licencia","En formación","Cerrado","","8296134856",""
"Establecimientos de expendio de alimentos y bebidas","Restaurantes","AB-REST-0101-03303","131919202","LA ROSTICERIA","Los Prados","Distrito Nacional","En proceso","Activa","Abierto","","8093831787",""
"Establecimientos de expendio de alimentos y bebidas","Restaurantes","AB-REST-1808-03318","101764465","EL PARAISO TOURS","Punta Rucia","Puerto Plata","Incompleta","Inactiva","Abierto","","8097565878",""
"Establecimientos de expendio de alimentos y bebidas","Restaurantes","AB-REST-1801-03309","131146791","LE PETIT FRANCOIS","puerto plata","Puerto Plata","Vencida","Inactiva","Abierto","2025-12-02","8294922910",""
"Establecimientos de expendio de alimentos y bebidas","Restaurantes","AB-REST-1801-03306","03700009230","LA PONDEROSA DEL MAR SRL","Puerto Plata - Centro Ciudad","Puerto Plata","Sin licencia","En formación","Abierto","","8292655953",""
"Establecimientos de expendio de alimentos y bebidas","Restaurantes","AB-REST-1801-03312","00113342653","GARKAL","Bayardo","Puerto Plata","Sin licencia","En formación","Cerrado","","8096089808",""
"Establecimientos de expendio de alimentos y bebidas","Restaurantes","AB-REST-1101-03315","02801060928","Ristomar","Bayahibe","La Altagracia","Sin licencia","En formación","Abierto","","8095541866",""
"Establecimientos de expendio de alimentos y bebidas","Restaurantes","AB-REST-1801-03325","03701169165","la tarappa de franz srl","Costa Dorada","Puerto Plata","Sin licencia","En formación","Abierto","","8493562239",""
"Establecimientos de expendio de alimentos y bebidas","Restaurantes","AB-REST-1807-03330","09700252936","Restaurant Margot te Culinary","Playa Alicia","Puerto Plata","Sin licencia","En formación","Abierto","","8097228167",""
"Establecimientos de expendio de alimentos y bebidas","Restaurantes","AB-REST-0101-03333","001150839","KFC- NUEVA JERUSALEN","El Paredón","Santo Domingo","En proceso","Activa","Abierto","","8096077613",""
"Establecimientos de expendio de alimentos y bebidas","Restaurantes","AB-REST-1101-03334","132042395","TREBOL- PC RESTAURANT & BAR","Punta Cana,","La Altagracia","Vigente","Activa","Abierto","2026-08-01","8099903896",""
"Establecimientos de expendio de alimentos y bebidas","Restaurantes","AB-REST-3201-03337","40220011387","Restaurante Martin Fiero","Playa Juan Dolio","San Pedro de Macorís","Sin licencia","En formación","Abierto","","8092225032",""
"Establecimientos de expendio de alimentos y bebidas","Restaurantes","AB-REST-1807-03336","00117045765","FLIP FLOP RESTAURANT","Parque del Muelle","Puerto Plata","Sin licencia","En formación","Abierto","","8098930003",""
"Establecimientos de expendio de alimentos y bebidas","Restaurantes","AB-REST-1807-03341","40222870392","RESTAURANTE DIVERSITY","PLAYA CHIQUITA","Puerto Plata","Sin licencia","En formación","Cerrado","","8099892999",""
"Establecimientos de expendio de alimentos y bebidas","Restaurantes","AB-REST-0101-03347","001109956","Pala Pizza - Punta Cana","Cabeza de Toro","La Altagracia","Sin licencia","En formación","Abierto","","8292223800",""
"Establecimientos de expendio de alimentos y bebidas","Discotecas","AB-DISC-0101-03363","132840072","CLUB NOCTE WHITE","Zona Universitaria","Distrito Nacional","En proceso","Activa","Abierto","","8297532116",""
"Establecimientos de expendio de alimentos y bebidas","Bares","AB-BARX-1102-03362","132556453","WAIKIKI BAYAHIBE RD","Playa Bayahibe","La Altagracia","Sin licencia","En formación","Cerrado","","8492076443",""
"Establecimientos de expendio de alimentos y bebidas","Foodtruck","AB-FOTR-0101-03328","132714083","HWANG AND CHOI INTERNATIONAL","Ensanche Quisqueya","Distrito Nacional","Sin licencia","En formación","Abierto","","8095336650",""
"Establecimientos de expendio de alimentos y bebidas","Heladerías","AB-HELA-2003-03361","131501605","GELATERIA ITALIANA ARTESANAL NOI","La Plazoleta","Samaná","Vigente","Activa","Abierto","2026-03-10","8293420439",""
"Establecimientos de expendio de alimentos y bebidas","Restaurantes","AB-REST-0101-03355","130748152","Pala Pizza - Boca Chica","Reparto Ibarra","Santo Domingo","Sin licencia","En formación","Abierto","","8093333300",""
"Establecimientos de expendio de alimentos y bebidas","Restaurantes","AB-REST-0101-03356","130748152","Pala Pizza - Sabana Perdida","Sabana Centro","Santo Domingo","Sin licencia","En formación","Abierto","","8095660500",""
"Establecimientos de expendio de alimentos y bebidas","Restaurantes","AB-REST-0101-03357","130748152","Pala Pizza - Haina","Playa Palenque","San Cristóbal","Sin licencia","En formación","Abierto","","8093333300",""
"Establecimientos de expendio de alimentos y bebidas","Restaurantes","AB-REST-0101-03358","130748152","Pala Pizza - Bonao","Ensanche Libertad","Monseñor Nouel","Sin licencia","En formación","Abierto","","8093333300",""
"Establecimientos de expendio de alimentos y bebidas","Restaurantes","AB-REST-0101-03350","101570611","Pala Pizza - Los Alcarrizos","Savica","Santo Domingo","Vencida","Inactiva","Abierto","2024-07-20","8093333300",""
"Establecimientos de expendio de alimentos y bebidas","Restaurantes","AB-REST-1101-03375","131437079","Dolce Italia by Liberato","El Cortecito","La Altagracia","Vencida","Inactiva","Abierto","2024-11-13","8092854222",""
"Establecimientos de expendio de alimentos y bebidas","Restaurantes","AB-REST-1807-03353","131017983","MOJITO BAR BATELLI & PARLATO","Cabarete","Puerto Plata","Vigente","Activa","Abierto","2026-07-30","8095719327",""
"Establecimientos de expendio de alimentos y bebidas","Restaurantes","AB-REST-1807-03371","132446348","MI BODEGON CABARETE","Cabarete","Puerto Plata","Vigente","Activa","Abierto","2026-09-03","8099649916",""
"Establecimientos de expendio de alimentos y bebidas","Restaurantes","AB-REST-3202-03385","130901317","KING LOBTER, LAND N’ SEA","Playa el Cortecito","La Altagracia","Vencida","Inactiva","Abierto","2025-01-12","8292760271",""
"Establecimientos de expendio de alimentos y bebidas","Foodtruck","AB-FOTR-1801-03386","132182154","TAXCO LECKER","Costa Dorada","Puerto Plata","Sin licencia","En formación","Abierto","","8098415077",""
"Establecimientos de expendio de alimentos y bebidas","Foodtruck","AB-FOTR-1801-03388","132016831","212 NY PIZZA - PTO PLATA","Costa Dorada","Puerto Plata","Sin licencia","En formación","Abierto","","8092444234",""
"Establecimientos de expendio de alimentos y bebidas","Bares","AB-BARX-1101-03391","131453686","BAR LA FABRICA","VERON","La Altagracia","Sin licencia","En formación","Abierto","","8498517103",""
"Establecimientos de expendio de alimentos y bebidas","Restaurantes","AB-REST-1806-03400","132456955","FRICOLANDIA","PLAYA EL CASTILLO","Puerto Plata","Vencida","Inactiva","Abierto","2024-10-16","8095540102",""
"Establecimientos de expendio de alimentos y bebidas","Restaurantes","AB-REST-1102-03408","130752982","LA CUEVA DA MANUEL","Playa Bayahibe","La Altagracia","Sin licencia","En formación","Abierto","","8292706183",""
"Establecimientos de expendio de alimentos y bebidas","Restaurantes","AB-REST-1101-03409","131709664","KAT'S CORNER","Playa Bávaro","La Altagracia","Vigente","Activa","Abierto","2026-11-06","8098299076",""
"Establecimientos de expendio de alimentos y bebidas","Cafeterías","AB-CAFT-3204-03410","130131627","Quick Bites","Boca Chica","Santo Domingo","Sin licencia","En formación","Abierto","","8095491409",""
"Establecimientos de expendio de alimentos y bebidas","Restaurantes","AB-REST-1101-03416","132802799","LAS AMERICAS BY CVG","PLAYA EL CORTECITO","La Altagracia","Sin licencia","En formación","Cerrado","","8092225467",""
"Establecimientos de expendio de alimentos y bebidas","Restaurantes","AB-REST-3204-03422","130131627","Buona Pizzeria e Trattoria by Llers","PLAYA CABARETE","Puerto Plata","Sin licencia","En formación","Abierto","","8095491409",""
"Establecimientos de expendio de alimentos y bebidas","Cafeterías","AB-CAFT-3204-03421","130131627","The Corner Bistro by MGI","PLAYA SOSUA","Puerto Plata","Sin licencia","En formación","Abierto","","8095491409",""
"Establecimientos de expendio de alimentos y bebidas","Bares","AB-BARX-1807-03420","130131627","Bar Macorix","PLAYA SOSUA","Puerto Plata","Sin licencia","En formación","Abierto","","8095491409",""
"Establecimientos de expendio de alimentos y bebidas","Restaurantes","AB-REST-0101-03427","131928064","RESTAURANTE MUGADO","","Distrito Nacional","Sin licencia","En formación","Abierto","","8097557912",""
"Establecimientos de expendio de alimentos y bebidas","Restaurantes","AB-REST-1101-03429","132558219","NOVA BEACH CLUB","Punta Cana","La Altagracia","Vigente","Activa","Abierto","2027-01-28","8296495149",""
"Establecimientos de expendio de alimentos y bebidas","Restaurantes","AB-REST-1101-03428","131077544","Moustache Crepes & Waffles","","La Altagracia","Sin licencia","En formación","Cerrado","","8297253545",""
"Establecimientos de expendio de alimentos y bebidas","Restaurantes","AB-REST-1801-03431","132321901","TACO LOVER","PLAYA SOSUA","Puerto Plata","Sin licencia","En formación","Abierto","","8494558668",""
"Establecimientos de expendio de alimentos y bebidas","Bares","AB-BARX-1801-03432","132321901","THE BOAT BAR","PLAYA SOSUA","Puerto Plata","Sin licencia","En formación","Abierto","","8494558668",""
"Establecimientos de expendio de alimentos y bebidas","Restaurantes","AB-REST-1801-03433","132321901","Cantina Latina (antes Sanmangu)","PLAYA SOSUA","Puerto Plata","Sin licencia","En formación","Abierto","","8494558668",""
"Establecimientos de expendio de alimentos y bebidas","Bares","AB-BARX-1801-03435","132321901","DOM DOM BAR (antes Calmadito)","PLAYA SOSUA","Puerto Plata","Sin licencia","En formación","Abierto","","8494558668",""
"Establecimientos de expendio de alimentos y bebidas","Bares","AB-BARX-1801-03434","132321901","MARGARITA´S BAR (antes Seibar)","PLARA SOSUA","Puerto Plata","En proceso","Activa","Abierto","","8494558668",""
"Establecimientos de expendio de alimentos y bebidas","Bares","AB-BARX-1801-03436","132321901","HURACAN LOUNGE BAR (antes Juracan)","PLAYA SOSUA","Puerto Plata","Sin licencia","En formación","Abierto","","8494558668",""
"Establecimientos de expendio de alimentos y bebidas","Cafeterías","AB-CAFT-1801-03437","132321901","THE COFFEE FACTORY (antes cortaito)","PLAYA SOSUA","Puerto Plata","Sin licencia","En formación","Abierto","","8494558668",""
"Establecimientos de expendio de alimentos y bebidas","Bares","AB-BARX-1801-03439","132321901","KELOKE SPORT BAR (antes Keloke)","PLAYA SOSUA","Puerto Plata","Sin licencia","En formación","Abierto","","8494558668",""
"Establecimientos de expendio de alimentos y bebidas","Bares","AB-BARX-1801-03440","132321901","RUM RUM BAR","PLAYA SOSUA","Puerto Plata","Sin licencia","En formación","Abierto","","8494558668",""
"Establecimientos de expendio de alimentos y bebidas","Restaurantes","AB-REST-1101-03443","119020362","RESTAURANT CAPITANCOOK","PLAYA BAVARO","La Altagracia","Vencida","Inactiva","Abierto","2024-11-20","8095520645",""
"Establecimientos de expendio de alimentos y bebidas","Restaurantes","AB-REST-1801-03444","038001122","Restaurante Atalaya del Chef","playa costambar","Puerto Plata","Sin licencia","En formación","Abierto","","8299880214",""
"Establecimientos de expendio de alimentos y bebidas","Restaurantes","AB-REST-0101-03445","124003091","KFC- SAN ISIDRO","mendoza","Santo Domingo","Vencida","Inactiva","Abierto","2025-06-28","8093680026",""
"Establecimientos de expendio de alimentos y bebidas","Restaurantes","AB-REST-0101-03446","131907768","STARBUCKS -Galería 360","ARROYO HONDO","Distrito Nacional","Vencida","Inactiva","Abierto","2026-02-19","8097324462",""
"Establecimientos de expendio de alimentos y bebidas","Restaurantes","AB-REST-0101-03447","131907768","STARBUCKS- BLUE MALL PUNTA CANA","PLAYA CABEZA DE TORO","La Altagracia","Vencida","Inactiva","Abierto","2026-02-14","8097324462",""
"Establecimientos de expendio de alimentos y bebidas","Restaurantes","AB-REST-0101-03449","101605391","Domino´s Pizza - Plaza las Americas 2","PIANTINI","Distrito Nacional","Vigente","Activa","Abierto","2027-02-04","8095634705",""
"Establecimientos de expendio de alimentos y bebidas","Restaurantes","AB-REST-0101-03450","101605391","Domino´s Pizza - Zona Colonial","ZONA COLONIAL","Distrito Nacional","Incompleta","Inactiva","Abierto","","8095634705",""
"Establecimientos de expendio de alimentos y bebidas","Restaurantes","AB-REST-0101-03451","124003091","KFC- EN LOS ROSALES","","Santo Domingo","Vigente","Activa","Abierto","2027-03-03","8093680026",""
"Establecimientos de expendio de alimentos y bebidas","Cafeterías","AB-CAFT-2003-03453","402255598","LA HISPANIOLA","LAS TERRENAS","Samaná","Sin licencia","En formación","Abierto","","8092406756",""
"Establecimientos de expendio de alimentos y bebidas","Restaurantes","AB-REST-1102-03454","132502868","DON CARLO BY VITTORIO RESTAURANTE","PLAYA BAYAHIBE","La Altagracia","Vencida","Inactiva","Cerrado","2025-03-12","8299854330",""
"Establecimientos de expendio de alimentos y bebidas","Bares","AB-BARX-1801-03457","131549901","DULUS DOMINICUS","PLAYA SOSUA","Puerto Plata","Sin licencia","En formación","Abierto","","8292213247",""
"Establecimientos de expendio de alimentos y bebidas","Restaurantes","AB-REST-1807-03463","130809412","OJO CLUB","PLAYA SOSUA","Puerto Plata","Vigente","Activa","Abierto","2026-08-07","8297458803",""
"Establecimientos de expendio de alimentos y bebidas","Restaurantes","AB-REST-0101-03461","430101402","God's Version Café","ENSANCHE NACO","Distrito Nacional","Sin licencia","En formación","Abierto","","8095633328",""
"Establecimientos de expendio de alimentos y bebidas","Restaurantes","AB-REST-1101-03465","130547701","Restaurante Vale Valentina (Cafe Restaurant The Vale)","PLAYO BAVARO","La Altagracia","Vencida","Inactiva","Abierto","2024-09-13","8099590387",""
"Establecimientos de expendio de alimentos y bebidas","Restaurantes","AB-REST-1101-03466","131847201","Restaurante Burlao Grill","PLAYA BAVARO","La Altagracia","Vencida","Inactiva","Abierto","2024-09-01","8097706575",""
"Establecimientos de expendio de alimentos y bebidas","Restaurantes","AB-REST-0101-03475","131163041","POLLOS VICTORINA","CANCINO","Santo Domingo","Sin licencia","En formación","Abierto","","8099552727",""
"Establecimientos de expendio de alimentos y bebidas","Restaurantes","AB-REST-0101-03476","402272407","POLLOS VICTORINA","SANS DOUCI","Santo Domingo","Sin licencia","En formación","Abierto","","8099552727",""
"Establecimientos de expendio de alimentos y bebidas","Restaurantes","AB-REST-0101-03477","131163041","POLLOS VICTORINA","ENSANCHE NACO","Distrito Nacional","Sin licencia","En formación","Abierto","","8099552727",""
"Establecimientos de expendio de alimentos y bebidas","Restaurantes","AB-REST-0101-03478","131163041","POLLOS VICTORINA","ENSANCHE NACO","Distrito Nacional","Sin licencia","En formación","Abierto","","8099552727",""
"Establecimientos de expendio de alimentos y bebidas","Restaurantes","AB-REST-0101-03479","131163041","POLLOS VICTORINA","LA FE","Distrito Nacional","Sin licencia","En formación","Abierto","","8099552727",""
"Establecimientos de expendio de alimentos y bebidas","Restaurantes","AB-REST-0101-03480","131163041","POLLOS VICTORINA","ENSANCHE NACO","Distrito Nacional","Sin licencia","En formación","Abierto","","8099552727",""
"Establecimientos de expendio de alimentos y bebidas","Restaurantes","AB-REST-0101-03484","131163041","POLLOS VICTORINA","LOS RESTAURADORES","Distrito Nacional","Sin licencia","En formación","Abierto","","8099552727",""
"Establecimientos de expendio de alimentos y bebidas","Restaurantes","AB-REST-0101-03482","131163041","POLLOS VICTORINA","ENSANCHE NACO","Distrito Nacional","Sin licencia","En formación","Abierto","","8099552727",""
"Establecimientos de expendio de alimentos y bebidas","Restaurantes","AB-REST-0101-03483","131163041","POLLOS VICTORINA","ENSANCHE NACO","Distrito Nacional","Sin licencia","En formación","Abierto","","8099552727",""
"Establecimientos de expendio de alimentos y bebidas","Restaurantes","AB-REST-0101-03485","131163041","POLLOS VICTORINA","","Santiago","Sin licencia","En formación","Abierto","","8099552727",""
"Establecimientos de expendio de alimentos y bebidas","Restaurantes","AB-REST-1101-03489","809872689","LA BRUJA CHUPADORA","PLAYA BAVARO","La Altagracia","Sin licencia","En formación","Abierto","","130375275",""
"Establecimientos de expendio de alimentos y bebidas","Restaurantes","AB-REST-1101-03488","131886485","DIONYS PARRILLADA RESTAURANT","PLAYA BAVARO","La Altagracia","Sin licencia","En formación","Abierto","","8094551199",""
"Establecimientos de expendio de alimentos y bebidas","Restaurantes","AB-REST-0101-03492","132720504","BLEU BISTROT","PIANTINI","Distrito Nacional","Vencida","Inactiva","Abierto","2024-11-27","8094755533",""
"Establecimientos de expendio de alimentos y bebidas","Bares","AB-BARX-1101-03491","132459352","Doctor Beer Bar and Lounge","PLAYA BAVARO","La Altagracia","Sin licencia","En formación","Cerrado","","8097706893",""
"Establecimientos de expendio de alimentos y bebidas","Restaurantes","AB-REST-0101-03496","131163041","POLLOS VICTORINA","LAS PRADERAS","Distrito Nacional","Sin licencia","En formación","Abierto","","8099552727",""
"Establecimientos de expendio de alimentos y bebidas","Restaurantes","AB-REST-0101-03497","131163041","POLLOS VICTORINA","JULIETA MORALES","Distrito Nacional","Sin licencia","En formación","Abierto","","8099552727",""
"Establecimientos de expendio de alimentos y bebidas","Restaurantes","AB-REST-0101-03498","131163041","POLLOS VICTORINA","PIANTINI","Distrito Nacional","Sin licencia","En formación","Abierto","","8099552727",""
"Establecimientos de expendio de alimentos y bebidas","Restaurantes","AB-REST-0101-03499","131163041","POLLOS VICTORINA","Playa Bayahibe","La Romana","Sin licencia","En formación","Abierto","","8099552727",""
"Establecimientos de expendio de alimentos y bebidas","Restaurantes","AB-REST-1101-03469","130183244","BAR-TRATTORIA MAMMA LUISA","PLAYA MACAO","La Altagracia","Vencida","Inactiva","Abierto","2024-09-11","8099592013",""
"Establecimientos de expendio de alimentos y bebidas","Restaurantes","AB-REST-0101-03502","131163041","POLLOS VICTORINA","PLAYA CALETA","La Romana","Sin licencia","En formación","Abierto","","8099552727",""
"Establecimientos de expendio de alimentos y bebidas","Restaurantes","AB-REST-0101-03503","131163041","POLLOS VICTORINA","","Distrito Nacional","Sin licencia","En formación","Abierto","","8099552727",""
"Establecimientos de expendio de alimentos y bebidas","Bares","AB-BARX-0101-03510","131010148","LA POSTA","PIANTINI","Distrito Nacional","En proceso","Activa","Abierto","","8094751007",""
"Establecimientos de expendio de alimentos y bebidas","Bares","AB-BARX-0101-03511","131010148","THE BARK","ENSANCHE PIANTINI","Distrito Nacional","Vencida","Inactiva","Abierto","2026-02-06","8094751007",""
"Establecimientos de expendio de alimentos y bebidas","Restaurantes","AB-REST-0101-03512","132375599","TORNASOL RESTAURANTE RD","Zona Colonial","Distrito Nacional","Vencida","Inactiva","Abierto","2025-03-19","8096876842",""
"Establecimientos de expendio de alimentos y bebidas","Restaurantes","AB-REST-1801-03515","132323475","MAUROS","COSTA DORADA","Puerto Plata","Sin licencia","En formación","Abierto","","8297553968",""
"Establecimientos de expendio de alimentos y bebidas","Restaurantes","AB-REST-0101-03517","124003091","KFC- JACOBO MAJLUTA EST. DE COMB. ECOPETROLEO DON RAMON","CIUDAD SATELITE","Santo Domingo","En proceso","Activa","Abierto","","8093680026",""
"Establecimientos de expendio de alimentos y bebidas","Restaurantes","AB-REST-0101-03518","131163041","POLLOS VICTORINA","PLAYA BÁVARO","La Altagracia","Sin licencia","En formación","Abierto","","8099552727",""
"Establecimientos de expendio de alimentos y bebidas","Restaurantes","AB-REST-0101-03519","131163041","POLLOS VICTORINA","arroyo hondo","Distrito Nacional","Sin licencia","En formación","Abierto","","8099552727",""
"Establecimientos de expendio de alimentos y bebidas","Restaurantes","AB-REST-0101-03522","131163041","POLLOS VICTORINA","Playa Bavaro","La Altagracia","Sin licencia","En formación","Abierto","","8099552727",""
"Establecimientos de expendio de alimentos y bebidas","Discotecas","AB-DISC-2501-03525","031054637","LAZ-KIM RR ENTERTAINMENT","Bella Vista","Santiago","Sin licencia","En formación","Abierto","","8099270113",""
"Establecimientos de expendio de alimentos y bebidas","Restaurantes","AB-REST-3204-03530","130640726","BOCA MARINA","PLAYA BOCA CHICA","Santo Domingo","Sin licencia","En formación","Abierto","","8095236702",""
"Establecimientos de expendio de alimentos y bebidas","Restaurantes","AB-REST-0101-03536","130762262","RESTAURANTE CANA DEL REY","Arroyo Hondo","Distrito Nacional","Sin licencia","En formación","Abierto","","8099228399",""
"Establecimientos de expendio de alimentos y bebidas","Discotecas","AB-DISC-2501-03535","132492919","PRIVADO CLUB BY ALOHA SOL","REPARTO DEL ESTE","Santiago","Vencida","Inactiva","Abierto","2024-12-29","8292220868",""
"Establecimientos de expendio de alimentos y bebidas","Restaurantes","AB-REST-0101-03538","010103538","MIX FOOD TO SHARE","Ensanche Serralle","Distrito Nacional","Sin licencia","En formación","Abierto","","8094720600",""
"Establecimientos de expendio de alimentos y bebidas","Restaurantes","AB-REST-0101-03539","132190807","LA 5TA MENDOZA","PLAYA BAYAHIBE","La Altagracia","Sin licencia","En formación","Abierto","","8099798172",""
"Establecimientos de expendio de alimentos y bebidas","Foodtruck","AB-FOTR-0101-03537","132485114","EL PATIO D' LILI","Playa Bavaro","La Altagracia","Sin licencia","En formación","Abierto","","8093739616",""
"Establecimientos de expendio de alimentos y bebidas","Discotecas","AB-DISC-2501-03540","131090338","TABUROOM","MONUMENTO","Santiago","En proceso","Activa","Cerrado","","8092243331",""
"Establecimientos de expendio de alimentos y bebidas","Restaurantes","AB-REST-3204-03542","130841918","MEMO SHAWARMA","PLAYA BOCACHICA","Santo Domingo","Sin licencia","En formación","Abierto","","8095235773",""
"Establecimientos de expendio de alimentos y bebidas","Restaurantes","AB-REST-0101-03544","130223556","MARKET FF SINCE 2012","Playa Bavaro","La Altagracia","Sin licencia","En formación","Abierto","","8097844115",""
"Establecimientos de expendio de alimentos y bebidas","Restaurantes","AB-REST-0101-03545","131420532","QERO","ENSANCHE NACO","Distrito Nacional","Vencida","Inactiva","Abierto","2025-01-04","8098070590",""
"Establecimientos de expendio de alimentos y bebidas","Restaurantes","AB-REST-0101-03543","132307607","ZUQUERO","PIANTINI","Distrito Nacional","Sin licencia","En formación","Cerrado","","8095472000",""
"Establecimientos de expendio de alimentos y bebidas","Restaurantes","AB-REST-0101-03548","130889602","IL BACARETO OSTERIA CON CUCINA","LA ESPERILLA","Distrito Nacional","Sin licencia","En formación","Abierto","","8097081970",""
"Establecimientos de expendio de alimentos y bebidas","Restaurantes","AB-REST-0101-03546","130863342","Allegra","PIANTINI","Distrito Nacional","Sin licencia","En formación","Abierto","","8093680201",""
"Establecimientos de expendio de alimentos y bebidas","Restaurantes","AB-REST-0101-03547","132101792","Allezy Bistrot","ENSANCHE SERRALLE","Distrito Nacional","En proceso","Activa","Abierto","","8493541430",""
"Establecimientos de expendio de alimentos y bebidas","Restaurantes","AB-REST-0101-03552","132429303","O.DETTE","PIANTINI","Distrito Nacional","Vigente","Activa","Abierto","2026-04-07","8292138796",""
"Establecimientos de expendio de alimentos y bebidas","Coffee shop","AB-COSH-0101-03556","131732682","FLOR DE CAFÉ","RENACIMIENTO","Distrito Nacional","Sin licencia","En formación","Abierto","","8094823853",""
"Establecimientos de expendio de alimentos y bebidas","Restaurantes","AB-REST-0101-03561","101173531","ASADERO LOS ARGENTINOS","BELLA VISTA","Distrito Nacional","Sin licencia","En formación","Abierto","","8095357076",""
"Establecimientos de expendio de alimentos y bebidas","Restaurantes","AB-REST-0101-03560","809255039","JALIA FOOD","30 de Mayo","Distrito Nacional","Sin licencia","En formación","Abierto","","8092550391",""
"Establecimientos de expendio de alimentos y bebidas","Discotecas","AB-DISC-2501-03555","132372565","TONY DRINK RD","monumento","Santiago","Vencida","Inactiva","Abierto","2024-10-06","8096010378",""
"Establecimientos de expendio de alimentos y bebidas","Restaurantes","AB-REST-1807-03568","131666892","FRIENDS CABARETE","CABARETE","Puerto Plata","Vigente","Activa","Abierto","2026-06-16","8298701013",""
"Establecimientos de expendio de alimentos y bebidas","Coffee shop","AB-COSH-1601-03573","132560396","Shop69","PEDERNALES","Pedernales","Vigente","Activa","Abierto","2026-10-31","8097561697",""
"Establecimientos de expendio de alimentos y bebidas","Restaurantes","AB-REST-1101-03577","131840752","Herman 311 Bar y Restaurante","BAVARO","La Altagracia","Sin licencia","En formación","Abierto","","8097706939",""
"Establecimientos de expendio de alimentos y bebidas","Restaurantes","AB-REST-0101-03584","101855541","D´LUIS PARRILLADA","zona colonial","Distrito Nacional","En proceso","Activa","Abierto","","8096862940",""
"Establecimientos de expendio de alimentos y bebidas","Restaurantes","AB-REST-0101-03585","101719265","MCDONALD`S - LA SIRENA CHARLES DE GAULLE","Cancino","Santo Domingo","En proceso","Activa","Abierto","","8095334800",""
"Establecimientos de expendio de alimentos y bebidas","Restaurantes","AB-REST-0101-03413","101658347","TACO BELL  (PLAZA GARDEN)","LOS PROCERES","Distrito Nacional","Vencida","Inactiva","Abierto","2024-08-31","8097352355",""
"Establecimientos de expendio de alimentos y bebidas","Restaurantes","AB-REST-0101-03586","101719265","MCDONALD`S - LOS ÁLAMOS","SANTIAGO","Santiago","Vigente","Activa","Abierto","2027-03-02","8095334800",""
"Establecimientos de expendio de alimentos y bebidas","Restaurantes","AB-REST-0101-03412","101658347","TACO BELL","Playa Bavaro","La Altagracia","Vencida","Inactiva","Abierto","2024-10-05","8097352355",""
"Establecimientos de expendio de alimentos y bebidas","Restaurantes","AB-REST-0901-03602","131476058","LAS 4F RESTAURANT","MOCA","Espaillat","Vigente","Activa","Abierto","2026-08-20","0540146194",""
"Establecimientos de expendio de alimentos y bebidas","Restaurantes","AB-REST-1807-03605","131799698","RESTAURANTE KALIPSO DE ELENA","Playa Cabarete","Puerto Plata","Sin licencia","En formación","Abierto","","8095719329",""
"Establecimientos de expendio de alimentos y bebidas","Restaurantes","AB-REST-2501-03622","131985971","Calcali","MONUMENTO","Santiago","Vigente","Activa","Abierto","2026-08-19","8094899867",""
"Establecimientos de expendio de alimentos y bebidas","Restaurantes","AB-REST-1101-03615","131143954","RISTORANTE BAR GELATERIA VENEZIA","PLAYA BAVARO","La Altagracia","Sin licencia","En formación","Abierto","","8097957966",""
"Establecimientos de expendio de alimentos y bebidas","Restaurantes","AB-REST-2501-03617","131781195","Kyoto","LOS JARDINES METROPOLITANOS","Santiago","Sin licencia","En formación","Abierto","","8095820900",""
"Establecimientos de expendio de alimentos y bebidas","Discotecas","AB-DISC-2501-03616","132256387","Lovera discotec","SANTIAGO","Santiago","Incompleta","Inactiva","Abierto","","8098488883",""
"Establecimientos de expendio de alimentos y bebidas","Restaurantes","AB-REST-2501-03612","130375275","LA TABERNA DE PEPE","MONUMENTO","Santiago","Vencida","Inactiva","Abierto","2025-01-17","8092265099",""
"Establecimientos de expendio de alimentos y bebidas","Restaurantes","AB-REST-1101-03619","130375275","LA TRACTTORIA DE CLAUDIO KPKJ","LOS JARDINES METROPOLITANOS","Santiago","Sin licencia","En formación","Abierto","","8095811602",""
"Establecimientos de expendio de alimentos y bebidas","Restaurantes","AB-REST-1101-03620","130375275","KITCHEN GALLERY BISTRO  KGB","MONUMENTO","Santiago","Vencida","Inactiva","Abierto","2025-01-23","8097248457",""
"Establecimientos de expendio de alimentos y bebidas","Restaurantes","AB-REST-1101-03621","130375275","NOAH RESTAURANT","SANTIAGO","Santiago","Vencida","Inactiva","Abierto","2025-01-30","8099710550",""
"Establecimientos de expendio de alimentos y bebidas","Restaurantes","AB-REST-2501-03618","131653146","AMIGOS 24 HORAS FOOD FACTORY","SANTIAGO","Santiago","Vigente","Activa","Abierto","2026-10-28","8498042119",""
"Establecimientos de expendio de alimentos y bebidas","Restaurantes","AB-REST-2501-03623","131653146","AMIGOS 24 HORAS FOOD FACTORY (C/PONCE)","Santiago","Santiago","Sin licencia","En formación","Abierto","","8498042119",""
"Establecimientos de expendio de alimentos y bebidas","Restaurantes","AB-REST-1807-03624","132795628","LatinWok","playa cabarete","Puerto Plata","Sin licencia","En formación","Abierto","","8298926565",""
"Establecimientos de expendio de alimentos y bebidas","Cafeterías","AB-CAFT-0101-03626","132327926","BARRA JUNIOR PAYAN - GEORGE WASHINGTON","gascue","Distrito Nacional","Vencida","Inactiva","Abierto","2025-03-20","8093092980",""
"Establecimientos de expendio de alimentos y bebidas","Restaurantes","AB-REST-2001-03632","131955632","ELESAB BOUT DU MONDE","LAS GALERAS","Samaná","Sin licencia","En formación","Abierto","","8298302104",""
"Establecimientos de expendio de alimentos y bebidas","Restaurantes","AB-REST-0101-03641","124003091","KFC- Plaza Marling Shopping Center","punta cana","La Altagracia","Vigente","Activa","Abierto","2026-10-17","8093680026",""
"Establecimientos de expendio de alimentos y bebidas","Restaurantes","AB-REST-1101-03639","131825087","MR MIKE´S 2.0","playa bavaro","La Altagracia","Sin licencia","En formación","Abierto","","8099611782",""
"Establecimientos de expendio de alimentos y bebidas","Restaurantes","AB-REST-2501-03640","132738871","BARCELONETA TAPAS BAR","santiago","Santiago","Sin licencia","En formación","Abierto","","8099597519",""
"Establecimientos de expendio de alimentos y bebidas","Restaurantes","AB-REST-2501-03635","132314972","BBQ EXPRESS JPD","SANTIAGO","Santiago","Sin licencia","En formación","Abierto","","8092262086",""
"Establecimientos de expendio de alimentos y bebidas","Discotecas","AB-DISC-2501-03657","132492919","LEVEL CLUB BAR & LOUNGE","santiago","Santiago","Vencida","Inactiva","Abierto","2024-12-29","8099270113",""
"Establecimientos de expendio de alimentos y bebidas","Bares","AB-BARX-0101-03652","131505767","MISS RIZOS BY CAROLIN CONTRERAS","ciudad colonial","Distrito Nacional","Sin licencia","En formación","Abierto","","8096828026",""
"Establecimientos de expendio de alimentos y bebidas","Restaurantes","AB-REST-1302-03653","101718732","ALTOCERRO VILLAS Y APARTA HOTEL","altocerro","La Vega","Sin licencia","En formación","Abierto","","8095391553",""
"Establecimientos de expendio de alimentos y bebidas","Restaurantes","AB-REST-3202-03655","132636937","PENGAMO RESTAURANTE & HOTEL","bahia de las aguilas","Pedernales","Sin licencia","En formación","Abierto","","8098181529",""
"Establecimientos de expendio de alimentos y bebidas","Restaurantes","AB-REST-1101-03643","132724879","LUPEGA INVESTMENT","playa bavaro","La Altagracia","Sin licencia","En formación","Cerrado","","8098312912",""
"Establecimientos de expendio de alimentos y bebidas","Coffee shop","AB-COSH-0901-03647","132234294","Eligiendo té","moca","Espaillat","Sin licencia","En formación","Abierto","","8297557202",""
"Establecimientos de expendio de alimentos y bebidas","Restaurantes","AB-REST-2501-03648","132781831","Aluxes","santiago","Santiago","Sin licencia","En formación","Abierto","","8095803866",""
"Establecimientos de expendio de alimentos y bebidas","Restaurantes","AB-REST-1101-03651","131851827","UNAGUI","playa punta cana","La Altagracia","Sin licencia","En formación","Abierto","","8094551759",""
"Establecimientos de expendio de alimentos y bebidas","Restaurantes","AB-REST-2003-03662","131131069","LE TRE CARAVELLE","playa punta popi","Samaná","Vencida","Inactiva","Abierto","2025-07-15","8092405188",""
"Establecimientos de expendio de alimentos y bebidas","Restaurantes","AB-REST-0101-03675","101658347","TACO BELL","mirador norte","Distrito Nacional","Sin licencia","En formación","Abierto","","8097352355",""
"Establecimientos de expendio de alimentos y bebidas","Restaurantes","AB-REST-0101-03689","101605391","Domino´s Pizza - Multicentro Sirena Bartolome Colon","santiago","Santiago","Vencida","Inactiva","Abierto","2025-04-24","8095634705",""
"Establecimientos de expendio de alimentos y bebidas","Restaurantes","AB-REST-0101-03688","101605391","Domino´s Pizza - Master Plaza","santiago","Santiago","Vigente","Activa","Abierto","2026-05-27","8095634705",""
"Establecimientos de expendio de alimentos y bebidas","Restaurantes","AB-REST-0101-03682","101555815","PIZZA HUT - PLAZA ZONA ROSA","santiago","Santiago","Sin licencia","En formación","Abierto","","8099478400",""
"Establecimientos de expendio de alimentos y bebidas","Bares","AB-BARX-0101-03680","132707028","La Otra Julep","bella vista","Distrito Nacional","Sin licencia","En formación","Abierto","","8296398628",""
"Establecimientos de expendio de alimentos y bebidas","Restaurantes","AB-REST-0101-03695","101605391","Domino´s Pizza - Plaza Cibao","santiago","Santiago","Vigente","Activa","Abierto","2026-05-27","8095634705",""
"Establecimientos de expendio de alimentos y bebidas","Restaurantes","AB-REST-1303-03692","103155596","ANNA´S INTERPRISES","jarabacoa","La Vega","En proceso","Activa","Abierto","","8092230428",""
"Establecimientos de expendio de alimentos y bebidas","Discotecas","AB-DISC-2501-03690","132492919","SKY ROOF","Santiago","Santiago","Vencida","Inactiva","Abierto","2024-12-29","8099270113",""
"Establecimientos de expendio de alimentos y bebidas","Restaurantes","AB-REST-2501-03687","130530459","Square One Food Shop","santiago","Santiago","En proceso","Activa","Abierto","","8095830660",""
"Establecimientos de expendio de alimentos y bebidas","Restaurantes","AB-REST-0101-03693","101605391","Domino´s Pizza - Next Estrella Sadhalá","santiago","Santiago","Vigente","Activa","Abierto","2026-05-27","8095634705",""
"Establecimientos de expendio de alimentos y bebidas","Restaurantes","AB-REST-0101-03691","101605391","DOMINO′S PIZZA - COLINAS MALL","Santiago","Santiago","Vigente","Activa","Abierto","2026-06-11","8095634705",""
"Establecimientos de expendio de alimentos y bebidas","Restaurantes","AB-REST-2003-03704","101157534","RESTAURANT ESTANCIA EL REPOSO","las cayenas","Samaná","Vencida","Inactiva","Abierto","2025-07-08","8092406080",""
"Establecimientos de expendio de alimentos y bebidas","Restaurantes","AB-REST-0101-03702","132188782","MOSQUITO SOCIAL CLUB","zona colonial","Distrito Nacional","Sin licencia","En formación","Abierto","","8098737777",""
"Establecimientos de expendio de alimentos y bebidas","Restaurantes","AB-REST-2801-03656","130653722","TIPICO BONAO (SUR)","Bonao","Monseñor Nouel","Sin licencia","En formación","Abierto","","8095253941",""
"Establecimientos de expendio de alimentos y bebidas","Restaurantes","AB-REST-2505-03658","131611176","MIRADOR D*ARTE RESTAURANT","SANTIAGO","Santiago","Sin licencia","En formación","Abierto","","8296496487",""
"Establecimientos de expendio de alimentos y bebidas","Restaurantes","AB-REST-1101-03699","130701921","Monte's Quick Shop","PLAYA BAVARO","La Altagracia","Sin licencia","En formación","Abierto","","8095547797",""
"Establecimientos de expendio de alimentos y bebidas","Restaurantes","AB-REST-3201-03659","132003969","Restaurante Neptunos","BOCA CHICA","Santo Domingo","Sin licencia","En formación","Abierto","","8095234703",""
"Establecimientos de expendio de alimentos y bebidas","Restaurantes","AB-REST-2801-03665","130653722","TIPICO BONAO (NORTE)","bonao","Monseñor Nouel","Sin licencia","En formación","Abierto","","8092961101",""
"Establecimientos de expendio de alimentos y bebidas","Restaurantes","AB-REST-1807-03666","131375073","MARGOTTE CULINARY","playa sosua","Puerto Plata","Vencida","Inactiva","Abierto","2026-02-28","8095712033",""
"Establecimientos de expendio de alimentos y bebidas","Restaurantes","AB-REST-1101-03722","132729341","RESTAURANTE FLORECITA","playa bavaro","La Altagracia","Vencida","Inactiva","Abierto","2025-03-07","8093536388",""
"Establecimientos de expendio de alimentos y bebidas","Bares","AB-BARX-0101-03721","132476484","SELFIE WORLD RD","playa punta cana","La Altagracia","Vencida","Inactiva","Cerrado","2025-03-04","8093730667",""
"Establecimientos de expendio de alimentos y bebidas","Restaurantes","AB-REST-2801-03720","132587014","Vista Del Valle","bonao","Monseñor Nouel","Vencida","Inactiva","Abierto","2025-06-12","8094214640",""
"Establecimientos de expendio de alimentos y bebidas","Restaurantes","AB-REST-1101-03719","132729331","MAMIII CHULA RESTAURANTE","playa punta cana","La Altagracia","Vencida","Inactiva","Abierto","2025-03-06","8093536388",""
"Establecimientos de expendio de alimentos y bebidas","Restaurantes","AB-REST-1801-03716","131351034","RESTAURANT TROPICAL LUNA CAFE CR","playa dorada","Puerto Plata","Sin licencia","En formación","Cerrado","","8297605149",""
"Establecimientos de expendio de alimentos y bebidas","Bares","AB-BARX-1101-03715","132969405","PURA VIDA TERRENAS","LAS TERRENAS","Samaná","Sin licencia","En formación","Cerrado","","8296628568",""
"Establecimientos de expendio de alimentos y bebidas","Restaurantes","AB-REST-1302-03729","131133118","MONCARLO RESTAURANT HOTEL","Constanza","La Vega","Vigente","Activa","Abierto","2026-07-14","8095381312",""
"Establecimientos de expendio de alimentos y bebidas","Restaurantes","AB-REST-2501-03714","131205577","SAGA CIGAR CLUB","santiago","Santiago","Vigente","Activa","Abierto","2026-09-12","8092767900",""
"Establecimientos de expendio de alimentos y bebidas","Restaurantes","AB-REST-2501-03705","131509568","OCIO GASTROPUB","centro ciudad","Santiago","Sin licencia","En formación","Abierto","","8098063700",""
"Establecimientos de expendio de alimentos y bebidas","Restaurantes","AB-REST-0101-03676","101605391","Domino´s Pizza - El Embrujo","el embrujo","Santiago","Vigente","Activa","Abierto","2026-03-27","8095634705",""
"Establecimientos de expendio de alimentos y bebidas","Bares","AB-BARX-1801-03419","132321901","MOJITO BAR","puerto plata","Puerto Plata","Sin licencia","En formación","Abierto","","8494558668",""
"Establecimientos de expendio de alimentos y bebidas","Bares","AB-BARX-1801-03417","132321901","TIKI TIKI","puerto plata","Puerto Plata","Sin licencia","En formación","Abierto","","8494558668",""
"Establecimientos de expendio de alimentos y bebidas","Restaurantes","AB-REST-2501-03755","131897509","LA FIAMMA DI RISTORARTE","playa dorada","Puerto Plata","Sin licencia","En formación","Abierto","","8097364141",""
"Establecimientos de expendio de alimentos y bebidas","Restaurantes","AB-REST-1101-03712","131751466","DELONIX RESTAURANT","playa bávaro","La Altagracia","Sin licencia","En formación","Abierto","","8099724321",""
"Establecimientos de expendio de alimentos y bebidas","Restaurantes","AB-OTRO-1801-03697","131351034","Restaurante Tropical Luna Cafe","PLAYA DORADA","Puerto Plata","Sin licencia","En formación","Cerrado","","8297605149",""
"Establecimientos de expendio de alimentos y bebidas","Restaurantes","AB-REST-1101-03754","131334113","LAS LEÑAS","playa bavaro","La Altagracia","Sin licencia","En formación","Abierto","","8098517328",""
"Establecimientos de expendio de alimentos y bebidas","Restaurantes","AB-REST-0101-03752","131907768","Starbucks- UNIBE","gazcue","Distrito Nacional","Vigente","Activa","Abierto","2026-07-17","8097324462",""
"Establecimientos de expendio de alimentos y bebidas","Restaurantes","AB-REST-0101-03751","131907768","STARBUCKS","los mina norte","Santo Domingo","Vigente","Activa","Abierto","2026-07-18","8097324462",""
"Establecimientos de expendio de alimentos y bebidas","Restaurantes","AB-REST-0101-03750","130984034","Tony Romas Dominicana","bella vista","Distrito Nacional","Sin licencia","En formación","Abierto","","8095355454",""
"Establecimientos de expendio de alimentos y bebidas","Restaurantes","AB-REST-1101-03749","131078559","D STARLIN DELICIAS DE BAVARO","playa bavaro","La Altagracia","Sin licencia","En formación","Abierto","","8095521347",""
"Establecimientos de expendio de alimentos y bebidas","Discotecas","AB-DISC-1101-03748","131861296","VIP LOUNGE BOULEVARD CENTER VL-BC","playa bavaro","La Altagracia","En proceso","Activa","Cerrado","","8094664477",""
"Establecimientos de expendio de alimentos y bebidas","Restaurantes","AB-OTRO-2501-03698","132153324","212 NY PIZZA - GURABO","santiago","Santiago","Sin licencia","En formación","Abierto","","8097363680",""
"Establecimientos de expendio de alimentos y bebidas","Restaurantes","AB-REST-0101-03708","131907768","Starbucks-Metro Plaza","san isidro","Santo Domingo","Vigente","Activa","Abierto","2026-04-23","8097324462",""
"Establecimientos de expendio de alimentos y bebidas","Restaurantes","AB-REST-2501-03709","132284941","CBP GREEN PARK GOURMET","SANTIAGO","Santiago","Sin licencia","En formación","Abierto","","8094712020",""
"Establecimientos de expendio de alimentos y bebidas","Restaurantes","AB-REST-2501-03711","132153324","212 NY PIZZA - GURABO AL MEDIO","SANTIAGO","Santiago","Sin licencia","En formación","Abierto","","8097363680",""
"Establecimientos de expendio de alimentos y bebidas","Restaurantes","AB-REST-1801-03438","132321901","MEXICAN GRILL (antes Casa Palapa)","playa costa dorada","Puerto Plata","Sin licencia","En formación","Abierto","","8494558668",""
"Establecimientos de expendio de alimentos y bebidas","Restaurantes","AB-REST-1801-03418","132321901","BLUE PARROT","playa dorada","Puerto Plata","Sin licencia","En formación","Abierto","","8494558668",""
"Establecimientos de expendio de alimentos y bebidas","Bares","AB-BARX-0101-03757","130862402","CABINET","santiago","Santiago","Vigente","Activa","Abierto","2026-08-11","8092413899",""
"Establecimientos de expendio de alimentos y bebidas","Bares","AB-BARX-2501-03739","132000099","Galipote Afterwork","santiago","Santiago","Vencida","Inactiva","Abierto","2025-05-29","8097704640",""
"Establecimientos de expendio de alimentos y bebidas","Restaurantes","AB-REST-0101-03765","124003091","KFC - COLINA CENTRO","","Santo Domingo","En proceso","Activa","Abierto","","8093680026",""
"Establecimientos de expendio de alimentos y bebidas","Restaurantes","AB-REST-0101-03758","131907768","Starbucks (AILA)","AILA","Santo Domingo","Vigente","Activa","Abierto","2026-12-08","8097324462",""
"Establecimientos de expendio de alimentos y bebidas","Restaurantes","AB-REST-2501-03766","130387206","Sabrass","","Santiago","Sin licencia","En formación","Abierto","","8095818500",""
"Establecimientos de expendio de alimentos y bebidas","Restaurantes","AB-REST-0101-03672","101719265","MCDONALD`S - CALLE EL SOL STGO","SANTIAGO","Santiago","En proceso","Activa","Abierto","","8095334800",""
"Establecimientos de expendio de alimentos y bebidas","Bares","AB-BARX-0101-03772","132710045","Noob Bar SRL","","Distrito Nacional","Sin licencia","En formación","Abierto","","8297631189",""
"Establecimientos de expendio de alimentos y bebidas","Restaurantes","AB-REST-0101-03774","131239854","BRG BISTRO RAMBLA GRILL","","Distrito Nacional","Sin licencia","En formación","Abierto","","8093785977",""
"Establecimientos de expendio de alimentos y bebidas","Restaurantes","AB-REST-2801-03778","130653722","Restaurantes Tipico Bonao, SRL","","La Romana","Sin licencia","En formación","Abierto","","8092961101",""
"Establecimientos de expendio de alimentos y bebidas","Restaurantes","AB-REST-1601-03785","132198621","El Navío Bar And Seafood","","Pedernales","Sin licencia","En formación","Abierto","","8498836900",""
"Establecimientos de expendio de alimentos y bebidas","Cafeterías","AB-REST-0101-03671","101719265","MCDONALD`S  - GAZCUE","gazcue","Distrito Nacional","En proceso","Activa","Abierto","","8095334800",""
"Establecimientos de expendio de alimentos y bebidas","Restaurantes","AB-REST-0101-03792","101605391","Domino's Pizza- Ágora Mall","Ágora mall","Distrito Nacional","Vigente","Activa","Abierto","2027-02-05","8095634705",""
"Establecimientos de expendio de alimentos y bebidas","Restaurantes","AB-REST-0101-03794","101605391","Domino's Pizza - Megacentro","","Santo Domingo","Vigente","Activa","Abierto","2026-11-14","8095634705",""
"Establecimientos de expendio de alimentos y bebidas","Restaurantes","AB-REST-1801-03797","131655653","CASITA AZUL VICTORIAN BAR & GRILL","","Puerto Plata","Sin licencia","En formación","Abierto","","8095867181",""
"Establecimientos de expendio de alimentos y bebidas","Restaurantes","AB-REST-1101-03799","132930819","IRIE RESTAURANT & CATERING","","La Altagracia","Vigente","Activa","Abierto","2026-10-30","8097706991",""
"Establecimientos de expendio de alimentos y bebidas","Restaurantes","AB-REST-0101-03800","101605391","Domino's Pizza - Galerías 360","","Distrito Nacional","En proceso","Activa","Abierto","","8095634705",""
"Establecimientos de expendio de alimentos y bebidas","Restaurantes","AB-REST-1807-03804","130285624","HISPANIOLA DINERS CLUB","","Puerto Plata","Sin licencia","En formación","Abierto","","8095713170",""
"Establecimientos de expendio de alimentos y bebidas","Restaurantes","AB-REST-1807-03808","132813375","Wing and Waffle Sosua","SOSUA","Puerto Plata","Vigente","Activa","Abierto","2026-06-03","8098523029",""
"Establecimientos de expendio de alimentos y bebidas","Restaurantes","AB-REST-0101-03761","130268282","ALMA DE BOCA CHICA","boca chica","Santo Domingo","Sin licencia","En formación","Abierto","","8094755533",""
"Establecimientos de expendio de alimentos y bebidas","Restaurantes","AB-REST-1101-03763","132835311","LA PATRONA","PLAYA BAVARO","La Altagracia","Sin licencia","En formación","Abierto","","8297915660",""
"Establecimientos de expendio de alimentos y bebidas","Restaurantes","AB-REST-1801-03810","132585496","EL PUNTO DEL MARISCO","","Puerto Plata","Sin licencia","En formación","Abierto","","8099700278",""
"Establecimientos de expendio de alimentos y bebidas","Restaurantes","AB-REST-0101-03745","101605391","Domino's Pizza- Sector Loteria","santiago","Santiago","Vigente","Activa","Abierto","2026-09-30","8095634705",""
"Establecimientos de expendio de alimentos y bebidas","Restaurantes","AB-REST-0101-03746","101605391","Domino's Pizza - Los Jardines","los jardines metropolitanos","Santiago","Vigente","Activa","Abierto","2026-11-25","8095634705",""
"Establecimientos de expendio de alimentos y bebidas","Restaurantes","AB-REST-2501-03742","131599826","ASADERO DOÑA PULA - STGO","santiago","Santiago","Sin licencia","En formación","Abierto","","8097247475",""
"Establecimientos de expendio de alimentos y bebidas","Restaurantes","AB-REST-1807-03741","131616798","GC16STEVEN ARTESANO","playa sosua","Puerto Plata","Sin licencia","En formación","Cerrado","","8298593905",""
"Establecimientos de expendio de alimentos y bebidas","Restaurantes","AB-REST-0101-03747","101605391","Domino´s Pizza - Plaza Cars","Playa Bávaro","La Altagracia","Vencida","Inactiva","Abierto","2025-04-05","8095634705",""
"Establecimientos de expendio de alimentos y bebidas","Restaurantes","AB-REST-2501-03818","102308977","THE DECK","Santiago","Santiago","Vigente","Activa","Abierto","2026-06-06","8093823549",""
"Establecimientos de expendio de alimentos y bebidas","Restaurantes","AB-REST-0903-03822","132885661","CLARINE BEACH AND GRILL","Gaspar Hernández","Espaillat","Vigente","Activa","Abierto","2026-11-12","8293531476",""
"Establecimientos de expendio de alimentos y bebidas","Bares","AB-BARX-0101-03828","130862402","CABINET","","Distrito Nacional","Vigente","Activa","Abierto","2027-02-23","8092413899",""
"Establecimientos de expendio de alimentos y bebidas","Restaurantes","AB-REST-3204-03832","132799186","OLVOS RESTAURANT","","Santo Domingo","Sin licencia","En formación","Abierto","","8293970911",""
"Establecimientos de expendio de alimentos y bebidas","Restaurantes","AB-REST-2003-03835","132060075","O GRILL LODIS BAR-RESTAURANTE","","Samaná","Vencida","Inactiva","Abierto","2025-07-24","8092994891",""
"Establecimientos de expendio de alimentos y bebidas","Cafeterías","AB-CAFT-3201-03836","133121301","Cafeteria Diefran","","Santo Domingo","Sin licencia","En formación","Abierto","","8494084761",""
"Establecimientos de expendio de alimentos y bebidas","Restaurantes","AB-REST-0101-03837","131471226","RESTAURANTE EL ZOLA","","Distrito Nacional","En proceso","Activa","Abierto","","8095081818",""
"Establecimientos de expendio de alimentos y bebidas","Restaurantes","AB-REST-0101-03852","101605391","Domino's Pizza - Villa Duarte","","Santo Domingo","En proceso","Activa","Abierto","","8095634705",""
"Establecimientos de expendio de alimentos y bebidas","Restaurantes","AB-REST-0101-03853","101605391","Domino's Pizza - Multicentro Pto Plata","Puerto Plata","Puerto Plata","Vigente","Activa","Abierto","2026-12-12","8095634705",""
"Establecimientos de expendio de alimentos y bebidas","Restaurantes","AB-REST-1801-03854","132030869","LA BAHIA DE MARICRIS","","Puerto Plata","Sin licencia","En formación","Cerrado","","8097588207",""
"Establecimientos de expendio de alimentos y bebidas","Restaurantes","AB-REST-1303-03855","133025078","CAFETERIA LA TINAJA","","La Vega","Sin licencia","En formación","Abierto","","8095742311",""
"Establecimientos de expendio de alimentos y bebidas","Discotecas","AB-DISC-2502-03857","130417091","CABAÑA TURISTICAS LA ESMERALDA DORADA","Santiago","Santiago","Vencida","Inactiva","Cerrado","2025-10-02","8097984003",""
"Establecimientos de expendio de alimentos y bebidas","Restaurantes","AB-REST-0101-03859","101605391","Domino's Pizza - Plaza Don Pedro SFM","","Duarte","Vigente","Activa","Abierto","2027-02-24","8095634705",""
"Establecimientos de expendio de alimentos y bebidas","Restaurantes","AB-REST-1101-03860","132899105","RESTAURANTE PIZZERIA BELLA NAPOLI BAVARO","","La Altagracia","Sin licencia","En formación","Cerrado","","8095846774",""
"Establecimientos de expendio de alimentos y bebidas","Restaurantes","AB-REST-1404-03862","131255592","Terraza Laguna","","María Trinidad Sánchez","Sin licencia","En formación","Cerrado","","8293057639",""
"Establecimientos de expendio de alimentos y bebidas","Restaurantes","AB-REST-0101-03864","131471226","RESTAURANTE EL PATIO DE LAS MERCEDES","ZONA COLONIAL","Distrito Nacional","En proceso","Activa","Abierto","","8095081818",""
"Establecimientos de expendio de alimentos y bebidas","Bares","AB-BARX-0101-03865","131471226","POOL BAR LARIMAR LAS MERCEDES","","Distrito Nacional","En proceso","Activa","Abierto","","8095081818",""
"Establecimientos de expendio de alimentos y bebidas","Restaurantes","AB-REST-0101-03867","101605391","Domino's Pizza - Multicentro Baní","","Peravia","Vigente","Activa","Abierto","2027-01-28","8095634705",""
"Establecimientos de expendio de alimentos y bebidas","Restaurantes","AB-REST-1801-03869","102615217","LAS VELAS RESTAURANT","PUERTO PLATA","Puerto Plata","Vigente","Activa","Abierto","2027-02-11","8092618609",""
"Establecimientos de expendio de alimentos y bebidas","Restaurantes","AB-REST-1101-03870","130874842","RESTAURANTE PIZZERIA BELLA NAPOLI BAVARO","","La Altagracia","Sin licencia","En formación","Cerrado","","8293483538",""
"Establecimientos de expendio de alimentos y bebidas","Restaurantes","AB-REST-1302-03875","133124173","SABOR & TRAGOS RESTAURANT BAR STRB","","La Vega","Sin licencia","En formación","Cerrado","","8092853353",""
"Establecimientos de expendio de alimentos y bebidas","Cafeterías","AB-CAFT-2003-03876","132510781","Cafeteria Yarabiazuba","","Samaná","Sin licencia","En formación","Abierto","","8098205533",""
"Establecimientos de expendio de alimentos y bebidas","Restaurantes","AB-REST-1807-03881","133034336","OPERADORA DE RESTAURANTES LFPA","","Puerto Plata","Sin licencia","En formación","Abierto","","8095713024",""
"Establecimientos de expendio de alimentos y bebidas","Restaurantes","AB-REST-1807-03883","131821391","DON CRUSH","","Puerto Plata","Vigente","Activa","Abierto","2026-08-06","8293345400",""
"Establecimientos de expendio de alimentos y bebidas","Restaurantes","AB-REST-0101-03885","124003091","KFC - BÁVARO","","La Altagracia","Vigente","Activa","Abierto","2027-02-06","8093680026",""
"Establecimientos de expendio de alimentos y bebidas","Restaurantes","AB-REST-1807-03886","132780452","PIZZERIA TOSCANA MALUCCHI","","Puerto Plata","Sin licencia","En formación","Abierto","","8298858498",""
"Establecimientos de expendio de alimentos y bebidas","Restaurantes","AB-REST-0101-03890","124003091","KFC - ALMA ROSA","","Santo Domingo","En proceso","Activa","Abierto","","8093680026",""
"Establecimientos de expendio de alimentos y bebidas","Restaurantes","AB-REST-0101-03902","101605391","Domino's Pizza - Plaza Polvorín","","Santo Domingo","En proceso","Activa","Abierto","","8095634705",""
"Establecimientos de expendio de alimentos y bebidas","Restaurantes","AB-REST-0101-03904","101605391","Domino's Pizza - Multicentro La Sirena","","Espaillat","En proceso","Activa","Abierto","","8095634705",""
"Establecimientos de expendio de alimentos y bebidas","Restaurantes","AB-REST-0101-03905","101605391","Domino's Pizza - La Romana","","La Romana","Vigente","Activa","Abierto","2027-02-23","8095634705",""
"Establecimientos de expendio de alimentos y bebidas","Restaurantes","AB-REST-0101-03906","101605391","Domino's Pizza - Plaza Michelle","","La Vega","Vencida","Inactiva","Abierto","2026-01-22","8095634705",""
"Establecimientos de expendio de alimentos y bebidas","Restaurantes","AB-REST-0101-03907","101605391","Domino´s Pizza - Plaza Saint Michelle","EL MILLÒN","Distrito Nacional","En proceso","Activa","Abierto","","8095634705",""
"Establecimientos de expendio de alimentos y bebidas","Restaurantes","AB-REST-0101-03908","101605391","Domino's Pizza - Plaza Shantell","","Santo Domingo","En proceso","Activa","Abierto","","8095634705",""
"Establecimientos de expendio de alimentos y bebidas","Restaurantes","AB-REST-0101-03909","101605391","Domino´s Pizza - Ciudad Satélite","CIUDAD SATELITE","Santo Domingo","En proceso","Activa","Abierto","","8095634705",""
"Establecimientos de expendio de alimentos y bebidas","Restaurantes","AB-REST-0101-03910","101605391","Domino's Pizza - Multicentro SFM","","Duarte","Incompleta","Inactiva","Abierto","","8095634705",""
"Establecimientos de expendio de alimentos y bebidas","Restaurantes","AB-REST-0101-03903","101605391","Domino's Pizza - SPM","","San Pedro de Macorís","En proceso","Activa","Abierto","","8095634705",""
"Establecimientos de expendio de alimentos y bebidas","Restaurantes","AB-REST-1807-03917","131927432","Drifter","","Puerto Plata","Sin licencia","En formación","Abierto","","8098808779",""
"Establecimientos de expendio de alimentos y bebidas","Bares","AB-BARX-1101-03921","132869631","MONKEYCLUB PISCINA DISCOTECA BAR LOUNGE","","La Altagracia","Vencida","Inactiva","Abierto","2025-10-23","8093536388",""
"Establecimientos de expendio de alimentos y bebidas","Restaurantes","AB-REST-2001-03922","130500401","RESTAURANTE CAROBA","Samana","Samaná","Vigente","Activa","Abierto","2026-11-27","8097320099",""
"Establecimientos de expendio de alimentos y bebidas","Restaurantes","AB-REST-1101-03923","133199696","BEACHCOCO MAR PUNTA CANA","","La Altagracia","Vencida","Inactiva","Cerrado","2025-10-28","8093536388",""
"Establecimientos de expendio de alimentos y bebidas","Restaurantes","AB-REST-0101-03925","101605391","Domino´s Pizza - Next Canabacoa","SANTIAGO","Santiago","Vigente","Activa","Abierto","2027-03-03","8095634705",""
"Establecimientos de expendio de alimentos y bebidas","Bares","AB-BARX-1807-03926","105031744","LA COSITA DEL MOJITO","","Puerto Plata","Sin licencia","En formación","Abierto","","8098604014",""
"Establecimientos de expendio de alimentos y bebidas","Restaurantes","AB-REST-1101-03929","133034982","TERRA NEGRA","Bávaro","La Altagracia","Vigente","Activa","Abierto","2026-09-12","8494601512",""
"Establecimientos de expendio de alimentos y bebidas","Restaurantes","AB-REST-0101-03934","132904621","Allure Bistro Cafe","","Distrito Nacional","Sin licencia","En formación","Cerrado","","8094120978",""
"Establecimientos de expendio de alimentos y bebidas","Restaurantes","AB-REST-1807-03935","131948162","MISTER F & F","","Puerto Plata","Sin licencia","En formación","Abierto","","8095713399",""
"Establecimientos de expendio de alimentos y bebidas","Restaurantes","AB-REST-0101-03941","133106183","CALLEJEROS PRIME RD","","Distrito Nacional","Vencida","Inactiva","Cerrado","2025-11-28","8094874972",""
"Establecimientos de expendio de alimentos y bebidas","Restaurantes","AB-REST-1808-03943","131344242","PUNTA RUCIA BLUE ISLAND-PRBI″,","","Puerto Plata","Vigente","Activa","Abierto","2026-03-25","8093992927",""
"Establecimientos de expendio de alimentos y bebidas","Restaurantes","AB-REST-2801-03944","131097952","REPOSTERIA MIGUELINA","","Monseñor Nouel","Sin licencia","En formación","Abierto","","8092966105",""
"Establecimientos de expendio de alimentos y bebidas","Restaurantes","AB-REST-2501-03945","131411398","Paellas Mar & Fuego","","Santiago","Sin licencia","En formación","Abierto","","8097364488",""
"Establecimientos de expendio de alimentos y bebidas","Restaurantes","AB-REST-0101-03670","131185381","LA CATRINA","Bella vista","Distrito Nacional","Sin licencia","En formación","Abierto","","8093782387",""
"Establecimientos de expendio de alimentos y bebidas","Restaurantes","AB-REST-0101-03946","131185381","LA CATRINA","","Distrito Nacional","Sin licencia","En formación","Abierto","","8093782387",""
"Establecimientos de expendio de alimentos y bebidas","Restaurantes","AB-REST-0101-03947","131157491","MANEKI NEKO","","Distrito Nacional","Sin licencia","En formación","Abierto","","8093782387",""
"Establecimientos de expendio de alimentos y bebidas","Restaurantes","AB-REST-0101-03954","132522885","LARIMAR","","Distrito Nacional","Sin licencia","En formación","Abierto","","8096926567",""
"Establecimientos de expendio de alimentos y bebidas","Restaurantes","AB-REST-0101-03956","101605391","Domino's Pizza - Texaco La Pista","","Santo Domingo","Incompleta","Inactiva","Abierto","","8095634705",""
"Establecimientos de expendio de alimentos y bebidas","Restaurantes","AB-REST-0101-03957","101605391","Domino's Pizza - Plaza Austriana","","Distrito Nacional","Incompleta","Inactiva","Abierto","","8095634705",""
"Establecimientos de expendio de alimentos y bebidas","Heladerías","AB-HELA-0101-03958","101627336","B 31 R BASKIN ROBBINS","","Distrito Nacional","Sin licencia","En formación","Abierto","","8093343131",""
"Establecimientos de expendio de alimentos y bebidas","Restaurantes","AB-REST-0101-03959","131341136","Little Caersars Pizza","","La Romana","Sin licencia","En formación","Abierto","","8098898591",""
"Establecimientos de expendio de alimentos y bebidas","Restaurantes","AB-REST-0101-03960","132943988","LA NETA","","Distrito Nacional","En proceso","Activa","Abierto","","8095422929",""
"Establecimientos de expendio de alimentos y bebidas","Bares","AB-BARX-1807-03961","105022478","VOYVOY RESTAURANT & BAR","","Puerto Plata","Vigente","Activa","Abierto","2026-06-25","8095710805",""
"Establecimientos de expendio de alimentos y bebidas","Restaurantes","AB-REST-0101-03962","101605391","Domino's Pizza - Plaza Barlovento","","Santo Domingo","Incompleta","Inactiva","Abierto","","8095634705",""
"Establecimientos de expendio de alimentos y bebidas","Restaurantes","AB-REST-0101-03963","101605391","Domino's Pizza - Plaza El Dorado","","Santo Domingo","Incompleta","Inactiva","Abierto","","8095634705",""
"Establecimientos de expendio de alimentos y bebidas","Restaurantes","AB-REST-0101-03964","131981267","Caruso Pizza Su Misura","","Distrito Nacional","Sin licencia","En formación","Abierto","","8299181181",""
"Establecimientos de expendio de alimentos y bebidas","Restaurantes","AB-REST-2501-03679","130777128","SCORY CAFÉ RESTAURANT","LOS JARDINES","Santiago","Vigente","Activa","Abierto","2026-08-13","8095874608",""
"Establecimientos de expendio de alimentos y bebidas","Restaurantes","AB-REST-0101-03976","132665759","Neón Izakaya","","Distrito Nacional","Sin licencia","En formación","Abierto","","8299181181",""
"Establecimientos de expendio de alimentos y bebidas","Restaurantes","AB-REST-0101-03977","132408373","BAMBINOS GRILL","","San Pedro de Macorís","Vencida","Inactiva","Abierto","2026-02-19","8094139635",""
"Establecimientos de expendio de alimentos y bebidas","Restaurantes","AB-REST-2306-03978","132869265","LA CALABRESE COMPANY","","San Pedro de Macorís","Sin licencia","En formación","Abierto","","8095291733",""
"Establecimientos de expendio de alimentos y bebidas","Discotecas","AB-DISC-0101-03982","133198657","Flowroom Discotec RD","","Distrito Nacional","Vencida","Inactiva","Cerrado","2025-11-18","8493537083",""
"Establecimientos de expendio de alimentos y bebidas","Restaurantes","AB-REST-1801-03984","132640233","DIA Y NOCHE RESTAURANT PUERTO PLATA","","Puerto Plata","Vigente","Activa","Abierto","2026-07-10","8094404199",""
"Establecimientos de expendio de alimentos y bebidas","Restaurantes","AB-REST-0101-03985","132429303","O.Livia Osteria","","Distrito Nacional","En proceso","Activa","Abierto","","8098092234",""
"Establecimientos de expendio de alimentos y bebidas","Discotecas","AB-DISC-1203-03989","130906963","VACCA LOUNGE VIP HS","","La Romana","Vencida","Inactiva","Abierto","2025-12-11","8095200312",""
"Establecimientos de expendio de alimentos y bebidas","Cafeterías","AB-CAFT-3203-03992","132546253","BARRA JUNIOR PAYAN - JACOBO MAJLUTA","","Santo Domingo","Sin licencia","En formación","Abierto","","8492063234",""
"Establecimientos de expendio de alimentos y bebidas","Restaurantes","AB-REST-0101-03993","131907768","Starbucks","","Distrito Nacional","Vencida","Inactiva","Abierto","2026-02-13","8097324462",""
"Establecimientos de expendio de alimentos y bebidas","Restaurantes","AB-REST-1807-03994","133057956","THE KING FOOD PARK","","Puerto Plata","Sin licencia","En formación","Cerrado","","8099621120",""
"Establecimientos de expendio de alimentos y bebidas","Restaurantes","AB-REST-2501-03996","131746799","ESPINAK CAFE & BISTRO","","Santiago","Sin licencia","En formación","Abierto","","8098062631",""
"Establecimientos de expendio de alimentos y bebidas","Restaurantes","AB-REST-2501-03997","130727651","Parador Chito","","Santiago","Sin licencia","En formación","Abierto","","8095800101",""
"Establecimientos de expendio de alimentos y bebidas","Restaurantes","AB-REST-0101-04011","101069392","Pizzarelli - Bávaro","","La Altagracia","Vencida","Inactiva","Abierto","2021-12-19","8092747492",""
"Establecimientos de expendio de alimentos y bebidas","Cafeterías","AB-CAFT-1801-04012","130573311","Heladeria Mariposa","","Puerto Plata","Sin licencia","En formación","Abierto","","8099701785",""
"Establecimientos de expendio de alimentos y bebidas","Restaurantes","AB-REST-0101-04014","101605391","Domino's Pizza - El Embrujo III","santiago","Santiago","Incompleta","Inactiva","Abierto","","8095634705",""
"Establecimientos de expendio de alimentos y bebidas","Restaurantes","AB-REST-0101-04015","101605391","Domino's Pizza- Ensanche Ozama","","Santo Domingo","Incompleta","Inactiva","Abierto","","8095634705",""
"Establecimientos de expendio de alimentos y bebidas","Restaurantes","AB-REST-0101-04016","101605391","Domino's Pizza - Gazcue","","Distrito Nacional","Incompleta","Inactiva","Abierto","","8095634705",""
"Establecimientos de expendio de alimentos y bebidas","Restaurantes","AB-REST-0101-04017","101605391","Domino's Pizza - Plaza Paola","","Santo Domingo","Vigente","Activa","Abierto","2026-04-16","8095634705",""
"Establecimientos de expendio de alimentos y bebidas","Restaurantes","AB-REST-1801-04018","131945422","VICTROLA 037 ART BAR","","Puerto Plata","Sin licencia","En formación","Abierto","","8492464002",""
"Establecimientos de expendio de alimentos y bebidas","Restaurantes","AB-REST-1303-04019","130689326","PIZZA & PEPPERONI","","La Vega","Vencida","Inactiva","Abierto","2025-12-17","8095744079",""
"Establecimientos de expendio de alimentos y bebidas","Restaurantes","AB-REST-0101-04021","124003091","KFC - LAS COLINAS STGO","","Santiago","Vencida","Inactiva","Abierto","2025-12-17","8093680026",""
"Establecimientos de expendio de alimentos y bebidas","Restaurantes","AB-REST-0101-04024","131907768","Starbucks -Piantini","","Distrito Nacional","Vencida","Inactiva","Abierto","2026-02-13","8097324462",""
"Establecimientos de expendio de alimentos y bebidas","Restaurantes","AB-REST-0101-04027","132000382","La Costa Pool Bar & Cocina","","María Trinidad Sánchez","Incompleta","Inactiva","Cerrado","","8096839111",""
"Establecimientos de expendio de alimentos y bebidas","Restaurantes","AB-REST-0101-04029","131732682","Flor de Cafe","","Distrito Nacional","Vencida","Inactiva","Abierto","2026-02-04","8098099159",""
"Establecimientos de expendio de alimentos y bebidas","Restaurantes","AB-REST-1102-04031","131351867","MG BLUEE CAFE, COCINA & BAR","","La Altagracia","Sin licencia","En formación","Abierto","","8095920925",""
"Establecimientos de expendio de alimentos y bebidas","Restaurantes","AB-REST-1302-04035","133135892","A Punto de Nieve","","La Vega","Sin licencia","En formación","Cerrado","","8095393645",""
"Establecimientos de expendio de alimentos y bebidas","Restaurantes","AB-REST-2501-04036","132415442","IL PASTICCIO","","Santiago","Sin licencia","En formación","Abierto","","8098061277",""
"Establecimientos de expendio de alimentos y bebidas","Restaurantes","AB-REST-2501-04037","131972888","LA DESAYUNERIA","","Santiago","Vigente","Activa","Abierto","2026-07-23","8096262535",""
"Establecimientos de expendio de alimentos y bebidas","Restaurantes","AB-REST-1302-04038","130247872","FLORENCIA COMIDAS DEL MUNDO","","La Vega","Sin licencia","En formación","Abierto","","8299147556",""
"Establecimientos de expendio de alimentos y bebidas","Restaurantes","AB-REST-2501-04039","102321957","PIZZERIA LA ANTILLANA","","Santiago","Vigente","Activa","Abierto","2026-05-28","8095834828",""
"Establecimientos de expendio de alimentos y bebidas","Bares","AB-BARX-2501-04040","132141075","La Bodeguita de Neno","","Santiago","Sin licencia","En formación","Abierto","","8092474211",""
"Establecimientos de expendio de alimentos y bebidas","Restaurantes","AB-REST-0101-04041","101719265","MCDONALD`S - MEGACENTRO","cancino","Santo Domingo","Vigente","Activa","Abierto","2026-04-08","8095334800",""
"Establecimientos de expendio de alimentos y bebidas","Restaurantes","AB-REST-0101-04042","101719265","MCDONALD`S - URB BUENAVENTURA PTO PLATA","","Puerto Plata","Sin licencia","En formación","Abierto","","8095334800",""
"Establecimientos de expendio de alimentos y bebidas","Restaurantes","AB-REST-0101-04043","101719265","MCDONALD`S - URB ANDÚJAR SFM","","Duarte","Sin licencia","En formación","Abierto","","8095334800",""
"Establecimientos de expendio de alimentos y bebidas","Restaurantes","AB-REST-0101-04044","101719265","MCDONALD`S -  EL PORTAL STGO","","Santiago","Sin licencia","En formación","Abierto","","8095334800",""
"Establecimientos de expendio de alimentos y bebidas","Bares","AB-BARX-2501-04045","132235266","BLUE DIAMOND","","Santiago","Sin licencia","En formación","Abierto","","8095700351",""
"Establecimientos de expendio de alimentos y bebidas","Restaurantes","AB-REST-2501-04047","132383184","Muu Meat & Grill","","Santiago","Sin licencia","En formación","Abierto","","8092842050",""
"Establecimientos de expendio de alimentos y bebidas","Restaurantes","AB-REST-2501-04052","131931855","NASCER DO SOL GROUP","","Santiago","Sin licencia","En formación","Abierto","","8094899054",""
"Establecimientos de expendio de alimentos y bebidas","Restaurantes","AB-REST-2501-04053","131772587","Bolelos Corner","","Santiago","Vigente","Activa","Abierto","2026-08-01","8097345452",""
"Establecimientos de expendio de alimentos y bebidas","Restaurantes","AB-REST-1201-04055","130146421","Tracadero Restaurante","BAYAHIBE","La Altagracia","En proceso","Activa","Abierto","","8098330626",""
"Establecimientos de expendio de alimentos y bebidas","Restaurantes","AB-REST-2501-04058","131931855","PORK AND BEER CULTURE","","Santiago","Sin licencia","En formación","Abierto","","8094899054",""
"Establecimientos de expendio de alimentos y bebidas","Restaurantes","AB-REST-2501-04062","132653742","PA’STELLA","santiago","Santiago","Vigente","Activa","Abierto","2026-03-14","8095808575",""
"Establecimientos de expendio de alimentos y bebidas","Restaurantes","AB-REST-1301-04064","132219491","LA CARRETERA PARADOR","","La Vega","Vigente","Activa","Abierto","2026-03-14","8095739898",""
"Establecimientos de expendio de alimentos y bebidas","Bares","AB-BARX-1101-04065","133110911","Cielo Beach Club","","La Altagracia","Sin licencia","En formación","Cerrado","","8294620200",""
"Establecimientos de expendio de alimentos y bebidas","Restaurantes","AB-REST-0101-04067","132769104","SVRVH","","Distrito Nacional","Vencida","Inactiva","Abierto","2026-02-21","8094877819",""
"Establecimientos de expendio de alimentos y bebidas","Bares","AB-BARX-3205-04068","133265044","EL PATRON VIP CENTRO DE BEBIDAS Y BILLAR CH","","Santo Domingo","Sin licencia","En formación","Cerrado","","8292733577",""
"Establecimientos de expendio de alimentos y bebidas","Restaurantes","AB-REST-2501-04072","130851743","AHÍ BAR CAFÉ (II)","","Santiago","Sin licencia","En formación","Abierto","","8095814461",""
"Establecimientos de expendio de alimentos y bebidas","Restaurantes","AB-REST-1101-04074","133102625","CHRS; FOOD & BEACH","","La Altagracia","Incompleta","Inactiva","Cerrado","","8293417284",""
"Establecimientos de expendio de alimentos y bebidas","Restaurantes","AB-REST-0101-04076","131907768","Starbucks","","La Romana","Vencida","Inactiva","Abierto","2026-02-28","8097324462",""
"Establecimientos de expendio de alimentos y bebidas","Restaurantes","AB-REST-0101-04081","132505182","MCDONALD`S - LAS COLINAS STGO","","Santiago","Sin licencia","En formación","Abierto","","8095334800",""
"Establecimientos de expendio de alimentos y bebidas","Restaurantes","AB-REST-0101-04082","132505182","MCDONALD`S - REPARTO ILUSIÓN","","Santiago","Sin licencia","En formación","Abierto","","8095334800",""
"Establecimientos de expendio de alimentos y bebidas","Restaurantes","AB-REST-0101-04083","131616046","HOTEL SANTIAGO","","Santiago","Vigente","Activa","Abierto","2026-04-10","8095626100",""
"Establecimientos de expendio de alimentos y bebidas","Restaurantes","AB-REST-1807-04085","132905911","TIKI WIKI CORNER RESTAURANT AND BAR","","Puerto Plata","Sin licencia","En formación","Abierto","","8095711105",""
"Establecimientos de expendio de alimentos y bebidas","Restaurantes","AB-REST-1701-04086","132301544","RESTAURANTE LA CASONA","","Peravia","Sin licencia","En formación","Abierto","","8095223283",""
"Establecimientos de expendio de alimentos y bebidas","Restaurantes","AB-REST-0101-04090","132505182","MCDONALD`S - LA ESPERANZA SDE","","Santo Domingo","Sin licencia","En formación","Abierto","","8095334800",""
"Establecimientos de expendio de alimentos y bebidas","Restaurantes","AB-REST-0101-04091","131341136","Little Caesars Pizza - Moca","","Espaillat","Sin licencia","En formación","Abierto","","8098898591",""
"Establecimientos de expendio de alimentos y bebidas","Restaurantes","AB-REST-0101-04092","131341136","Little Caesars Pizza - Baní","","Peravia","Sin licencia","En formación","Abierto","","8098898591",""
"Establecimientos de expendio de alimentos y bebidas","Bares","AB-BARX-0101-04093","131616046","ARTURO FUENTE","","Santiago","Vigente","Activa","Abierto","2026-05-28","8095626100",""
"Establecimientos de expendio de alimentos y bebidas","Bares","AB-BARX-2003-04094","131103482","Moustique","","Samaná","Sin licencia","En formación","Abierto","","8099937994",""
"Establecimientos de expendio de alimentos y bebidas","Coffee shop","AB-COSH-1701-04099","131896391","KON CAFE","","Peravia","Sin licencia","En formación","Abierto","","8095225363",""
"Establecimientos de expendio de alimentos y bebidas","Restaurantes","AB-REST-0101-04105","101605391","Domino's Pizza - San Cristobal","","San Cristóbal","Incompleta","Inactiva","Abierto","","8095634705",""
"Establecimientos de expendio de alimentos y bebidas","Restaurantes","AB-REST-0101-04106","131907768","Starbucks","","Distrito Nacional","Vencida","Inactiva","Abierto","2026-02-20","8097324462",""
"Establecimientos de expendio de alimentos y bebidas","Restaurantes","AB-REST-0101-04107","132217241","LA CURADIÑA HOTEL SURF RETREAT","","Puerto Plata","Vencida","Inactiva","Abierto","2026-02-25","8495174046",""
"Establecimientos de expendio de alimentos y bebidas","Restaurantes","AB-REST-0101-04108","101605391","Domino's Pizza - Plaza El Encanto","","Barahona","Vigente","Activa","Abierto","2026-06-12","8095634705",""
"Establecimientos de expendio de alimentos y bebidas","Restaurantes","AB-REST-0101-04112","133152691","La Estrofa","","Distrito Nacional","Vigente","Activa","Cerrado","2026-04-09","8292046634",""
"Establecimientos de expendio de alimentos y bebidas","Restaurantes","AB-REST-0101-04121","133160633","CASARRE","","Distrito Nacional","Sin licencia","En formación","Cerrado","","8096106375",""
"Establecimientos de expendio de alimentos y bebidas","Restaurantes","AB-REST-2501-04122","131599826","ASADERO DOÑA PULA - SD","las americas","Santo Domingo","Vigente","Activa","Abierto","2026-04-09","8097247475",""
"Establecimientos de expendio de alimentos y bebidas","Restaurantes","AB-REST-3201-04125","130968128","Puerto 88 Restaurant","","Santo Domingo","Sin licencia","En formación","Cerrado","","8293053008",""
"Establecimientos de expendio de alimentos y bebidas","Bares","AB-BARX-1807-04127","132026782","KOSMOSBLUE ICE PIANO BAR","","Puerto Plata","Vigente","Activa","Abierto","2026-04-28","8297977856",""
"Establecimientos de expendio de alimentos y bebidas","Restaurantes","AB-REST-1101-04130","132834879","Santa Mulata restaurant & Bar","","La Altagracia","Vigente","Activa","Abierto","2027-02-16","8295706093",""
"Establecimientos de expendio de alimentos y bebidas","Restaurantes","AB-REST-1101-04131","132073924","Mixology","","La Altagracia","Sin licencia","En formación","Abierto","","8295706093",""
"Establecimientos de expendio de alimentos y bebidas","Cafeterías","AB-CAFT-2501-04133","402064459","Centro Cultural Eduardo León Jimenes","","Santiago","Sin licencia","En formación","Abierto","","8095822315",""
"Establecimientos de expendio de alimentos y bebidas","Restaurantes","AB-REST-1801-04139","133235919","SAMBALU LATIN  EATERY","Puerto Plata","Puerto Plata","Vigente","Activa","Cerrado","2027-02-25","8099594771",""
"Establecimientos de expendio de alimentos y bebidas","Restaurantes","AB-REST-2501-04144","131599826","ASADERO DOÑA PULA","","La Altagracia","Sin licencia","En formación","Abierto","","8097247475",""
"Establecimientos de expendio de alimentos y bebidas","Restaurantes","AB-REST-0101-04145","130462046","AON","PIANTINI","Distrito Nacional","Vigente","Activa","Abierto","2026-07-18","8096836647",""
"Establecimientos de expendio de alimentos y bebidas","Bares","AB-BARX-0101-04146","130462046","Dúho Lobby Bar","","Distrito Nacional","Vigente","Activa","Abierto","2026-07-15","8096836647",""
"Establecimientos de expendio de alimentos y bebidas","Coffee shop","AB-COSH-0101-04147","130462046","Café Caobana","","Distrito Nacional","Vigente","Activa","Abierto","2026-07-29","8096836647",""
"Establecimientos de expendio de alimentos y bebidas","Bares","AB-BARX-0101-04148","130462046","Burble Rooftop Bar","Piantini","Distrito Nacional","Vigente","Activa","Abierto","2026-07-15","8096836647",""
"Establecimientos de expendio de alimentos y bebidas","Restaurantes","AB-REST-1101-04155","133270684","WOWZER BRUNCH Y COFFEE","HIGUEY","La Altagracia","Vigente","Activa","Cerrado","2026-11-19","8094540609",""
"Establecimientos de expendio de alimentos y bebidas","Restaurantes","AB-REST-0101-04158","130751366","YAO","","Santo Domingo","En proceso","Activa","Abierto","","8095353690",""
"Establecimientos de expendio de alimentos y bebidas","Restaurantes","AB-REST-0101-04160","130751366","YAO","","Distrito Nacional","Vigente","Activa","Abierto","2026-05-08","8095353690",""
"Establecimientos de expendio de alimentos y bebidas","Restaurantes","AB-REST-1101-04162","130977879","PUNTO ITALIA","","La Altagracia","Sin licencia","En formación","Abierto","","8099070943",""
"Establecimientos de expendio de alimentos y bebidas","Restaurantes","AB-REST-1101-04165","132929349","THE TAP ROOM","punta cana","La Altagracia","Vigente","Activa","Abierto","2026-11-18","8293802754",""
"Establecimientos de expendio de alimentos y bebidas","Restaurantes","AB-REST-0101-04166","130751366","YAO","","Distrito Nacional","En proceso","Activa","Abierto","","8095353690",""
"Establecimientos de expendio de alimentos y bebidas","Restaurantes","AB-REST-1101-04168","132785657","CABANNA","","La Altagracia","Sin licencia","En formación","Cerrado","","8498492859",""
"Establecimientos de expendio de alimentos y bebidas","Restaurantes","AB-REST-2003-04169","131103482","MOUSTIQUE","","Samaná","En proceso","Activa","Abierto","","8099937994",""
"Establecimientos de expendio de alimentos y bebidas","Bares","AB-BARX-0101-04171","131623336","Knights Bar","","Distrito Nacional","Sin licencia","En formación","Cerrado","","8096885152",""
"Establecimientos de expendio de alimentos y bebidas","Restaurantes","AB-REST-1807-04178","130242569","EL ENCUENTRO SURF L","Sosua","Puerto Plata","Vigente","Activa","Abierto","2026-06-10","8493533755",""
"Establecimientos de expendio de alimentos y bebidas","Restaurantes","AB-REST-3204-04184","131741411","THE BOAT HOUSE","","Santo Domingo","Sin licencia","En formación","Abierto","","8093308262",""
"Establecimientos de expendio de alimentos y bebidas","Restaurantes","AB-REST-0101-04192","101658347","TACO BELL FRIUSA","","La Altagracia","Sin licencia","En formación","Abierto","","8097352355",""
"Establecimientos de expendio de alimentos y bebidas","Restaurantes","AB-REST-1101-04191","132715861","L´Aceretta Eatery","BAVARO","La Altagracia","Sin licencia","En formación","Abierto","","8093835857",""
"Establecimientos de expendio de alimentos y bebidas","Restaurantes","AB-REST-0101-04195","101658347","TACO BELL","","La Altagracia","Sin licencia","En formación","Abierto","","8097352355",""
"Establecimientos de expendio de alimentos y bebidas","Restaurantes","AB-REST-2003-04197","132105877","STEWART EL EDEN BEACH CLUB","","Samaná","Incompleta","Inactiva","Abierto","","8097100710",""
"Establecimientos de expendio de alimentos y bebidas","Restaurantes","AB-REST-1301-04199","131704158","Lunbar Tapas y Tragos","","La Vega","Sin licencia","En formación","Abierto","","8095732538",""
"Establecimientos de expendio de alimentos y bebidas","Restaurantes","AB-REST-1301-04201","130326959","Lite Lounge Restaurant","","La Vega","Vigente","Activa","Cerrado","2026-09-05","8095738400",""
"Establecimientos de expendio de alimentos y bebidas","Restaurantes","AB-REST-2501-04206","132074874","RECANTO LOS CHURRASQUEIRO","","Santiago","Vigente","Activa","Abierto","2026-07-23","8496518641",""
"Establecimientos de expendio de alimentos y bebidas","Restaurantes","AB-REST-1301-04352","130306291","Restaurant El Zaguán","","La Vega","Sin licencia","En formación","Abierto","","8095735508",""
"Establecimientos de expendio de alimentos y bebidas","Restaurantes","AB-REST-2003-04354","131839894","Hotel y restaurante Casa Grande","","Samaná","Sin licencia","En formación","Abierto","","8093509875",""
"Establecimientos de expendio de alimentos y bebidas","Cafeterías","AB-CAFT-0101-04358","130828113","INVERSIONES BA AR","","Distrito Nacional","Sin licencia","En formación","Abierto","","8294708263",""
"Establecimientos de expendio de alimentos y bebidas","Restaurantes","AB-REST-0101-04360","124003091","KFC","","La Vega","Vigente","Activa","Abierto","2026-06-17","8093680026",""
"Establecimientos de expendio de alimentos y bebidas","Otros, especifique","AB-OTRO-0101-04362","132094158","The Vape Market RD","","Distrito Nacional","Sin licencia","En formación","Abierto","","8094720878",""
"Establecimientos de expendio de alimentos y bebidas","Heladerías","AB-HELA-0101-04363","101627336","HELADOM","","La Altagracia","Sin licencia","En formación","Abierto","","8093343131",""
"Establecimientos de expendio de alimentos y bebidas","Restaurantes","AB-REST-1807-04364","132437306","A.S COPA CABANA","","Puerto Plata","Sin licencia","En formación","Abierto","","8095711894",""
"Establecimientos de expendio de alimentos y bebidas","Bares","AB-BARX-0101-04367","131671373","La Barra Sport Bar","","Distrito Nacional","Sin licencia","En formación","Abierto","","8098855663",""
"Establecimientos de expendio de alimentos y bebidas","Restaurantes","AB-REST-0101-04373","130402061","YOKOMO","","La Altagracia","Sin licencia","En formación","Abierto","","8295372411",""
"Establecimientos de expendio de alimentos y bebidas","Restaurantes","AB-REST-1809-04376","133160374","BOLLYWOOD BLISS","sosua","Puerto Plata","Sin licencia","En formación","Cerrado","","8095865535",""
"Establecimientos de expendio de alimentos y bebidas","Restaurantes","AB-REST-2303-04379","130483507","TASTEE PLAYA NUEVA ROMANA","La Romana","San Pedro de Macorís","Vigente","Activa","Cerrado","2026-07-21","8095471654",""
"Establecimientos de expendio de alimentos y bebidas","Discotecas","AB-DISC-1801-04380","133228922","CLUBBER DANCE CLUB","","Puerto Plata","En proceso","Activa","Cerrado","","8098816770",""
"Establecimientos de expendio de alimentos y bebidas","Discotecas","AB-DISC-2501-04387","131350836","LAZOTEA AFTERWORK","","Santiago","Sin licencia","En formación","Abierto","","8297961496",""
"Establecimientos de expendio de alimentos y bebidas","Restaurantes","AB-REST-2501-04388","132383184","MUU MEAT & GRILL","","Santiago","Sin licencia","En formación","Abierto","","8092842050",""
"Establecimientos de expendio de alimentos y bebidas","Restaurantes","AB-REST-2501-04389","132383184","MUU MEAT & GRILL","","Santiago","Sin licencia","En formación","Abierto","","8092842051",""
"Establecimientos de expendio de alimentos y bebidas","Restaurantes","AB-REST-1102-04399","131893147","LA TIENDITA BY ABS","","La Altagracia","Sin licencia","En formación","Abierto","","8094551822",""
"Establecimientos de expendio de alimentos y bebidas","Bares","AB-BARX-0501-04400","132047125","HOTEL BONANZA","","Dajabón","Sin licencia","En formación","Abierto","","8095798108",""
"Establecimientos de expendio de alimentos y bebidas","Cafeterías","AB-CAFT-1801-04401","132748239","CAFE CMV","Santiago","Santiago","Vigente","Activa","Abierto","2026-07-24","8092618609",""
"Establecimientos de expendio de alimentos y bebidas","Cafeterías","AB-CAFT-1801-04402","132748239","CAFE CMV","puerto plata","Puerto Plata","Vigente","Activa","Abierto","2026-06-25","8092618609",""
"Establecimientos de expendio de alimentos y bebidas","Restaurantes","AB-REST-0101-04403","131341136","Little Caesars Pizza","","Sánchez Ramírez","Sin licencia","En formación","Abierto","","8098898591",""
"Establecimientos de expendio de alimentos y bebidas","Restaurantes","AB-REST-0101-04404","131341136","Little Caesars Pizza","","La Vega","Sin licencia","En formación","Abierto","","8098898591",""
"Establecimientos de expendio de alimentos y bebidas","Restaurantes","AB-REST-1601-04412","132560396","369 LOUNGE","","Pedernales","Sin licencia","En formación","Abierto","","8097561697",""
"Establecimientos de expendio de alimentos y bebidas","Restaurantes","AB-REST-1303-04416","132690338","Balcón by Adin Langille Restaurant & Lounge","","La Vega","Sin licencia","En formación","Abierto","","8293161289",""
"Establecimientos de expendio de alimentos y bebidas","Foodtruck","AB-FOTR-1101-04419","132899342","Smash Brothers","","La Altagracia","Sin licencia","En formación","Abierto","","8099667174",""
"Establecimientos de expendio de alimentos y bebidas","Restaurantes","AB-REST-1201-04421","131383807","UMAMI CHINOIS","LA ROMANA","La Romana","Sin licencia","En formación","Abierto","","8095505977",""
"Establecimientos de expendio de alimentos y bebidas","Restaurantes","AB-REST-1101-04422","130527261","DOMINICAN TAINO PARK, DOMITAI PARK","","La Altagracia","Vigente","Activa","Abierto","2026-07-10","8292549434",""
"Establecimientos de expendio de alimentos y bebidas","Cafeterías","AB-CAFT-1101-04430","131310613","OCEAN LEADER","","La Altagracia","Sin licencia","En formación","Cerrado","","8297958074",""
"Establecimientos de expendio de alimentos y bebidas","Restaurantes","AB-REST-1807-04432","131466062","VAGAMUNDO COFFEE AND WAFFLES","","Puerto Plata","Vigente","Activa","Abierto","2027-01-07","8095713633",""
"Establecimientos de expendio de alimentos y bebidas","Restaurantes","AB-REST-0101-04431","133379473","The Green Room","","Distrito Nacional","Sin licencia","En formación","Cerrado","","8093152943",""
"Establecimientos de expendio de alimentos y bebidas","Bares","AB-BARX-2306-04434","133280442","365 SPORTS BAR","Juan Dolio","San Pedro de Macorís","Vigente","Activa","Cerrado","2026-09-12","8095261918",""
"Establecimientos de expendio de alimentos y bebidas","Restaurantes","AB-REST-0101-04438","132460022","Platos Food Services","","Distrito Nacional","Sin licencia","En formación","Abierto","","8095210153",""
"Establecimientos de expendio de alimentos y bebidas","Restaurantes","AB-REST-1807-04439","131099998","Sabor y Tradicion ADSP","","Puerto Plata","Sin licencia","En formación","Abierto","","8098297051",""
"Establecimientos de expendio de alimentos y bebidas","Bares","AB-BARX-0501-04448","130389284","Café Beller","","Dajabón","Sin licencia","En formación","Cerrado","","8095798225",""
"Establecimientos de expendio de alimentos y bebidas","Bares","AB-BARX-1101-04449","133339902","ROXXY NIGHT LIFE","","La Altagracia","Vigente","Activa","Cerrado","2026-11-03","8093536388",""
"Establecimientos de expendio de alimentos y bebidas","Restaurantes","AB-REST-1301-04450","131896537","OHLALA COFFE & BISTROBAR","La Vega","La Vega","Vigente","Activa","Abierto","2027-01-12","8092134903",""
"Establecimientos de expendio de alimentos y bebidas","Cafeterías","AB-CAFT-1201-04452","131484603","COCKTAIL LIVE","","La Romana","Sin licencia","En formación","Abierto","","8494739745",""
"Establecimientos de expendio de alimentos y bebidas","Restaurantes","AB-REST-1801-04454","132502762","TOSTACOS","","Puerto Plata","Vigente","Activa","Abierto","2027-02-10","8092241198",""
"Establecimientos de expendio de alimentos y bebidas","Restaurantes","AB-REST-1101-04461","130527261","NISIBON EXPLORER RIVER RANCH RP","","La Altagracia","Vigente","Activa","Abierto","2026-09-04","8292549434",""
"Establecimientos de expendio de alimentos y bebidas","Restaurantes","AB-REST-0101-04467","101605391","Domino's Pizza","","Santiago","Vigente","Activa","Abierto","2026-09-05","8095634705",""
"Establecimientos de expendio de alimentos y bebidas","Restaurantes","AB-REST-1807-04482","133248638","ARENASOL BEACH FRONT","","Puerto Plata","Sin licencia","En formación","Cerrado","","8493616977",""
"Establecimientos de expendio de alimentos y bebidas","Restaurantes","AB-REST-2801-04483","131870643","Frisco","","Monseñor Nouel","Vigente","Activa","Abierto","2026-10-15","8095255302",""
"Establecimientos de expendio de alimentos y bebidas","Restaurantes","AB-REST-2501-04485","132928695","MARÜ BY JESÚS RODRÍGUEZ","","Santiago","Sin licencia","En formación","Abierto","","8095834444",""
"Establecimientos de expendio de alimentos y bebidas","Restaurantes","AB-REST-0901-04487","132337352","Caalbagu Restaurant","","Espaillat","Sin licencia","En formación","Abierto","","8094933199",""
"Establecimientos de expendio de alimentos y bebidas","Bares","AB-BARX-1101-04490","132835311","LA PATRONA MEXICAN KITCHEN","","La Altagracia","Sin licencia","En formación","Abierto","","8297915660",""
"Establecimientos de expendio de alimentos y bebidas","Restaurantes","AB-REST-0101-04494","133000938","MAIALINO, SALUMERIA CON CUCINA","","Distrito Nacional","Sin licencia","En formación","Abierto","","8098093177",""
"Establecimientos de expendio de alimentos y bebidas","Restaurantes","AB-REST-0501-04505","130389284","Café Beller","","Dajabón","Vigente","Activa","Cerrado","2027-02-04","8095798225",""
"Establecimientos de expendio de alimentos y bebidas","Bares","AB-BARX-2501-04507","132556518","TALEXMI","Santiago","Santiago","Vigente","Activa","Cerrado","2026-11-19","8097648615",""
"Establecimientos de expendio de alimentos y bebidas","Restaurantes","AB-REST-0101-04509","131907768","Starbucks","","Distrito Nacional","En proceso","Activa","Abierto","","8097324462",""
"Establecimientos de expendio de alimentos y bebidas","Restaurantes","AB-REST-0101-04514","132404459","PERBACCO","","Distrito Nacional","Incompleta","Inactiva","Abierto","","8098953604",""
"Establecimientos de expendio de alimentos y bebidas","Restaurantes","AB-REST-0101-04519","131682431","CACHAREPA","","Distrito Nacional","Sin licencia","En formación","Abierto","","8097845197",""
"Establecimientos de expendio de alimentos y bebidas","Restaurantes","AB-REST-0802-04522","133173085","RANCHO TURISTICO LA JARDA P.Z.","","Hato Mayor","En proceso","Activa","Cerrado","","8095523094",""
"Establecimientos de expendio de alimentos y bebidas","Bares","AB-BARX-1807-04526","132927699","Hard rock Café","","Puerto Plata","Sin licencia","En formación","Cerrado","","8095520876",""
"Establecimientos de expendio de alimentos y bebidas","Restaurantes","AB-REST-0101-04528","131552366","MAN UP & COOK","","Distrito Nacional","Sin licencia","En formación","Abierto","","8098095421",""
"Establecimientos de expendio de alimentos y bebidas","Restaurantes","AB-REST-0101-04531","124003091","KFC","","Santiago","Vigente","Activa","Abierto","2026-11-12","8093680026",""
"Establecimientos de expendio de alimentos y bebidas","Restaurantes","AB-REST-1807-04538","133235811","CASA COCO EATERY & BAR","","Puerto Plata","Sin licencia","En formación","Cerrado","","8292991473",""
"Establecimientos de expendio de alimentos y bebidas","Discotecas","AB-DISC-1101-04539","131116167","Drink Point Bar And Lounge","","La Altagracia","Sin licencia","En formación","Cerrado","","8095520920",""
"Establecimientos de expendio de alimentos y bebidas","Restaurantes","AB-REST-0101-04540","131907768","Starbucks","","Santiago","En proceso","Activa","Abierto","","8097324462",""
"Establecimientos de expendio de alimentos y bebidas","Restaurantes","AB-REST-0101-04541","131907768","Starbucks","","Santo Domingo","Vigente","Activa","Abierto","2027-02-04","8097324462",""
"Establecimientos de expendio de alimentos y bebidas","Restaurantes","AB-REST-0101-04543","133257335","Asian Palace","","Distrito Nacional","Sin licencia","En formación","Cerrado","","8099619842",""
"Establecimientos de expendio de alimentos y bebidas","Bares","AB-BARX-1101-04547","132063406","EL PUB DE LOS VASQUEZ","","La Altagracia","Sin licencia","En formación","Abierto","","8094661394",""
"Establecimientos de expendio de alimentos y bebidas","Restaurantes","AB-REST-0101-04556","131853528","UNITED BRANDS","","Santo Domingo","Sin licencia","En formación","Abierto","","8095355555",""
"Establecimientos de expendio de alimentos y bebidas","Discotecas","AB-DISC-0101-04558","130065871","Hard Rock Cafe Santo Domingo","","Distrito Nacional","Sin licencia","En formación","Abierto","","8096867771",""
"Establecimientos de expendio de alimentos y bebidas","Bares","AB-BARX-1101-04561","132073924","MIXOLOGÍA BAR LAB YASM","Punta Cana","La Altagracia","Vigente","Activa","Abierto","2027-02-03","8297915660",""
"Establecimientos de expendio de alimentos y bebidas","Restaurantes","AB-REST-1801-04576","131920624","AYIL","","Puerto Plata","En proceso","Activa","Abierto","","8493161254",""
"Establecimientos de expendio de alimentos y bebidas","Restaurantes","AB-REST-2501-04577","102320322","LA CAMPAGNA","","Santiago","Incompleta","Inactiva","Cerrado","","8095828255",""
"Establecimientos de expendio de alimentos y bebidas","Restaurantes","AB-REST-1501-04578","130909652","HOTEL RESTAURAN MARINA DEL MAR","","Monte Cristi","Incompleta","Inactiva","Abierto","","8095792134",""
"Establecimientos de expendio de alimentos y bebidas","Restaurantes","AB-REST-0101-04583","131513042","Solmarella By Donoma","Las Terrenas","Samaná","Vigente","Activa","Cerrado","2027-02-09","8095631273",""
"Establecimientos de expendio de alimentos y bebidas","Restaurantes","AB-REST-2003-04587","133535132","BONITA CHINCHIN COCKTAIL CLUB LT","","Samaná","Sin licencia","En formación","Cerrado","","8294042048",""
"Establecimientos de expendio de alimentos y bebidas","Restaurantes","AB-REST-1301-04588","131197728","MATAMBRE","","La Vega","Sin licencia","En formación","Cerrado","","8095730054",""
"Establecimientos de expendio de alimentos y bebidas","Restaurantes","AB-REST-0101-04591","101069392","PIZZARELLI","","Santiago","Sin licencia","En formación","Abierto","","8092747492",""
"Establecimientos de expendio de alimentos y bebidas","Restaurantes","AB-REST-1101-04592","131310613","OCEAN LEADER SELECT","","La Altagracia","Sin licencia","En formación","Cerrado","","8297360011",""
"Establecimientos de expendio de alimentos y bebidas","Restaurantes","AB-REST-0101-04593","101069392","TRATTORIA PIZZARELLI","","Santiago","Sin licencia","En formación","Abierto","","8092747492",""
"Establecimientos de expendio de alimentos y bebidas","Restaurantes","AB-REST-1801-04595","131257917","AC MAIMON BAY ENTERPRISES","","Puerto Plata","En proceso","Activa","Cerrado","","8096970030",""
"Establecimientos de expendio de alimentos y bebidas","Discotecas","AB-DISC-1102-04597","132382951","Zukkero","","La Altagracia","Sin licencia","En formación","Abierto","","8296480709",""
"Establecimientos de expendio de alimentos y bebidas","Foodtruck","AB-FOTR-0101-04599","130402061","YOKOMO","","La Altagracia","Sin licencia","En formación","Abierto","","8095372411",""
"Establecimientos de expendio de alimentos y bebidas","Restaurantes","AB-REST-0101-04601","133052245","KOICOOKS FOOD GROUP","","Distrito Nacional","Sin licencia","En formación","Cerrado","","8093229095",""
"Establecimientos de expendio de alimentos y bebidas","Restaurantes","AB-REST-1101-04603","131893147","LA TIENDITA BY ABS","","La Altagracia","Sin licencia","En formación","Abierto","","8094551822",""
"Establecimientos de expendio de alimentos y bebidas","Restaurantes","AB-REST-1201-04604","133061503","SUNDSIDE","","La Altagracia","Sin licencia","En formación","Cerrado","","8294780550",""
"Establecimientos de expendio de alimentos y bebidas","Restaurantes","AB-REST-0101-04607","132529571","MCDONALD`S","Ensanche Naco","Distrito Nacional","En proceso","Activa","Abierto","","8095334800",""
"Establecimientos de expendio de alimentos y bebidas","Restaurantes","AB-REST-0101-04609","101719265","MCDONALD`S","","Santiago","En proceso","Activa","Abierto","","8095334800",""
"Establecimientos de expendio de alimentos y bebidas","Restaurantes","AB-REST-1102-04611","132382951","Zukkero","","La Altagracia","Sin licencia","En formación","Abierto","","8296480709",""
"Establecimientos de expendio de alimentos y bebidas","Restaurantes","AB-REST-0101-04613","124005833","Restaurant Sully","","Distrito Nacional","En proceso","Activa","Abierto","","8095623389",""
"Establecimientos de expendio de alimentos y bebidas","Restaurantes","AB-REST-2003-04618","132591072","LA PLAYA 18 BEACH CLUB","","Samaná","Incompleta","Inactiva","Abierto","","8496242493",""
"Establecimientos de expendio de alimentos y bebidas","Cafeterías","AB-CAFT-0101-04619","132888073","ADBIS, ADMINISTRADORA DE BIENES Y SERVICIOS","","San Pedro de Macorís","Incompleta","Inactiva","Abierto","","8098688059",""
"Establecimientos de expendio de alimentos y bebidas","Coffee shop","AB-COSH-3206-04623","124019338","JUAN VALDEZ CAFE","","Distrito Nacional","Incompleta","Inactiva","Abierto","","8498891638",""
"Establecimientos de expendio de alimentos y bebidas","Cafeterías","AB-CAFT-1102-04634","133355002","JUANITA SPORT BAR Y LOUNGE SRL","Bayahibe","La Altagracia","En proceso","Activa","Abierto","","8099890212",""
"Establecimientos de expendio de alimentos y bebidas","Restaurantes","AB-REST-1801-04642","132853873","PESCADERIA LOS PRIMOS V&G","","Puerto Plata","Incompleta","Inactiva","Abierto","","8295439650",""
"Establecimientos de expendio de alimentos y bebidas","Restaurantes","AB-REST-0101-04646","132997621","LA PINSERIA","","Distrito Nacional","Incompleta","Inactiva","Abierto","","8496386711",""
"Establecimientos de expendio de alimentos y bebidas","Restaurantes","AB-REST-0101-04648","124003091","KFC","","Puerto Plata","En proceso","Activa","Abierto","","8093680026",""
"Establecimientos de expendio de alimentos y bebidas","Bares","AB-BARX-0101-04651","133417431","THE SANGRÍA FACTORY","","Puerto Plata","Incompleta","Inactiva","Cerrado","","8092618609",""
"Establecimientos de expendio de alimentos y bebidas","Discotecas","AB-DISC-1101-04672","130499861","IMAGINE PUNTA CANA","","La Altagracia","Incompleta","Inactiva","Cerrado","","8298385341",""
"Establecimientos de expendio de alimentos y bebidas","Bares","AB-BARX-2003-04678","133535132","BONITA CHINCHIN COCKTAIL CLUB LT","","Samaná","Incompleta","Inactiva","Cerrado","","8094042048",""