"Subsector","Actividad","RUT","No. de Identificación","Nombre","Sector/Zona Turística","Provincia","Estatus Proceso","Estatus Licencia","Estatus Establecimiento","Fecha de Vencimiento","Teléfono","Correo"
"Turismo de aventura","Escuela de buceo","TA-1AEB-3201-01084","131305441","SERVICIOS NAUTICOS SN","Boca Chica","Santo Domingo","Vencida","Inactiva","Abierto","2023-07-20","8296034777",""
"Turismo de aventura","Viajes en botes","TA-1AVB-3204-02062","131305441","Servicios Náuticos","Boca Chica","Santo Domingo","Vencida","Inactiva","Abierto","2020-03-12","8296034777",""
"Turismo de aventura","Recreativas","TA-1ARE-1801-01418","105060094","Penny Market Caribe","Centro","Puerto Plata","Vencida","Inactiva","Cerrado","2006-09-16","8095864361",""
"Turismo de aventura","Escuela de buceo","TA-1AEB-3204-00308","130961107","Tropical Sea Divers (EB)","Boca Chica","Santo Domingo","Vencida","Inactiva","Cerrado","2023-02-25","8096531871",""
"Turismo de aventura","Pesca","TA-1APS-1101-02064","131495893","Pink Cat Punta Cana","Cortesito, Bávaro","La Altagracia","Vencida","Inactiva","Abierto","2025-03-14","8095521130",""
"Turismo de aventura","Recreativas","TA-1ARE-1101-02314","131495893","Pink Cat Punta Cana","Cortesito, Bávaro","La Altagracia","Vencida","Inactiva","Abierto","2020-04-04","8095521130",""
"Turismo de aventura","Escuela de buceo","TA-1AEB-1102-01074","131558399","Go Dive Bayahibe","Dominicus - Bayahibe","La Altagracia","Vigente","Activa","Abierto","2026-04-15","8097054609",""
"Turismo de aventura","Viajes en botes","TA-1AVB-1102-02018","131558399","Go Dive Bayahibe","Dominicus - Bayahibe","La Altagracia","Vencida","Inactiva","Abierto","2020-04-24","8097054609",""
"Turismo de aventura","Viajes en botes","TA-1AVB-1101-02074","101540303","DOLPHIN ISLAND","ZONA TURISTICA DE BÁVARO","La Altagracia","Vigente","Activa","Abierto","2026-08-06","8097962531",""
"Turismo de aventura","Recreativas","TA-1ARE-1102-01399","131643213","Watersport Checo y Rijo","Dominicus - Bayahibe","La Altagracia","Vencida","Inactiva","Cerrado","2020-05-27","8298780801",""
"Turismo de aventura","Escuela de buceo","TA-1AEB-1102-01085","131643213","Watersport Checo Y Rijo","Dominicus - Bayahibe","La Altagracia","Vencida","Inactiva","Cerrado","2020-05-27","",""
"Turismo de aventura","Parasailing","TA-3APS-1102-01361","131643213","Watersport Checo Y Rijo","Dominicus - Bayahibe","La Altagracia","Vencida","Inactiva","Cerrado","2020-05-27","",""
"Turismo de aventura","Recreativas","TA-1ARE-1101-01400","130836108","Tortuga Divers MC","Punta Cana","La Altagracia","Vencida","Inactiva","Abierto","2017-08-03","8092214599",""
"Turismo de aventura","Recreativas","TA-1ARE-1101-00877","130836108","TORTUGA DIVERS","Punta Cana","La Altagracia","Vencida","Inactiva","Abierto","2017-08-03","8098653711",""
"Turismo de aventura","Escuela de buceo","TA-1AEB-1102-01081","112104079","Casa Daniel Escuela de Buceo","Dominicus - Bayahibe","La Altagracia","Vencida","Inactiva","Abierto","2023-11-15","8098330083",""
"Turismo de aventura","Zip line-Canopy","TA-3AZI-1101-00181","131555101","HACIENDA TUKO ADVENTURE PARK","Pueblo Nuevo","La Altagracia","Vencida","Inactiva","Abierto","2025-10-23","8294742286",""
"Turismo de aventura","Zip line-Canopy","TA-3AZI-1101-00947","131555101","Hacienda Tuko Adventure Park","Nisibón","La Altagracia","Vencida","Inactiva","Abierto","2020-09-02","8094555669",""
"Turismo de aventura","Escuela de buceo","TA-1AEB-3204-01076","101539127","Treasure Divers","Boca Chica","Santo Domingo","Vencida","Inactiva","Cerrado","2020-09-04","",""
"Turismo de aventura","Escuela de buceo","TA-1AEB-1102-00687","132254074","Eel´s Dive Shop","Puerto de Bayahibe","La Altagracia","Vencida","Inactiva","Cerrado","2022-11-09","8498168896",""
"Turismo de aventura","Escuela de buceo","TA-1AEB-3201-01055","131353568","Escuela de Buceo Underwater Emotions","Boca Chica","Santo Domingo","Sin licencia","En formación","Cerrado","","8293423008",""
"Turismo de aventura","Escuela de buceo","TA-1AEB-3204-01062","131722921","Pipin Divers","Boca Chica","Santo Domingo","Sin licencia","En formación","Cerrado","","8296938321",""
"Turismo de aventura","Escuela de buceo","TA-1AEB-1807-01063","131959679","R&J Sosua Diving Center","El Batey","Puerto Plata","Sin licencia","En formación","Abierto","","8094749220",""
"Turismo de aventura","Escuela de surf","TA-1ASU-1807-01092","132033541","Surf School Buena Onda","Playa Encuentro, Cabarete","Puerto Plata","Sin licencia","En formación","Cerrado","","8298770768",""
"Turismo de aventura","Viajes en botes","TA-1AVB-3204-02025","101539127","TREASURE DIVERS","Boca Chica","Santo Domingo","Vencida","Inactiva","Cerrado","2020-09-04","",""
"Turismo de aventura","Parasailing","TA-3APS-1102-00892","131680267","Flymania (Parasailing)","Dominicus - Bayahibe","La Altagracia","Sin licencia","En formación","Cerrado","","8095438980",""
"Turismo de aventura","Parasailing","TA-3APS-1801-01353","105022907","Sea Pro Unlimited Watersports (PLAZA PLAYA DORADA)","Playa Dorada","Puerto Plata","Sin licencia","En formación","Abierto","","8093202567",""
"Turismo de aventura","Parques acuáticos temáticos y/o recreativos y/o de atracciones","TA-2TTE-1101-01365","130527261","Dominican Taino Park, Domitaipark","El Macao","La Altagracia","Sin licencia","En formación","Abierto","","8299867390",""
"Turismo de aventura","Parques acuáticos temáticos y/o recreativos y/o de atracciones","TA-2TTE-0101-01366","130183912","Caribbean Festival","Zona Colonial","Distrito Nacional","Sin licencia","En formación","Abierto","","",""
"Turismo de aventura","Viajes en botes","TA-1AVB-1201-01968","130917681","Saona Dreams","La Romana - Centro Ciudad","La Romana","Vencida","Inactiva","Cerrado","2020-09-17","8095236868",""
"Turismo de aventura","Rancho de caballos","TA-2TRC-1801-01381","131940455","Rancho Salvaje Lorilar","Sabana Grande","Puerto Plata","Vigente","Activa","Abierto","2026-03-11","8296628588",""
"Turismo de aventura","Rancho de caballos","TA-2TRC-1101-01383","131614762","La Cascada de Cristo Ranch","La Lisa, Miches","La Altagracia","Sin licencia","En formación","Cerrado","","8299826308",""
"Turismo de aventura","Recreativas","TA-1ARE-1801-01390","131558615","AG Kite Surfing School AGK","Cabarete","Puerto Plata","Sin licencia","En formación","Cerrado","","8296394491",""
"Turismo de aventura","Recreativas","TA-1ARE-1101-01391","131535811","La Real Del Caribe Water Sport","El Cortecito","La Altagracia","Sin licencia","En formación","Cerrado","","8492016101",""
"Turismo de aventura","Recreativas","TA-1ARE-1201-01393","131530801","Scubacaribe Water Sports","Dominicus - Bayahibe","La Romana","Sin licencia","En formación","Abierto","","8095521435",""
"Turismo de aventura","Recreativas","TA-1ARE-1101-00826","131530801","Operadora Easo (RE)","Bávaro","La Altagracia","Sin licencia","En formación","Abierto","","8095521435",""
"Turismo de aventura","Recreativas","TA-1ARE-1201-00829","131385702","SCUBACARIBE","Playa Minitas","La Altagracia","Sin licencia","En formación","Abierto","","8095672994",""
"Turismo de aventura","Recreativas","TA-1ARE-2301-01397","130257477","Scubaquatic","Ramon Santana","San Pedro de Macorís","Sin licencia","En formación","Cerrado","","8095471654",""
"Turismo de aventura","Recreativas","TA-1ARE-1102-01398","131347177","The Brother Parasailing","Dominicus - Bayahibe","La Altagracia","Sin licencia","En formación","Cerrado","","8298780801",""
"Turismo de aventura","Recreativas","TA-1ARE-0802-01438","131425623","The Carpia Tours","Miches","El Seibo","Vencida","Inactiva","Abierto","2020-09-25","8292711209",""
"Turismo de aventura","Viajes en botes","TA-1AVB-0802-02037","131425623","The Carpias Tours","Los Franceses","El Seibo","Vencida","Inactiva","Abierto","2023-03-31","",""
"Turismo de aventura","Recreativas","TA-1ARE-3201-01402","131805698","Asociacion de Transporte Turistico Acuatico del Municipio de Boca Chica","Boca Chica","Santo Domingo","Sin licencia","En formación","Cerrado","","8092214599",""
"Turismo de aventura","Recreativas","TA-1ARE-1101-01406","131896383","ADVENTURE TOUR CARIBBEAN ATC (TA)","Dominicus - Bayahibe","La Altagracia","Sin licencia","En formación","Cerrado","","8092214599",""
"Turismo de aventura","Recreativas","TA-1ARE-1101-01408","101065184","Holiday Village Of Punta Cana","Punta Cana","La Altagracia","Sin licencia","En formación","Abierto","","8092550980",""
"Turismo de aventura","Recreativas","TA-1ARE-1801-01410","105022907","Sea Pro Unlimited Watersports (HOTEL LIFESTYLES)","Playa Cabarete","Puerto Plata","Sin licencia","En formación","Abierto","","8093202567",""
"Turismo de aventura","Recreativas","TA-1ARE-1801-01413","131882196","Isla Paraiso Tours, Ispat","Playa la Ensenada","Puerto Plata","Sin licencia","En formación","Abierto","","8095864361",""
"Turismo de aventura","Recreativas","TA-1ARE-1201-01414","130799873","Blue Divers In and Waters Sports","Playa Esmeralda","La Romana","Sin licencia","En formación","Abierto","","8098572308",""
"Turismo de aventura","Recreativas","TA-1ARE-1807-01416","131858775","Gomar Ocean Academy DR","Cabarete","Puerto Plata","Sin licencia","En formación","Cerrado","","8099866454",""
"Turismo de aventura","Recreativas","TA-1ARE-1101-01419","131975186","Fishing Pro Exclusive PFCJ, S.R.L.","Punta Cana","La Altagracia","Sin licencia","En formación","Abierto","","8299105376",""
"Turismo de aventura","Escuela de buceo","TA-1AEB-1201-01424","130799873","Blue Divers In and Waters Sports","Punta Cana","La Romana","Sin licencia","En formación","Abierto","","8098572308",""
"Turismo de aventura","Recreativas","TA-1ARE-1101-01425","101508515","Flamingo Bay","Yuma","La Altagracia","Sin licencia","En formación","Abierto","","8095543425",""
"Turismo de aventura","Pesca","TA-1APS-1101-00800","131327682","Mar Salada","Cabeza de Toro","La Altagracia","Sin licencia","En formación","Cerrado","","8099102089",""
"Turismo de aventura","Viajes en botes","TA-1AVB-1801-01928","131762174","ASTRAPUCA","Punta Rusia","Puerto Plata","Sin licencia","En formación","Cerrado","","8099318626",""
"Turismo de aventura","Viajes en botes","TA-1AVB-1807-01930","132005945","The Brother Water Sporst Sosua","Puerto Plata - Centro Ciudad","Puerto Plata","Vigente","Activa","Abierto","2027-02-25","8296628588",""
"Turismo de aventura","Viajes en botes","TA-1AVB-1101-00828","131530801","SCUBA CARIBE","Bávaro","La Altagracia","Sin licencia","En formación","Abierto","","8095521435",""
"Turismo de aventura","Viajes en botes","TA-1AVB-1201-00830","131530801","Operadora Santander (VB)","Casa de Campo","La Romana","Sin licencia","En formación","Abierto","","8095521435",""
"Turismo de aventura","Viajes en botes","TA-1AVB-1201-01933","131530801","Scubacaribe Water Sports","Dominicus","La Romana","Sin licencia","En formación","Abierto","","8095521435",""
"Turismo de aventura","Viajes en botes","TA-1AVB-1201-00831","131385702","SCUBACARIBE","La Romana - Centro Ciudad","La Romana","Sin licencia","En formación","Abierto","","8095521435",""
"Turismo de aventura","Viajes en botes","TA-1AVB-2001-01937","130839492","Playita Sub","La Playita","Samaná","Sin licencia","En formación","Cerrado","","8498153434",""
"Turismo de aventura","Viajes en botes","TA-1AVB-1401-01938","131839843","Reguena Tours","Nagua - Centro","María Trinidad Sánchez","Sin licencia","En formación","Cerrado","","8099020225",""
"Turismo de aventura","Escuela de buceo","TA-1AVB-1101-01939","130257477","Tanzania Comercial","Macao","La Altagracia","Sin licencia","En formación","Cerrado","","8095471654",""
"Turismo de aventura","Viajes en botes","TA-1AVB-0903-01940","130257477","Scubaquatic","Rio San Juan","Espaillat","Sin licencia","En formación","Cerrado","","8095471654",""
"Turismo de aventura","Viajes en botes","TA-1AVB-1101-01941","130257477","Scubaquatic","Bávaro","La Altagracia","Sin licencia","En formación","Cerrado","","8095471654",""
"Turismo de aventura","Viajes en botes","TA-1AVB-2001-01942","130257477","Scubaquatic","Isla Cayo Levantado","Samaná","Sin licencia","En formación","Cerrado","","8095471654",""
"Turismo de aventura","Viajes en botes","TA-1AVB-2003-01943","130257477","Scubaquatic","El Limón","Samaná","Sin licencia","En formación","Cerrado","","8095471654",""
"Turismo de aventura","Escuela de buceo","TA-1AEB-1101-01949","131786189","ALBORAN CHARTERS (EB) - BÁVARO","Bávaro","La Altagracia","Vencida","Inactiva","Abierto","2025-12-17","8092843001",""
"Turismo de aventura","Viajes en botes","TA-1AVB-1101-01952","131099645","Treasure Of The Sea PCT","Bávaro","La Altagracia","Sin licencia","En formación","Cerrado","","8095324396",""
"Turismo de aventura","Viajes en botes","TA-1AVB-1506-00846","131967051","Buen Hombre Tours","Monte Cristi","Monte Cristi","Vencida","Inactiva","Cerrado","2023-02-22","8098678918",""
"Turismo de aventura","Viajes en botes","TA-1AVB-1101-01955","131498841","Diamonts Fishing Lead","Bávaro","La Altagracia","Sin licencia","En formación","Cerrado","","8095521102",""
"Turismo de aventura","Viajes en botes","TA-1AVB-1201-01962","130708584","Ryanna Sun","Dominicus - Bayahibe","La Romana","Vigente","Activa","Abierto","2026-11-06","8296556730",""
"Turismo de aventura","Viajes en botes","TA-1AVB-2001-01965","101789141","EMBAT","Samaná","Samaná","Vigente","Activa","Abierto","2026-12-16","8096888000",""
"Turismo de aventura","Zip line-Canopy","TA-3AZI-1101-02086","130527261","Extreme Canopy Adventure Ranch, Excadra","Arena Gorda","La Altagracia","Sin licencia","En formación","Abierto","","8299867390",""
"Turismo de aventura","Zip line-Canopy","TA-3AZI-1101-02088","131614762","La Cascada de Cristo Ranch","Higuey - Centro Ciudad","La Altagracia","Sin licencia","En formación","Cerrado","","8299826308",""
"Turismo de aventura","Zip line-Canopy","TA-3AZI-2505-02089","13193661","Aventura en Sajoma Aventsa","San Jose de las Matas","Santiago","Sin licencia","En formación","Abierto","","8494050029",""
"Turismo de aventura","Escuela de kitesurf","TA-1AEK-2003-00234","131113222","KITE WORLD LAS TERRENAS","Las Terrenas","Samaná","Vigente","Activa","Abierto","2027-02-09","8097694978",""
"Turismo de aventura","Parques acuáticos temáticos y/o recreativos y/o de atracciones","TA-2TTE-1101-00035","130713987","Fantasea Park","Muelle Blanco","La Altagracia","Vigente","Activa","Abierto","2027-01-28","8097040001",""
"Turismo de aventura","Viajes en botes","TA-1AVB-1801-00180","132230142","Dansilpas Watersports","Bahia Maimón","Puerto Plata","Sin licencia","En formación","Abierto","","8293539129",""
"Turismo de aventura","Viajes en botes","TA-1AVB-1101-00213","132178922","DOMINICAN OCEAN DREAMS BY: DY","Higuey - Centro Ciudad","La Altagracia","Sin licencia","En formación","Cerrado","","8298043826",""
"Turismo de aventura","Escuela de buceo","TA-1AEB-3204-01079","131907482","Nautica Celestial","Boca Chica","Santo Domingo","Vencida","Inactiva","Cerrado","2020-10-17","8094199008",""
"Turismo de aventura","Viajes en botes","TA-1AVB-1101-01953","131099645","KP Blue Marine Punta Cana","Bávaro","La Altagracia","Vencida","Inactiva","Cerrado","2019-11-22","8095324396",""
"Turismo de aventura","Viajes en botes","TA-1AVB-0101-00857","131099645","KP Blue Marine Punta Cana","Ensanche Miraflores","Santo Domingo","Sin licencia","En formación","Cerrado","","",""
"Turismo de aventura","Viajes en botes","TA-1AVB-1101-02040","130980837","Talita Tour","Playa Jelly Fish","La Altagracia","Vencida","Inactiva","Abierto","2023-04-18","8095194975",""
"Turismo de aventura","Escuela de buceo","TA-1AEB-1102-01073","130950891","El Tour Caribe EARB","Dominicus - Bayahibe","La Altagracia","Vigente","Activa","Abierto","2026-07-11","8492204251",""
"Turismo de aventura","Viajes en botes","TA-1AVB-1102-02011","130950891","El Tour Caribe Earb","Dominicus - Bayahibe","La Altagracia","Vencida","Inactiva","Abierto","2020-12-05","8092516543",""
"Turismo de aventura","Parques acuáticos temáticos y/o recreativos y/o de atracciones","TA-2TTE-1101-01367","101540303","Gestión de Servicios","Punta Cana","La Altagracia","Vencida","Inactiva","Abierto","2023-09-15","8097962531",""
"Turismo de aventura","Parasailing","TA-3APS-1101-01989","130716112","Coral View Investment","Bávaro","La Altagracia","Vencida","Inactiva","Cerrado","2020-03-25","8296596464",""
"Turismo de aventura","Viajes en botes","TA-1AVB-3201-02060","131305441","OCEAN NAUTICA SERVICE","Dominicus - Bayahibe","La Altagracia","Vencida","Inactiva","Abierto","2023-11-14","8296034777",""
"Turismo de aventura","Viajes en botes","TA-1AVB-1102-00199","131642535","Saona Explorer By Reptours Dominicana","Dominicus - Bayahibe","La Romana","Sin licencia","En formación","Cerrado","","8295213838",""
"Turismo de aventura","Viajes en botes","TA-1AVB-1101-02081","131688225","Maldivas Tours","Punta Cana","La Altagracia","Vencida","Inactiva","Cerrado","2021-05-08","8094036995",""
"Turismo de aventura","Recreativas","TA-1ARE-3202-00801","132247817","DEPORTES Y PASEOS ACUATICOS SPG, PLAYAS DE BOCA CHICA, S.R.L","Boca Chica","Santo Domingo","Incompleta","Inactiva","Abierto","","8090000000",""
"Turismo de aventura","Recreativas","TA-1ARE-1102-00891","131680267","Flymania (Recreativas)","Dominicus - Bayahibe","La Altagracia","Sin licencia","En formación","Cerrado","","8095438980",""
"Turismo de aventura","Escuela de buceo","TA-1AEB-1101-00827","131530801","SCUBA CARIBE","Bávaro","La Altagracia","Vencida","Inactiva","Abierto","2019-09-21","8095521435",""
"Turismo de aventura","Recreativas","TA-1ARE-1801-00765","131922742","Keidy Servicios Multiples","La Estancia","Puerto Plata","Sin licencia","En formación","Cerrado","","8094437675",""
"Turismo de aventura","Escuela de buceo","TA-1AEB-1102-00821","131447597","Scuba Caribe (Hilton LR,EB)","La Romana","La Altagracia","Sin licencia","En formación","Abierto","","8095521435",""
"Turismo de aventura","Viajes en botes","TA-1AVB-1102-00822","131447597","Scuba Caribe (Hilton LR,VB)","La Romana","La Altagracia","Sin licencia","En formación","Abierto","","8095521435",""
"Turismo de aventura","Recreativas","TA-1ARE-1102-00823","131447597","Scuba Caribe (Hilton LR, RE)","La Romana","La Altagracia","Sin licencia","En formación","Abierto","","8095521435",""
"Turismo de aventura","Recreativas","TA-1ARE-1102-00824","131447597","Scuba Caribe (Dreams Dominicus LR,RE)","Dominicus - Bayahibe","La Altagracia","Sin licencia","En formación","Abierto","","8095521435",""
"Turismo de aventura","Viajes en botes","TA-1AVB-1102-02021","131588222","Eastbay Traders (CATAMARAN)","BAYAHIBE","La Altagracia","Vencida","Inactiva","Abierto","2025-10-01","8096831000",""
"Turismo de aventura","Viajes en botes","TA-1AVB-1101-02276","131981275","Caribe Ossi","Dominicus - Bayahibe","La Altagracia","Vencida","Inactiva","Abierto","2022-11-08","8492103311",""
"Turismo de aventura","Escuela de buceo","TA-1AEB-1102-02324","131726925","SUN MAR","Dominicus - Bayahibe","La Altagracia","Vencida","Inactiva","Cerrado","2023-05-17","8293979026",""
"Turismo de aventura","Escuela de buceo","TA-1AEB-1101-02353","130716112","Coral View Investment","Bávaro","La Altagracia","Sin licencia","En formación","Cerrado","","8296596464",""
"Turismo de aventura","Escuela de buceo","TA-1AEB-1404-02443","132286995","LOS MANGLES DIVING CENTER & WATER SPORTS","Rio San Juan","María Trinidad Sánchez","Sin licencia","En formación","Cerrado","","8095202103",""
"Turismo de aventura","Viajes en botes","TA-1AVB-1404-02444","132286995","LOS MANGLES DIVING CENTER & WATER SPORTS","Rio San Juan","María Trinidad Sánchez","Sin licencia","En formación","Cerrado","","8095202103",""
"Turismo de aventura","Rancho de caballos","TA-2TRC-1404-02445","132286995","LOS MANGLES DIVING CENTER & WATER SPORTS","Rio San Juan","María Trinidad Sánchez","Sin licencia","En formación","Cerrado","","8095202103",""
"Turismo de aventura","Viajes en botes","TA-1AVB-1101-02483","132336461","Jelouma Export Import Compagnie","Bávaro","La Altagracia","Vencida","Inactiva","Abierto","2023-05-13","8293633617",""
"Turismo de aventura","Escuela de buceo","TA-1AEB-1102-02491","131668836","SLOW DIVE - CASA CHIHUAHUA","Dominicus - Bayahibe","La Altagracia","Vigente","Activa","Abierto","2026-03-12","8492594689",""
"Turismo de aventura","Viajes en botes","TA-1AVB-2301-02494","101789141","EMBAT (SAN PEDRODE MACORIS)","San Pedro","Distrito Nacional","Sin licencia","En formación","Abierto","","8095471654",""
"Turismo de aventura","Paseo turístico","TA-2TPT-1101-02504","130962138","JUST SAFARI","Bávaro","La Altagracia","Sin licencia","En formación","Cerrado","","8494517228",""
"Turismo de aventura","Escuela de kitesurf","TA-1AEK-1807-02514","132016335","OPTIMAL KITESURFING CENTER CABARETE","Cabarete","Puerto Plata","Sin licencia","En formación","Cerrado","","8095891441",""
"Turismo de aventura","Pesca","TA-1APS-1101-02515","131975186","FISHING PRO EXCLUSIVE PFCJ","Bávaro","La Altagracia","Vigente","Activa","Abierto","2026-12-12","8299105376",""
"Turismo de aventura","Parasailing","TA-3APS-1101-01986","130716112","Coral View Investment","Punta Cana","La Altagracia","Vencida","Inactiva","Cerrado","2020-03-07","8296596464",""
"Turismo de aventura","Parasailing","TA-3APS-1101-01991","130716112","Coral View Investment","Punta Cana","La Altagracia","Vencida","Inactiva","Cerrado","2020-03-07","8296596464",""
"Turismo de aventura","Parasailing","TA-3APS-1101-01990","130716112","Coral View Investment","Punta Cana","La Altagracia","Vencida","Inactiva","Cerrado","2020-03-07","8296596464",""
"Turismo de aventura","Recreativas","TA-1ARE-3204-01412","130961107","Tropical sea Divers","Boca Chica","Santo Domingo","Vencida","Inactiva","Cerrado","2020-03-07","8296979522",""
"Turismo de aventura","Escuela de buceo","TA-1AEB-1101-02346","131786189","ALBORAN CHARTERS - SCUBAQUATIC","Bávaro","La Altagracia","Vencida","Inactiva","Abierto","2023-04-04","8092843001",""
"Turismo de aventura","Viajes en botes","TA-1AVB-1101-01920","131177492","Touristic Beach Activities","Bávaro","La Altagracia","Vencida","Inactiva","Cerrado","2020-07-10","8092219444",""
"Turismo de aventura","Escuela de buceo","TA-1AEB-1201-02549","130797919","PASSION PARADISE INVESTMENT","La Caleta","La Romana","Sin licencia","En formación","Abierto","","8094369442",""
"Turismo de aventura","Escuela de buceo","TA-1AEB-1201-02550","130797919","PASSION PARADISE INVESTMENT","Vista Catalina","La Romana","Vencida","Inactiva","Abierto","2022-11-30","8094369442",""
"Turismo de aventura","Viajes en botes","TA-1AVB-1201-02551","130797919","PASSION PARADISE INVESTMENT","Vista Catalina","La Romana","Incompleta","Inactiva","Abierto","","8094369442",""
"Turismo de aventura","Viajes en botes","TA-1AVB-1201-02552","130797919","PASSION PARADISE INVESTMENT","La Caleta","La Romana","Sin licencia","En formación","Abierto","","8094369442",""
"Turismo de aventura","Viajes en botes","TA-1AVB-1201-01997","101508515","Flamingo Bay","La Marina","La Romana","Vencida","Inactiva","Abierto","1993-11-10","8095543425",""
"Turismo de aventura","Vuelo en ultra ligeros","TA-3AUL-1101-02337","130338876","Icaro Caribe","El Cortecito","La Altagracia","Vencida","Inactiva","Cerrado","2016-01-19","",""
"Turismo de aventura","Viajes en botes","TA-1AVB-1101-02024","130851672","I Caribbean Adventure","Verón","La Altagracia","Vencida","Inactiva","Abierto","2019-01-11","8294212858",""
"Turismo de aventura","Viajes en botes","TA-1AVB-1101-00756","131926851","FAMILY BOAT TOURS VD","Bávaro","La Altagracia","Vigente","Activa","Abierto","2026-08-11","8296651905",""
"Turismo de aventura","Pesca","TA-1APS-1101-00757","131425429","Fishing Aficionado Art Nat","Bávaro","La Altagracia","Vigente","Activa","Abierto","2027-02-23","8094661149",""
"Turismo de aventura","Viajes en botes","TA-1AVB-3201-02084","101684518","Andrés Y Ramona","Playa de Boca Chica","Santo Domingo","Vencida","Inactiva","Cerrado","2005-02-09","8093356010",""
"Turismo de aventura","Paseo turístico","TA-2TPT-1801-00760","131637779","Hacienda Dora","Los Cacaos","Puerto Plata","Vencida","Inactiva","Abierto","2024-09-21","8097537009",""
"Turismo de aventura","Viajes en botes","TA-1AVB-1101-00758","131072692","Inversiones Ling del Caribe","Playa Jelly Fish","La Altagracia","Vencida","Inactiva","Abierto","2022-02-02","8298988265",""
"Turismo de aventura","Viajes en botes","TA-1AVB-1101-02083","131046381","Punto Caribe Nadezca","Bávaro","La Altagracia","Vencida","Inactiva","Cerrado","2016-02-22","8097867298",""
"Turismo de aventura","Escuela de buceo","TA-1AEB-1101-02053","105022907","SEA PRO UNLIMITED WATERSPORTS -EDF. KONTIKI","El Cortecito","La Altagracia","Vencida","Inactiva","Abierto","2025-03-14","8093202567",""
"Turismo de aventura","Recreativas","TA-1ARE-1101-02056","105022907","SEA PRO UNLIMITED WATERPORTS (HOTEL PUNTA CANA BEACH & GOLF)","Punta Cana","La Altagracia","Vencida","Inactiva","Abierto","2024-10-09","8093202567",""
"Turismo de aventura","Escuela de buceo","TA-1AEB-1201-00753","101167203","Promotora Dominicana Del Caribe","Dominicus - Bayahibe","La Romana","Vigente","Activa","Abierto","2026-06-25","8095626001",""
"Turismo de aventura","Recreativas","TA-1ARE-1101-00759","131072692","Inversiones Ling del Caribe","Playa Jelly Fish","La Altagracia","Vencida","Inactiva","Abierto","2022-02-10","8298988265",""
"Turismo de aventura","Viajes en botes","TA-1AVB-1101-00422","131535811","La Real Del Caribe Water Sport","El Cortecito","La Altagracia","Vencida","Inactiva","Cerrado","2019-01-11","8492016101",""
"Turismo de aventura","Escuela de buceo","TA-1AEB-1101-02057","105022907","SEA PRO UNLIMITED WATERPORTS (PUNTA CANA BEACH & GOLF)","Cap Cana","La Altagracia","Vencida","Inactiva","Abierto","2024-10-19","8093202567",""
"Turismo de aventura","Viajes en botes","TA-1AVB-1101-02023","131387365","AQUAHOLIC BOAT TRIPS (TA)","El Cortecito","La Altagracia","Vencida","Inactiva","Cerrado","2020-01-09","8092550980",""
"Turismo de aventura","Viajes en botes","TA-1AVB-3204-02026","130690219","Tropical Sunrise","La Marina de Punta Cana","Santo Domingo","Vencida","Inactiva","Cerrado","2016-02-02","8293073150",""
"Turismo de aventura","Recreativas","TA-1ARE-1806-02488","101764902","Inversiones Güiro","Costa Dorada","Puerto Plata","Vigente","Activa","Abierto","2026-12-26","8095623344",""
"Turismo de aventura","Recreativas","TA-1ARE-2003-01433","131045677","Ltk","El Portillo","Samaná","Vencida","Inactiva","Cerrado","2021-01-15","8098015671",""
"Turismo de aventura","Escuela de kitesurf","TA-1ARE-2003-01435","131695485","Estilo De Vida As","Las Terrenas","Samaná","Vencida","Inactiva","Abierto","2025-09-02","8099647051",""
"Turismo de aventura","Pesca","TA-1APS-1801-00780","131211283","Doña Nina Fishing Tours","Cristo Rey","Puerto Plata","Vencida","Inactiva","Abierto","2022-03-09","8094596819",""
"Turismo de aventura","Parasailing","TA-3APS-1101-01360","119019887","Manta Divers","Dominicus - Bayahibe","La Altagracia","Vencida","Inactiva","Abierto","2016-03-02","8095015987",""
"Turismo de aventura","Viajes en botes","TA-1AVB-1101-00781","131333575","Marazul Alto","Playa Bibijagua","La Altagracia","Vencida","Inactiva","Abierto","2024-01-03","8097867961",""
"Turismo de aventura","Viajes en botes","TA-1AVB-3204-02078","105055775","Caribbean Divers","Boca Chica","Santo Domingo","Vencida","Inactiva","Cerrado","2008-06-29","8098543483",""
"Turismo de aventura","Escuela de kitesurf","TA-1AEK-1101-01089","131199143","AZPAT KITE SURFING AQUATIC SPORTS (EK) - UVERO ALTO II","Anamuya","La Altagracia","Vencida","Inactiva","Abierto","2020-01-25","8495691966",""
"Turismo de aventura","Escuela de surf","TA-1ASU-1101-00912","130677808","Macao Surf Camp","Playa Macao","La Altagracia","En proceso","Activa","Abierto","","8095528809",""
"Turismo de aventura","Viajes en botes","TA-1AVB-1201-00779","130860718","Esmeralda Charter","Las Piedras","La Romana","Vencida","Inactiva","Cerrado","2023-06-13","",""
"Turismo de aventura","Viajes en botes","TA-1AVB-1201-02047","131170803","Nautica Calypso","La Romana - Centro Ciudad","La Romana","Vencida","Inactiva","Cerrado","2017-02-10","8097099787",""
"Turismo de aventura","Recreativas","TA-1ARE-1101-01423","105022907","Sea Pro Unlimited Watersports","Cabeza de Toro","La Altagracia","Vencida","Inactiva","Abierto","2024-10-02","8093202567",""
"Turismo de aventura","Recreativas","TA-1ARE-1801-01431","131499465","Cofresí Watersports","Playa Cofresi","Puerto Plata","Vigente","Activa","Abierto","2026-11-17","8098543790",""
"Turismo de aventura","Viajes en botes","TA-1AVB-1101-00839","131113542","APC Yacht and Boats","Cap Cana","La Altagracia","Vigente","Activa","Abierto","2026-10-02","8092243496",""
"Turismo de aventura","Viajes en botes","TA-1AVB-1101-02030","130719012","Sea View Actividad Acuatica","Playa Jelly Fish","La Altagracia","Vencida","Inactiva","Cerrado","2020-02-11","8096863250",""
"Turismo de aventura","Viajes en botes","TA-1AVB-1101-01984","131418432","Zoymar Saona Tours","San Rafael del Yuma","La Altagracia","Vencida","Inactiva","Cerrado","2019-02-16","8098283690",""
"Turismo de aventura","Viajes en botes","TA-1AVB-1402-00684","131322222","LAMROSE GROUP","Rio San Juan","María Trinidad Sánchez","Vigente","Activa","Cerrado","2026-08-11","8093384200",""
"Turismo de aventura","Zip line-Canopy","TA-3AZI-1404-00688","131322222","Playa Grande Zipline","Rio San Juan","María Trinidad Sánchez","Vigente","Activa","Cerrado","2026-08-25","8094755533",""
"Turismo de aventura","Vuelo en globos aerostáticos","TA-3AGA-1101-02317","130788472","D & L Dominican Balloons (Vuelos en globo)","Punta Cana","La Romana","Vencida","Inactiva","Cerrado","2014-03-04","8099778877",""
"Turismo de aventura","Viajes en botes","TA-1AVB-1102-02009","130258211","El Fiestón Recreaciones Y Excursiones Maritimas","Dominicus - Bayahibe","La Altagracia","Vencida","Inactiva","Cerrado","2020-02-13","8094551643",""
"Turismo de aventura","Viajes en botes","TA-1AVB-1102-02010","130258211","El Fiestón Recreaciones Y Excursiones Maritimas","Dominicus - Bayahibe","La Altagracia","Vencida","Inactiva","Cerrado","2020-02-13","8094551643",""
"Turismo de aventura","Viajes en botes","TA-1AVB-1101-00333","119501263","Marinarium","Cabeza de Toro","La Altagracia","Vencida","Inactiva","Cerrado","2021-02-11","8094683183",""
"Turismo de aventura","Viajes en botes","TA-1AVB-1101-01993","130716112","Coral View Investment","Playa Jelly Fish","La Altagracia","Vencida","Inactiva","Cerrado","2020-02-14","8296596464",""
"Turismo de aventura","Viajes en botes","TA-1AVB-1801-02080","130735026","Airmar Aventura","Playa Cofresi","Puerto Plata","Vencida","Inactiva","Cerrado","2021-02-11","8098543790",""
"Turismo de aventura","Parasailing","TA-3APS-1101-00202","105080402","Mariana Caribbean Sports -Hoteles Occidental Caribe Bavaro","Bávaro","La Altagracia","Vigente","Activa","Abierto","2026-08-28","8094686532",""
"Turismo de aventura","Rancho de caballos","TA-2TRC-1101-00114","132206096","Swim Horse Punta Cana","Bávaro","La Altagracia","Vencida","Inactiva","Abierto","2026-02-18","8099247190",""
"Turismo de aventura","Viajes en botes","TA-1AVB-1101-01983","131531105","Sea Line Services Tours","Punta Cana","La Altagracia","Vencida","Inactiva","Cerrado","2020-02-14","8098341800",""
"Turismo de aventura","Escuela de buceo","TA-1AEB-1101-00187","105080402","Mariana Caribbean Sports -Hotel Lopesan, Punta Cana","Punta Cana","La Altagracia","Vigente","Activa","Abierto","2026-07-22","8094686532",""
"Turismo de aventura","Recreativas","TA-1ARE-1101-00192","105080402","Mariana Caribbean Sports -Hotel Majestic Colonial Punta Cana","Punta Cana","La Altagracia","Vencida","Inactiva","Abierto","2025-12-03","8094686532",""
"Turismo de aventura","Rancho de caballos","TA-2TRC-1807-01388","130694451","Drake's Horses And Adventure","Cabarete","Puerto Plata","Vencida","Inactiva","Cerrado","2011-09-06","8092614021",""
"Turismo de aventura","Parasailing","TA-3APS-1101-01359","130719012","Sea View Actividad Acuatica","Playa Jelly Fish","La Altagracia","Vencida","Inactiva","Cerrado","2020-02-18","",""
"Turismo de aventura","Escuela de buceo","TA-1AEB-1101-00194","105080402","Mariana Caribbean Sports- HOTEL CATALONIA","Bávaro","La Altagracia","Vencida","Inactiva","Abierto","2022-05-13","8094686532",""
"Turismo de aventura","Escuela de buceo","TA-1AEB-1101-00193","105080402","Mariana Caribbean Sports -Hotel Majestic  Colonial","Punta Cana","La Altagracia","Vigente","Activa","Abierto","2026-07-22","8094686532",""
"Turismo de aventura","Recreativas","TA-1ARE-1101-00190","105080402","Mariana Caribbean Sports -Hotel Majestic Elegance Punta Cana","Punta Cana","La Altagracia","Vencida","Inactiva","Abierto","2025-11-26","8094686532",""
"Turismo de aventura","Recreativas","TA-1ARE-1801-01436","101761806","A A Degen International","Playa de Maimón","Puerto Plata","Vigente","Activa","Abierto","2026-10-31","8292788200",""
"Turismo de aventura","Escuela de buceo","TA-1AEB-1101-00184","105080402","MARIANA CARIBBEAN SPORTS - HOTEL OCCIDENTAL CARIBE","Punta Cana","La Altagracia","Vigente","Activa","Abierto","2026-07-17","8094686532",""
"Turismo de aventura","Viajes en botes","TA-1AVB-1101-02008","130257477","Squbaquatic","Punta Cana","La Altagracia","Vencida","Inactiva","Cerrado","2021-02-18","8095471614",""
"Turismo de aventura","Escuela de buceo","TA-1AEB-1101-00223","105080402","Mariana Caribbean Sports -Hoteles Occidental Punta Cana","Punta Cana","La Altagracia","Vencida","Inactiva","Abierto","2025-11-27","8094686532",""
"Turismo de aventura","Recreativas","TA-1ARE-1101-00185","105080402","Mariana Caribbean Sports -Hoteles Occidental Caribe","Punta Cana","La Altagracia","Vigente","Activa","Abierto","2026-07-15","8094686532",""
"Turismo de aventura","Escuela de surf","TA-1ASU-2003-00747","09700248769","Carolina Surf School","Las Terrenas","Samaná","Vencida","Inactiva","Cerrado","2021-02-20","8098825467",""
"Turismo de aventura","Viajes en botes","TA-1AVB-3204-00065","131072011","Capitan Elio I","Boca Chica","Santo Domingo","Vencida","Inactiva","Cerrado","2022-05-25","8099265281",""
"Turismo de aventura","Parasailing","TA-3APS-1101-01985","130716112","Coral View Investment","Punta Cana","La Altagracia","Vencida","Inactiva","Cerrado","2020-02-28","8296596464",""
"Turismo de aventura","Escuela de buceo","TA-1AEB-1101-00186","105080402","Mariana Caribbean Sports -Complejo Barcelo, Bavaro","Playa Bávaro","La Altagracia","Vigente","Activa","Abierto","2026-07-23","8094686532",""
"Turismo de aventura","Viajes en botes","TA-1AVB-1101-00188","105080402","Mariana Caribbean Sports -Hotel Lopesan","Punta Cana","La Altagracia","Vencida","Inactiva","Abierto","2022-05-25","8094686532",""
"Turismo de aventura","Recreativas","TA-1ARE-1101-00200","105080402","Mariana Caribbean Sports -Hotel Lopesan","Punta Cana","La Altagracia","Vencida","Inactiva","Abierto","2025-11-27","8094686532",""
"Turismo de aventura","Viajes en botes","TA-1AVB-1201-02004","112105598","Comercial Costa Romantica","La Piedras","La Romana","Vencida","Inactiva","Abierto","2009-03-17","8095503659",""
"Turismo de aventura","Escuela de buceo","TA-1AEB-1101-02058","105022907","SEA PRO UNLIMITED WATERSPORTS (HOTEL DREAMS PALMS BEACH CABEZA DE TORO)","Punta Cana","La Altagracia","Vencida","Inactiva","Abierto","2023-06-24","8093202567",""
"Turismo de aventura","Escuela de buceo","TA-1AEB-1101-01072","130257477","Scubaquatic","Isla Cayo Levantado","La Altagracia","Vencida","Inactiva","Cerrado","2021-02-26","8095471654",""
"Turismo de aventura","Viajes en botes","TA-1AVB-1101-00739","130858756","Tours Point","Punta Cana","La Altagracia","Vencida","Inactiva","Abierto","2025-09-10","8092214599",""
"Turismo de aventura","Viajes en botes","TA-1AVB-1201-00109","101629916","Operadora Catalina","Buena Vista Norte","La Romana","Vencida","Inactiva","Cerrado","2025-01-12","8095507763",""
"Turismo de aventura","Viajes en botes","TA-1AVB-1101-01987","130716112","Coral View Investment","Playa Arena Gorda","La Altagracia","Vencida","Inactiva","Cerrado","2020-03-01","8296593874",""
"Turismo de aventura","Viajes en botes","TA-1AVB-1102-02079","130687587","Danyel Fishing Tours","Dominicus - Bayahibe","La Altagracia","Vencida","Inactiva","Cerrado","2016-03-26","8098990081",""
"Turismo de aventura","Escuela de buceo","TA-1AEB-1807-00173","130757321","Superior Dive","sosua","Puerto Plata","Vencida","Inactiva","Abierto","2022-05-28","8492849494",""
"Turismo de aventura","Recreativas","TA-1ARE-1101-00189","105080402","Mariana Caribbean Sports- Hotel Catalonia, Punta Cana","Punta Cana","La Altagracia","Vencida","Inactiva","Abierto","2022-05-31","8094686532",""
"Turismo de aventura","Viajes en botes","TA-1AVB-1102-02277","130878732","Escuela Y Tienda De Buceo Hayahibe","Dominicus - Bayahibe","La Altagracia","Vencida","Inactiva","Abierto","2024-09-22","8292135823",""
"Turismo de aventura","Viajes en botes","TA-1AVB-1101-02077","130866661","Thomstour","Bávaro","La Altagracia","Vencida","Inactiva","Abierto","2020-04-03","8295201412",""
"Turismo de aventura","Viajes en botes","TA-1AVB-1101-02059","105022907","SEA PRO UNLIMITED WATER SPORTS (EDF. KON-TIKI)","Playa Kontiki","La Altagracia","Vigente","Activa","Abierto","2026-04-23","8095437593",""
"Turismo de aventura","Parques acuáticos temáticos y/o recreativos y/o de atracciones","TA-2TTE-1801-00108","105082845","Ocean World","Cofresi","Puerto Plata","Vigente","Activa","Abierto","2026-07-30","8092911111",""
"Turismo de aventura","Viajes en botes","TA-1AVB-1201-01946","131227279","Bibelenke Tropical","Rio Salado","La Romana","Incompleta","Inactiva","Cerrado","","8095562579",""
"Turismo de aventura","Viajes en botes","TA-1AVB-1101-00178","124009359","Dominican Fantasy","Los Corales","La Altagracia","Vencida","Inactiva","Abierto","2024-03-16","8492526545",""
"Turismo de aventura","Viajes en botes","TA-1AVB-1101-00171","124009359","Dominican Fantasy","Los Corales","La Altagracia","Vencida","Inactiva","Abierto","2024-08-17","8492526545",""
"Turismo de aventura","Viajes en botes","TA-1AVB-1101-00175","130183912","Caribbean Festival","Los Corales","La Altagracia","Vencida","Inactiva","Abierto","2024-07-24","",""
"Turismo de aventura","Recreativas","TA-1ARE-1801-00847","131781608","Albano Tours","El Batey","Puerto Plata","Vencida","Inactiva","Abierto","2020-03-08","",""
"Turismo de aventura","Viajes en botes","TA-1AVB-1201-00133","131232574","Opexvi","Dominicus - Bayahibe","La Altagracia","Vigente","Activa","Abierto","2026-06-04","8095626001",""
"Turismo de aventura","Viajes en botes","TA-1AVB-2001-00749","131035175","JOEL & LUDI EXCURSIONS","Las Galeras","Samaná","Vigente","Activa","Abierto","2026-05-14","8099020225",""
"Turismo de aventura","Viajes en botes","TA-1AVB-1101-00792","130565384","Scape Park","Punta Cana","La Altagracia","Vigente","Activa","Abierto","2026-11-27","8095631273",""
"Turismo de aventura","Viajes en botes","TA-1AVB-1101-00936","105085437","BEBE CATAMARANS","Playa Bibijagua","La Altagracia","Vigente","Activa","Abierto","2026-08-07","8493607373",""
"Turismo de aventura","Viajes en botes","TA-1AVB-3204-02017","131120441","Trasvina","Boca Chica","Santo Domingo","Vencida","Inactiva","Cerrado","2021-03-18","8092214599",""
"Turismo de aventura","Escuela de buceo","TA-1AEB-1101-00236","119019887","Manta Divers (Hard Rock Punta Cana)","Punta Cana","La Altagracia","Vencida","Inactiva","Abierto","2022-06-15","8095015987",""
"Turismo de aventura","Escuela de buceo","TA-1AEB-1102-00752","130836108","Tortuga Divers MC","Dominicus - Bayahibe","La Altagracia","Vencida","Inactiva","Abierto","2021-05-07","8092214599",""
"Turismo de aventura","Viajes en botes","TA-1AVB-1807-01929","9700149264","Raul Actividades Acuaticas","Playa de Sosúa","Puerto Plata","Vencida","Inactiva","Abierto","2012-06-02","8299100395",""
"Turismo de aventura","Viajes en botes","TA-1AVB-1101-02580","131216064","TAIGÜEY EMOTION SHOW PC","Punta Cana","La Altagracia","Vigente","Activa","Abierto","2026-12-12","8098471010",""
"Turismo de aventura","Recreativas","TA-1ARE-1101-02055","105022907","SEA PRO UNLIMITED WATER SPORTS","Punta Cana","La Altagracia","Vencida","Inactiva","Abierto","2026-02-18","8093202567",""
"Turismo de aventura","Viajes en botes","TA-1AVB-2001-00748","131802372","Compañia De Transporte Maritimo ""Meroly""","Malecón","Samaná","En proceso","Activa","Abierto","","8297206840",""
"Turismo de aventura","Escuela de surf","TA-1ASU-2001-00364","131156908","Pirata Surf School","Las Terrenas","Samaná","Vencida","Inactiva","Cerrado","2021-05-26","8293339000",""
"Turismo de aventura","Viajes en botes","TA-1AVB-1101-00737","131652794","BAILON EXCURSIONES LA FUENTE (TA)","Punta Cana","La Altagracia","Vencida","Inactiva","Abierto","2021-05-26","8092854242",""
"Turismo de aventura","Viajes en botes","TA-1AVB-1101-00107","131743562","Nautilus Investments","Bávaro","La Altagracia","Vencida","Inactiva","Abierto","2022-06-28","8096043438",""
"Turismo de aventura","Parques acuáticos temáticos y/o recreativos y/o de atracciones","TA-2TAC-1101-01363","131517293","Downtown Extreme Pclf","Punta Cana","La Altagracia","Vencida","Inactiva","Cerrado","2021-03-25","8092293990",""
"Turismo de aventura","Escuela de surf","TA-1AEP-1801-00745","131883737","321 Take Off","Playa Encuentro, Cabarete","Puerto Plata","Vencida","Inactiva","Cerrado","2021-05-26","8098564798",""
"Turismo de aventura","Viajes en botes","TA-1AVB-2001-01944","130257477","Scubaquatic","Macao","Samaná","Vencida","Inactiva","Cerrado","2013-05-14","8095471654",""
"Turismo de aventura","Parasailing","TA-3APS-1101-02050","105022907","SEAPRO UNLIMITED WHATER SPORT -NOW LARIMAR & SECRETS ROYAL BEACH, BAVARO","Punta Cana","La Altagracia","Vencida","Inactiva","Abierto","2020-03-27","8093202567",""
"Turismo de aventura","Parques acuáticos temáticos y/o recreativos y/o de atracciones","TA-2TTE-1807-00335","105059632","Sosua Ocean Village","Playa Chiquita","Puerto Plata","Vencida","Inactiva","Abierto","2021-03-27","8299612268",""
"Turismo de aventura","Escuela de surf","TA-1ASU-1101-01094","119019887","Manta Divers","Bávaro","La Altagracia","Vencida","Inactiva","Abierto","2017-04-25","8095015987",""
"Turismo de aventura","Recreativas","TA-1ARE-1101-01411","105022907","Sea Pro Unlimited Watersports (HOTEL IMPRESSIVE)","Bávaro","La Altagracia","Vencida","Inactiva","Abierto","2023-05-06","8093202567",""
"Turismo de aventura","Viajes en botes","TA-1AVB-1101-01979","131772082","Jatap Services","Playa Jelly Fish","La Altagracia","Vencida","Inactiva","Cerrado","2020-04-02","8096043438",""
"Turismo de aventura","Viajes en botes","TA-1AVB-1101-02012","130869251","Emotion Caribbean At The Sea Bind","Playa Jelly Fish","La Altagracia","Vencida","Inactiva","Cerrado","2020-04-02","8097146088",""
"Turismo de aventura","Recreativas","TA-1ARE-1101-00196","130468419","Dolin Dive And Water Sports","Playa Bávaro","La Altagracia","Vigente","Activa","Abierto","2026-11-03","8092218149",""
"Turismo de aventura","Viajes en botes","TA-1AVB-1102-00876","130936511","Sky Tours","Dominicus - Bayahibe","La Altagracia","Vencida","Inactiva","Abierto","2023-11-21","8092214599",""
"Turismo de aventura","Viajes en botes","TA-1AVB-1101-00195","130468419","Dolin Dive And Water Sports","Playa Bávaro","La Altagracia","Vigente","Activa","Abierto","2026-11-03","8092218149",""
"Turismo de aventura","Viajes en botes","TA-1AVB-1101-02031","131853439","TAXI BOAT PUNTA CANA BAVARO UVERO ALTO AFJ","Bávaro","La Altagracia","Vencida","Inactiva","Cerrado","2023-02-28","8293768122",""
"Turismo de aventura","Escuela de buceo","TA-1AEB-1101-00197","130468419","Dolin Dive And Water Sports","Playa Bávaro","La Altagracia","Vigente","Activa","Abierto","2026-11-04","8092218149",""
"Turismo de aventura","Recreativas","TA-1ARE-1807-01451","105017709","Deportes Acuáticos Costa Norte","El Batey","Puerto Plata","Vencida","Inactiva","Cerrado","2006-09-12","8095711028",""
"Turismo de aventura","Zip line-Canopy","TA-3AZI-1402-00334","131710662","Laguna Dudu","Cabrera","María Trinidad Sánchez","Vencida","Inactiva","Abierto","2021-06-23","8293558935",""
"Turismo de aventura","Recreativas","TA-1ARE-1101-00237","119019887","Manta Divers","Punta Cana","La Altagracia","Vencida","Inactiva","Abierto","2022-07-14","8095015987",""
"Turismo de aventura","Escuela de buceo","TA-1AEB-1102-00211","119019887","Manta Divers (Hotel Iberostar Hacienda Dominicus)","Dominicus - Bayahibe","La Altagracia","Incompleta","Inactiva","Abierto","","8095015987",""
"Turismo de aventura","Zip line-Canopy","TA-3AZI-1101-00742","130556296","Jungle Zip Lines","Anamuya","La Altagracia","Vencida","Inactiva","Cerrado","2021-06-26","8094684041",""
"Turismo de aventura","Parasailing","TA-3APS-1101-02052","105022907","SEA PRO UNLIMITED WATERSPORTS (HOTEL DREAMS PALMS BEACH)","Punta Cana","La Altagracia","Vencida","Inactiva","Abierto","2020-03-04","8093202567",""
"Turismo de aventura","Parasailing","TA-3APS-1101-02051","105022907","SEA PRO UNLIMITED WATERSPORTS (CARIBE DELUXE PRINCESS)","Bávaro","La Altagracia","Vencida","Inactiva","Abierto","2020-04-04","8093202567",""
"Turismo de aventura","Zip line-Canopy","TA-3AZI-1101-00881","105049848","Luna Tours","Anamuya","La Altagracia","Vigente","Activa","Abierto","2027-01-15","8094511135",""
"Turismo de aventura","Recreativas","TA-1ARE-1101-01357","131000231","PESCANDO & COMIENDO ACUARIO I","Playa Jelly Fish","La Altagracia","Vencida","Inactiva","Abierto","2023-06-29","8097696101",""
"Turismo de aventura","Viajes en botes","TA-1AVB-1102-00751","131442854","ALKQUIMIA TOURS (TA)","Dominicus - Bayahibe","La Altagracia","Vencida","Inactiva","Abierto","2023-11-22","8296995852",""
"Turismo de aventura","Viajes en botes","TA-1AVB-1101-00740","131114385","Lazuli Sailing","Bávaro","La Altagracia","Vigente","Activa","Abierto","2026-12-29","8299622010",""
"Turismo de aventura","Escuela de kitesurf","TA-1AEK-1101-02438","131199140","AZPAT KITE SURFING AQUIATIC (EK) - CABEZA DE TORO","Cabeza de Toro","La Altagracia","Vencida","Inactiva","Abierto","2021-08-13","8496531965",""
"Turismo de aventura","Rancho de caballos","TA-2TRC-1101-00736","119502731","Pat Ranch","Punta Cana","La Altagracia","Incompleta","Inactiva","Abierto","","8092238896",""
"Turismo de aventura","Viajes en botes","TA-1AVB-3204-02076","131113583","Winslow & Leyda","Playa de Boca Chica","Santo Domingo","Vencida","Inactiva","Cerrado","2020-04-10","8298538161",""
"Turismo de aventura","Viajes en botes","TA-1AVB-1402-02014","5600202351","Velamar Aquasports (Dulce Fidelina Pichardo De Tobal)","Playa Arroyo Salado","María Trinidad Sánchez","Vencida","Inactiva","Abierto","2020-04-10","8097251653",""
"Turismo de aventura","Viajes en botes","TA-1AVB-1101-01992","130716112","Coral View Investment","Punta Cana","La Altagracia","Vencida","Inactiva","Cerrado","2020-04-11","8296593874",""
"Turismo de aventura","Recreativas","TA-1ARE-1102-01452","101167203","Promotora Dominicana Del Caribe","Bayahibe","La Altagracia","Vencida","Inactiva","Abierto","2022-02-09","8095626001",""
"Turismo de aventura","Pesca","TA-1APS-1101-01376","131000231","Pescando Y Cominedo Acuario I","Playa Arena Gorda","La Altagracia","Vencida","Inactiva","Abierto","2020-04-12","8097696101",""
"Turismo de aventura","Recreativas","TA-1ARE-1101-01446","105022907","Sea Pro Unlimited Watersports- Hotel Flamenco","Punta Cana","La Altagracia","Vencida","Inactiva","Abierto","2015-06-10","8093202567",""
"Turismo de aventura","Pesca","TA-1APS-1101-01377","131000231","PESCANDO & COMIENDO ACUARIO","Playa Jelly Fish","La Altagracia","Vencida","Inactiva","Abierto","2023-06-29","8492016101",""
"Turismo de aventura","Parasailing","TA-3APS-1101-00734","131470092","Five Octopuse","El Cortecito","La Altagracia","Vencida","Inactiva","Cerrado","2021-09-28","8294212858",""
"Turismo de aventura","Viajes en botes","TA-1AVB-1201-00743","130705348","ABAMAX INVERSIONES","Casa de Campo","La Romana","Vigente","Activa","Cerrado","2026-11-17","8498168766",""
"Turismo de aventura","Viajes en botes","TA-1AVB-2001-00807","131824252","Ozeanic Caribbean","Samaná - Centro Ciudad","Samaná","En proceso","Activa","Abierto","","8099020225",""
"Turismo de aventura","Viajes en botes","TA-1AVB-1101-02046","130813932","PFI (Profile Forum Integrated Global)","Bávaro","La Altagracia","Vencida","Inactiva","Cerrado","2013-06-15","",""
"Turismo de aventura","Zip line-Canopy","TA-3AZI-1801-00879","131001734","COUNTRYWORLD","Maimón","Puerto Plata","Vigente","Activa","Cerrado","2026-11-25","8297905555",""
"Turismo de aventura","Rancho de caballos","TA-2TRC-1801-00880","131001734","COUNTRY WORLD","Las Avispas de Maimón","Puerto Plata","Vigente","Activa","Cerrado","2026-11-25","8297905555",""
"Turismo de aventura","Viajes en botes","TA-1AVB-1101-00176","131513506","Gafe del Mar","Bávaro","La Altagracia","Vigente","Activa","Abierto","2026-11-12","8298507005",""
"Turismo de aventura","Zip line-Canopy","TA-3AZI-1101-02264","130565384","SCAPE PARK","Cap Cana","La Altagracia","Incompleta","Inactiva","Abierto","","8095631273",""
"Turismo de aventura","Viajes en botes","TA-1AVB-1101-02013","131368395","Everest Tours","Playa Cabeza De Toro","La Altagracia","Vencida","Inactiva","Abierto","2020-04-24","8296599910",""
"Turismo de aventura","Rancho de caballos","TA-2TRC-1801-00336","131244823","Rancho Los Cacaos","Maimón","Puerto Plata","Vencida","Inactiva","Abierto","2021-10-20","",""
"Turismo de aventura","Viajes en botes","TA-1AVB-1201-00888","112101436","Palmera Turistica Saona","villa hermosa","La Romana","Vigente","Activa","Abierto","2026-09-03","8296503266",""
"Turismo de aventura","Parques acuáticos temáticos y/o recreativos y/o de atracciones","TA-2TTE-1101-00735","130565384","Scape Park Saltos Azules","Cap Cana","La Altagracia","Vigente","Activa","Abierto","2027-08-12","8095631273",""
"Turismo de aventura","Viajes en botes","TA-1AVB-1201-00890","112110362","Sail Saona Adventure","Buena Vista Norte","La Altagracia","Vencida","Inactiva","Cerrado","2020-05-06","8095507613",""
"Turismo de aventura","Escuela de kitesurf","TA-1AEK-1101-00776","131516106","The King Of Board Cabeza De Toro","Mercado de los Guineos","La Altagracia","Vencida","Inactiva","Cerrado","2021-10-27","8295647815",""
"Turismo de aventura","Escuela de buceo","TA-1AEB-1101-02020","131607012","Grand Bay Of The Sea","Punta Cana","La Altagracia","Vencida","Inactiva","Abierto","2020-05-08","8297239338",""
"Turismo de aventura","Recreativas","TA-1ARE-1404-00730","131322222","LAMROSE GROUP","PLAYA GRANDE","María Trinidad Sánchez","Incompleta","Inactiva","Cerrado","","8494510690",""
"Turismo de aventura","Escuela de buceo","TA-1AEB-2001-00746","130591326","Las Galeras Divers","Las Galeras","Samaná","Vigente","Activa","Cerrado","2026-08-14","8095380220",""
"Turismo de aventura","Pesca","TA-1APS-1101-01378","130669376","Sundown Dominicana","Bávaro","La Altagracia","Vencida","Inactiva","Abierto","2020-06-16","8497464324",""
"Turismo de aventura","Escuela de surf","TA-1ASU-1404-00731","131322222","LAMROSE GROUP","Rio san Juan","María Trinidad Sánchez","Vencida","Inactiva","Cerrado","2025-08-12","8096839111",""
"Turismo de aventura","Escuela de buceo","TA-1AEB-1101-01437","130669376","Pelicano Sport","Bávaro","La Altagracia","Vencida","Inactiva","Abierto","2020-05-16","8097294242",""
"Turismo de aventura","Parasailing","TA-3APS-1101-01358","130669376","Sundown Dominicana","Bávaro","La Altagracia","Vencida","Inactiva","Abierto","2020-05-16","8097294243",""
"Turismo de aventura","Viajes en botes","TA-1AVB-2003-00750","131344518","Mad Cow","Las Terrenas","Samaná","Vencida","Inactiva","Abierto","2021-11-11","8298907715",""
"Turismo de aventura","Viajes en botes","TA-1AVB-1101-02049","105022907","Sea Pro Unlimited Watersports (HOTEL DREAMS PALM BEACH)","Punta Cana","La Altagracia","Vencida","Inactiva","Abierto","2020-05-20","8093202567",""
"Turismo de aventura","Viajes en botes","TA-1AVB-1101-02073","105045044","Nexus Tours","Punta Cana","La Altagracia","Vencida","Inactiva","Abierto","2016-06-29","8094714441",""
"Turismo de aventura","Escuela de buceo","TA-1AEB-1102-01058","131447597","OPERADORA CANTABRICO (Dreams Dominicus LR, VB)","Dominicus - Bayahibe","La Altagracia","Vencida","Inactiva","Abierto","2018-06-07","8095521435",""
"Turismo de aventura","Viajes en botes","TA-1AVB-1101-01956","131067441","Margaritas Punta Cana","El Cortecito","La Altagracia","Vencida","Inactiva","Cerrado","2019-07-02","8097237658",""
"Turismo de aventura","Viajes en botes","TA-1AVB-1102-00732","130269211","Mariposa Tours","Dominicus - Bayahibe","La Altagracia","Vencida","Inactiva","Cerrado","2021-11-17","8096605343",""
"Turismo de aventura","Recreativas","TA-1ARE-1101-01083","105022907","SEA PRO UNLIMITED WATERSPORTS (HOTEL NOW ONIX & BREATHLESS)","Uvero Alto","La Altagracia","Vencida","Inactiva","Abierto","2026-02-18","8097544707",""
"Turismo de aventura","Viajes en botes","TA-1AVB-1101-02029","130669376","Sundown Dominicana","Bávaro","La Altagracia","Vencida","Inactiva","Abierto","2024-09-13","8497464324",""
"Turismo de aventura","Escuela de buceo","TA-1AEB-1102-01075","131255671","Prodive Pdi","Dominicus - Bayahibe","La Altagracia","Vencida","Inactiva","Abierto","2020-05-27","",""
"Turismo de aventura","Viajes en botes","TA-1AVB-1102-02022","131255671","Prodive Pdi","Dominicus - Bayahibe","La Altagracia","Vencida","Inactiva","Abierto","2020-05-28","",""
"Turismo de aventura","Escuela de buceo","TA-1AEB-3204-01078","130961107","Tropical Sea Divers","Boca Chica","Santo Domingo","Vencida","Inactiva","Cerrado","2018-06-26","8296979522",""
"Turismo de aventura","Viajes en botes","TA-1AVB-1102-00778","130696691","Alamos Travel","Bayahibe","La Altagracia","Vigente","Activa","Abierto","2026-07-28","8096869292",""
"Turismo de aventura","Viajes en botes","TA-1AVB-1101-00741","132085142","Sophca Travel Tour Operador","Bávaro","La Altagracia","Vencida","Inactiva","Cerrado","2021-12-01","8097726993",""
"Turismo de aventura","Escuela de kitesurf","TA-1AEK-1101-00733","130814491","BÁVARO KITEBOARDING - CABEZA DE TORO","Bávaro","La Altagracia","Vigente","Activa","Cerrado","2027-01-16","8092582062",""
"Turismo de aventura","Rancho de caballos","TA-2TRC-0903-02318","130819696","RANCHO EL CONTENTO","Veragua","Espaillat","Vencida","Inactiva","Cerrado","2016-07-20","8297088202",""
"Turismo de aventura","Viajes en botes","TA-1AVB-1201-00744","130210918","Caribbean Adventure Tours","Casa de Campo","La Romana","En proceso","Activa","Cerrado","","8297175244",""
"Turismo de aventura","Parasailing","TA-3APS-3204-01356","130887136","Triton Buddies Tour","Bávaro","Santo Domingo","Vencida","Inactiva","Cerrado","2018-07-12","8095236676",""
"Turismo de aventura","Viajes en botes","TA-1AVB-0202-01996","00104398912","Multiservicios El Makey","La Marina","Azua","Vencida","Inactiva","Abierto","2020-02-21","",""
"Turismo de aventura","Rancho de caballos","TA-2TRC-1101-01384","131086659","La Hacienda Park","Bávaro","La Altagracia","Vencida","Inactiva","Abierto","2025-11-13","8296394580",""
"Turismo de aventura","Viajes en botes","TA-1AVB-1101-00755","131175805","BAUNTY TOUR DOMINICANA","Pueblo Bávaro","La Altagracia","Vencida","Inactiva","Cerrado","2024-10-23","8095555555",""
"Turismo de aventura","Parasailing","TA-3APS-1101-01351","131080383","Escuela del Marullo","Bayahíbe","La Romana","Vencida","Inactiva","Cerrado","2017-07-27","8095521359",""
"Turismo de aventura","Escuela de buceo","TA-1AEB-2003-00816","131341683","The Dive Academy Maritime International Tiamy","Las Terrenas","Samaná","Vigente","Activa","Abierto","2026-12-01","8299069618",""
"Turismo de aventura","Viajes en botes","TA-1AVB-1404-00820","131984304","Marlin Chaser Express (La Calina Express, S.R.L )","Rio San Juan","María Trinidad Sánchez","Vencida","Inactiva","Abierto","2021-12-23","8299177075",""
"Turismo de aventura","Viajes en botes","TA-1AVB-1101-01988","130716112","Coral View Investment","Playa Arena Gorda","La Altagracia","Vencida","Inactiva","Cerrado","2020-06-17","8296593874",""
"Turismo de aventura","Escuela de buceo","TA-1ARE-1101-01403","130836108","Tortuga Divers MC","Boca Chica","La Altagracia","Vencida","Inactiva","Abierto","2017-08-03","8092214599",""
"Turismo de aventura","Zip line-Canopy","TA-3AZI-1101-02315","131086659","La Hacienda Park","Anamuya","La Altagracia","Vencida","Inactiva","Abierto","2026-01-03","8296394580",""
"Turismo de aventura","Recreativas","TA-1ARE-1801-01405","130836108","Tortuga Divers MC","Costa Dorada","Puerto Plata","Vencida","Inactiva","Abierto","2017-08-03","8092214599",""
"Turismo de aventura","Viajes en botes","TA-1AVB-1101-02019","131268171","B&N International Group","Bávaro","La Altagracia","Vencida","Inactiva","Cerrado","2016-08-03","8095520802",""
"Turismo de aventura","Viajes en botes","TA-1AVB-1102-00887","131418686","ITAL CRUISE","Dominicus - Bayahibe","La Altagracia","En proceso","Activa","Abierto","","8294470186",""
"Turismo de aventura","Recreativas","TA-1ARE-1102-01441","119019887","Manta Divers","Dominicus - Bayahibe","La Altagracia","Vencida","Inactiva","Abierto","2019-09-12","8095015987",""
"Turismo de aventura","Recreativas","TA-1ARE-1807-02005","130080496","Deportes Acuáticos Yuly","Cofresí","Puerto Plata","Vencida","Inactiva","Abierto","2020-07-30","8093152627",""
"Turismo de aventura","Viajes en botes","TA-1AVB-1102-01995","130809208","Serv. De Excursiones Eco.  El Jabalí","Boca de Yuma","La Altagracia","Vencida","Inactiva","Abierto","2012-10-12","8296494749",""
"Turismo de aventura","Viajes en botes","TA-1AVB-1801-02016","105048973","Espíritu Libre (Free Style) Catamarán","Playa Dorada","Puerto Plata","Vencida","Inactiva","Abierto","2024-12-28","8095861239",""
"Turismo de aventura","Viajes en botes","TA-1AVB-1807-01948","130449041","Vista Dominicana","Cabarete","Puerto Plata","Vencida","Inactiva","Abierto","2018-09-26","8098891198",""
"Turismo de aventura","Escuela de buceo","TA-1AEB-1101-00212","119019887","Manta Divers (Hotel Iberostar Bavaro)","Bávaro","La Altagracia","Vigente","Activa","Abierto","2026-05-28","8095015987",""
"Turismo de aventura","Viajes en botes","TA-1AVB-1101-00179","130851672","I Caribbean Adventure SAJ","El Cortecito","La Altagracia","Incompleta","Inactiva","Abierto","","8095521597",""
"Turismo de aventura","Recreativas","TA-1ARE-1801-01407","130588562","Kayak River Adventure","Cabarete","Puerto Plata","Vencida","Inactiva","Cerrado","2013-01-19","8093056883",""
"Turismo de aventura","Rancho de caballos","TA-2TRC-1801-01380","130448752","Caballeriza Cheyenne","Puerto Plata - Centro Ciudad","Puerto Plata","Vencida","Inactiva","Cerrado","2009-10-22","8095861487",""
"Turismo de aventura","Recreativas","TA-1ARE-1101-01417","131191143","AZPAT KITE SURFING AQUATIC SPORTS (RE)","Uvero Alto","La Altagracia","Vencida","Inactiva","Abierto","2020-01-25","8495691966",""
"Turismo de aventura","Viajes en botes","TA-1AVB-1801-01966","101764465","El Paraiso Tours","puerto plata","Puerto Plata","Vigente","Activa","Abierto","2026-08-22","8093207606",""
"Turismo de aventura","Recreativas","TA-1ARE-3204-01401","130836108","Tortuga Divers MC","Boca Chica","Santo Domingo","Vencida","Inactiva","Abierto","2017-09-09","8092214599",""
"Turismo de aventura","Rancho de caballos","TA-2TRC-1801-01382","105055597","Hacienda Rancho Resort","Maripica","Puerto Plata","Vencida","Inactiva","Cerrado","2010-07-06","8097227716",""
"Turismo de aventura","Recreativas","TA-1ARE-1801-01448","131344242","Punta Rusia Blue Island-Prbi","Punta Rusia","Puerto Plata","Vencida","Inactiva","Abierto","2020-09-02","8093992927",""
"Turismo de aventura","Recreativas","TA-1ARE-1101-02265","130565384","Scape Park","Cap Cana","La Altagracia","Vencida","Inactiva","Abierto","2019-09-27","8095631273",""
"Turismo de aventura","Escuela de buceo","TA-1AEB-1404-01064","131001701","Happy Dive Center DH","Nagua - Centro","María Trinidad Sánchez","Vencida","Inactiva","Cerrado","2017-09-21","8494089047",""
"Turismo de aventura","Viajes en botes","TA-1AVB-1102-00889","119501824","BAYAHIBE ACUATIC TOURS (VB)","Dominicus - Bayahibe","La Altagracia","Vigente","Activa","Abierto","2026-06-26","8098330035",""
"Turismo de aventura","Escuela de buceo","TA-1AEB-3204-01080","131584519","Boca Chica Divers Center","Boca Chica","Santo Domingo","Vencida","Inactiva","Abierto","2020-09-02","8098543483",""
"Turismo de aventura","Parasailing","TA-3APS-1101-01354","13127971","Chute EM UP Parasail","Playa los corales","La Altagracia","Vencida","Inactiva","Abierto","2019-10-15","8094911796",""
"Turismo de aventura","Recreativas","TA-1ARE-1807-01426","131277993","WILD PLAY ADVENTURE-WIPAD","El Batey","Puerto Plata","Vencida","Inactiva","Abierto","2016-10-22","8099707990",""
"Turismo de aventura","Recreativas","TA-1ARE-0202-01450","131963595","Palmar Acuatic Sport","Palmar de Ocoa","Azua","Vencida","Inactiva","Cerrado","2020-09-11","8296733932",""
"Turismo de aventura","Recreativas","TA-1ARE-1101-01444","131827497","Recreational Crafts Dr","Bávaro","La Altagracia","Vencida","Inactiva","Cerrado","2020-11-09","8296022052",""
"Turismo de aventura","Parasailing","TA-3APS-1101-01447","131427162","ACTIVIDADES ACUÁTICAS NUÑEZ","Juan Pablo Duarte","La Altagracia","Vencida","Inactiva","Abierto","2020-09-16","8092232459",""
"Turismo de aventura","Viajes en botes","TA-1AVB-1201-00126","130234213","Cap Saona","La Romana - Centro Ciudad","La Romana","Vencida","Inactiva","Cerrado","2019-10-19","8095561008",""
"Turismo de aventura","Recreativas","TA-1ARE-0202-01439","00110165453","Juan Antonio Adriano (Perla Negra Tours)","Palmar de Ocoa","Azua","Vencida","Inactiva","Abierto","2020-09-17","",""
"Turismo de aventura","Recreativas","TA-1ARE-1807-01442","131334571","Dakep","Sosua","Puerto Plata","Vencida","Inactiva","Cerrado","2020-09-19","8292592386",""
"Turismo de aventura","Viajes en botes","TA-1AVB-1101-02071","105045044","Nexus Tours","Bávaro","La Altagracia","Vencida","Inactiva","Abierto","2020-09-20","8094714441",""
"Turismo de aventura","Viajes en botes","TA-1AVB-1101-02067","105045044","Nexus Tours","Arena Gorda","La Altagracia","Vencida","Inactiva","Abierto","2020-09-20","8094714441",""
"Turismo de aventura","Viajes en botes","TA-1AVB-1101-02072","105045044","Nexus Tours","Bávaro","La Altagracia","Vencida","Inactiva","Abierto","2020-09-20","8094714441",""
"Turismo de aventura","Viajes en botes","TA-1AVB-1101-00685","119019887","Manta Divers (Hotel Iberostar Bavaro,VB)","Bávaro","La Altagracia","Vencida","Inactiva","Abierto","2025-03-21","8294522601",""
"Turismo de aventura","Viajes en botes","TA-1AVB-1101-02070","105045044","Nexus Tours","Los Cambrones","La Altagracia","Vencida","Inactiva","Abierto","2020-09-25","8094714441",""
"Turismo de aventura","Pesca","TA-1APS-1101-01379","131277586","Big Marlin Tours","Bávaro","La Altagracia","Vencida","Inactiva","Abierto","2020-09-25","",""
"Turismo de aventura","Viajes en botes","TA-1AVB-1101-00909","130013713","FREE BIRD","Cabeza de Toro","La Altagracia","Vigente","Activa","Abierto","2026-06-20","8095528868",""
"Turismo de aventura","Zip line-Canopy","TA-3AZI-1201-02227","130845702","Cumayasa Sky Adventure","La Romana","La Romana","Vencida","Inactiva","Abierto","2019-10-30","8297555052",""
"Turismo de aventura","Viajes en botes","TA-1AVB-1101-02339","130425663","Inversiones Fuentes Del Mar S.A.","Playa el Cortecito","La Altagracia","Sin licencia","En formación","Cerrado","","",""
"Turismo de aventura","Parques acuáticos temáticos y/o recreativos y/o de atracciones","TA-2TTE-1101-01370","131071627","Puerto Del Sur","Higüey","La Altagracia","Vencida","Inactiva","Cerrado","2017-10-22","8095521444",""
"Turismo de aventura","Viajes en botes","TA-1AVB-1801-01998","130570434","Tours Isla Del Coral","Punta Rusia","Puerto Plata","Vencida","Inactiva","Abierto","2020-10-01","8092123657",""
"Turismo de aventura","Parques acuáticos temáticos y/o recreativos y/o de atracciones","TA-2TAC-1101-00111","130742601","AQUA NICK","Uvero Alto","La Altagracia","Vencida","Inactiva","Cerrado","2026-02-01","8096972929",""
"Turismo de aventura","Parques acuáticos temáticos y/o recreativos y/o de atracciones","TA-2TTE-1101-00777","131078516","DOLPHIN DISCOVERY","Punta Cana","La Altagracia","Vencida","Inactiva","Abierto","2024-10-25","8099785030",""
"Turismo de aventura","Parques acuáticos temáticos y/o recreativos y/o de atracciones","TA-2TTE-1101-01373","130892709","BAP BAVARO ADVENTURE PARK (TTE)","Cabeza de Toro","La Altagracia","Vigente","Activa","Abierto","2026-03-12","809681010",""
"Turismo de aventura","Viajes en botes","TA-1AVB-1101-01950","131792812","TROPICAL WATER FUN SERVICES TWFS","Playa Bávaro","La Altagracia","Vencida","Inactiva","Cerrado","2019-12-10","",""
"Turismo de aventura","Viajes en botes","TA-1AVB-1101-02065","105045044","Nexus Tours","Bávaro","La Altagracia","Vencida","Inactiva","Abierto","2020-10-17","8094714441",""
"Turismo de aventura","Viajes en botes","TA-1AVB-1101-02068","105045044","Nexus Tours","Arena Gorda","La Altagracia","Vencida","Inactiva","Abierto","2020-10-17","8094714441",""
"Turismo de aventura","Viajes en botes","TA-1AVB-1101-02066","105045044","Nexus Tours","Punta Cana","La Altagracia","Vencida","Inactiva","Abierto","2020-10-22","8094714441",""
"Turismo de aventura","Escuela de kitesurf","TA-1AEK-1501-01090","131430821","Kite Buen Hombre","Playa Buen Hombre, Monte Cristi","Monte Cristi","Vigente","Activa","Abierto","2026-12-08","8295212367",""
"Turismo de aventura","Parques acuáticos temáticos y/o recreativos y/o de atracciones","TA-2TTE-1807-01371","130662258","Monkey Jungle Dominicana","Cabarete","Puerto Plata","Vencida","Inactiva","Abierto","2021-10-22","8092550980",""
"Turismo de aventura","Recreativas","TA-1ARE-0202-01443","131961322","Bahia Palmar De Ocoa","Las Charcas","Azua","Vencida","Inactiva","Cerrado","2020-10-22","8093771449",""
"Turismo de aventura","Pesca","TA-1APS-1807-01375","131833853","ALBERTO FISHING TOURS OPERADORA (PESCA)","Playa Sosua","Puerto Plata","Vencida","Inactiva","Abierto","2026-02-17","8092123657",""
"Turismo de aventura","Viajes en botes","TA-1ARE-1101-01396","131171931","Ballena Tours","Bávaro","La Altagracia","Vencida","Inactiva","Cerrado","2017-10-12","8094557575",""
"Turismo de aventura","Recreativas","TA-1ARE-1102-01430","101719257","Inversiones Punta Laguna","Dominicus - Bayahibe","La Altagracia","Vigente","Activa","Abierto","2026-08-15","8295203024",""
"Turismo de aventura","Recreativas","TA-1ARE-1101-01428","101563372","INVERSIONES CORALILLO","Arena Gorda","La Altagracia","Vigente","Activa","Abierto","2026-09-30","8295203024",""
"Turismo de aventura","Viajes en botes","TA-1AVB-1101-00686","119019887","Manta Divers (Hotel Iberostar Hacienda Dominicus,VB)","Dominicus - Bayahibe","La Altagracia","Vencida","Inactiva","Abierto","2025-03-19","8294522601",""
"Turismo de aventura","Viajes en botes","TA-1AVB-2003-02038","114263536","Felipe Perez Peña (Yovaina Tours)","Las Terrenas","Samaná","Vencida","Inactiva","Abierto","2020-05-31","",""
"Turismo de aventura","Viajes en botes","TA-1AVB-1101-02041","130711399","Marina Caribe","Punta Cana","La Altagracia","Vigente","Activa","Abierto","2026-05-28","8098625540",""
"Turismo de aventura","Recreativas","TA-1ARE-1102-01445","130386552","Soleil Rouce","Playa Bayahíbe","La Altagracia","Vencida","Inactiva","Cerrado","2017-10-27","8298920989",""
"Turismo de aventura","Viajes en botes","TA-1AVB-1201-01961","131170803","Nautica Calipso","La Romana - Centro Ciudad","La Romana","Vencida","Inactiva","Cerrado","2017-02-10","8095079942",""
"Turismo de aventura","Viajes en botes","TA-1AVB-1101-02069","105045044","Nexus Tours","Punta Cana","La Altagracia","Vencida","Inactiva","Abierto","2020-10-30","8094714441",""
"Turismo de aventura","Rancho de caballos","TA-2TRC-1801-02538","131846394","MEGA ADVENTURES","Barrabas","Puerto Plata","Vigente","Activa","Abierto","2026-03-07","8095863611",""
"Turismo de aventura","Parques acuáticos temáticos y/o recreativos y/o de atracciones","TA-2TTE-1101-00067","130920249","Dolphin Explorer","Bávaro","La Altagracia","Vigente","Activa","Abierto","2027-07-23","8094682000",""
"Turismo de aventura","Viajes en botes","TA-1AVB-1102-02036","130695492","Caribbean Saona","La Romana","La Romana","Vigente","Activa","Abierto","2026-12-11","8098132366",""
"Turismo de aventura","Zip line-Canopy","TA-3AZI-1801-01387","131846394","MEGA ADVENTURES","Barrabas","Puerto Plata","Vencida","Inactiva","Abierto","2025-12-02","8095863611",""
"Turismo de aventura","Viajes en botes","TA-1AVB-1101-01926","131984088","Monzarbetes Brothers Tours Services","Playa Macao","La Altagracia","Vencida","Inactiva","Cerrado","2020-11-06","8492681763",""
"Turismo de aventura","Viajes en botes","TA-1AVB-1101-02035","131984088","Monzarbetes Brothers Tours Services","Boca de Yuma","La Altagracia","Vencida","Inactiva","Cerrado","2023-06-21","8492681763",""
"Turismo de aventura","Viajes en botes","TA-1AVB-1101-02048","130839794","Side By Side Adventures","Punta Cana","La Altagracia","Vencida","Inactiva","Abierto","2025-05-17","8099590933",""
"Turismo de aventura","Viajes en botes","TA-1AVB-0802-02033","131984088","Monzarbetes Brothers Tours Services","Miches","El Seibo","Vencida","Inactiva","Cerrado","2020-11-08","8297591376",""
"Turismo de aventura","Viajes en botes","TA-1AVB-1101-02006","130498598","UBERO ALTO WATER FUN","Uvero Alto","La Altagracia","En proceso","Activa","Abierto","","8098045770",""
"Turismo de aventura","Viajes en botes","TA-1AVB-1101-01964","130859922","Eric Nautica","Cabeza de Toro","La Altagracia","Vencida","Inactiva","Cerrado","2020-02-11","8294517987",""
"Turismo de aventura","Viajes en botes","TA-1AVB-1101-01994","130515115","Uweton","Boca Chica","La Altagracia","Vencida","Inactiva","Abierto","2019-12-28","8099896912",""
"Turismo de aventura","Vuelo en helicóptero","TA-3AHE-1101-00075","101597852","Helidosa Aviation Group, S.A","Bávaro","La Altagracia","Vencida","Inactiva","Abierto","2024-03-09","8098264100",""
"Turismo de aventura","Rancho de caballos","TA-2TRC-0903-02437","130922713","Rancho Magante Eco Tours","Rio San Juan","María Trinidad Sánchez","Vencida","Inactiva","Abierto","2022-03-30","8098898189",""
"Turismo de aventura","Viajes en botes","TA-1AVB-1101-00165","130878161","LAMY CATAMARÁN TOURS COMPANY","Bávaro","La Altagracia","Vigente","Activa","Abierto","2027-01-16","8095528996",""
"Turismo de aventura","Recreativas","TA-1ARE-1101-01421","105045044","Nexus Tours","Playa Arena Gorda","La Altagracia","Vencida","Inactiva","Abierto","2019-02-16","8094714441",""
"Turismo de aventura","Viajes en botes","TA-1AVB-1102-01951","131009352","KENAVO TROPICAL","Dominicus - Bayahibe","La Romana","Vencida","Inactiva","Abierto","2025-02-22","8098130991",""
"Turismo de aventura","Parasailing","TA-3APS-1101-01449","131884504","Kinke Tours","Mercado Artesanal","La Altagracia","Vencida","Inactiva","Abierto","2020-12-10","8095529202",""
"Turismo de aventura","Viajes en botes","TA-1AVB-1404-01936","131322222","Lamrose Group","Playa Grande","María Trinidad Sánchez","Vencida","Inactiva","Cerrado","2021-01-30","8094755533",""
"Turismo de aventura","Zip line-Canopy","TA-3AZI-1404-02087","131322222","Lamrose Group","Playa Grande","María Trinidad Sánchez","Vencida","Inactiva","Cerrado","2021-01-30","8094551135",""
"Turismo de aventura","Viajes en botes","TA-1AVB-1102-01999","130848157","Coligrin Tours","Dominicus - Bayahibe","La Altagracia","Vencida","Inactiva","Abierto","2026-02-05","8097539469",""
"Turismo de aventura","Escuela de buceo","TA-1AEB-1101-01057","131001701","Happy Dive Center","Playa Jelly Fish","La Altagracia","Vencida","Inactiva","Cerrado","2016-12-30","8095892903",""
"Turismo de aventura","Escuela de buceo","TA-1AEB-1102-01056","110124929","Escuela de Buceo Gri Gri","Dominicus - Bayahibe","La Altagracia","Vencida","Inactiva","Cerrado","2013-02-02","8092214599",""
"Turismo de aventura","Rancho de caballos","TA-2TRC-1101-00174","130844704","Horse Play Punta Cana","Miches","La Altagracia","Vencida","Inactiva","Cerrado","2014-03-25","8297456044",""
"Turismo de aventura","Viajes en botes","TA-1AVB-1101-01923","130716112","Coral View Investment","Playa Bibijagua","La Altagracia","Vencida","Inactiva","Cerrado","2020-02-14","8296593874",""
"Turismo de aventura","Recreativas","TA-1ARE-1101-00191","105080402","Mariana Caribbean Sports- Hotel Occidental Punta Cana","Punta Cana","La Altagracia","Vencida","Inactiva","Abierto","2025-11-28","8094686532",""
"Turismo de aventura","Viajes en botes","TA-1AVB-1101-00217","130713987","Fantasea Park","Muelle Blanco","La Altagracia","Vencida","Inactiva","Abierto","2026-01-29","8097040011",""
"Turismo de aventura","Escuela de buceo","TA-1AEB-1102-02278","130878732","Escuela Y Tienda De Buceo Hayahibe","Dominicus - Bayahibe","La Altagracia","Incompleta","Inactiva","Abierto","","8292135823",""
"Turismo de aventura","Escuela de buceo","TA-1AEB-1101-00182","105080402","Mariana Caribbean Sports -Hotel Majestic  Elegance","Punta Cana","La Altagracia","Vigente","Activa","Abierto","2026-07-17","8094686532",""
"Turismo de aventura","Escuela de buceo","TA-1AEB-1807-00183","130945462","PABLO'S DIVING COMPANY","Playa Sosua","Puerto Plata","Vencida","Inactiva","Abierto","2026-01-07","8296628588",""
"Turismo de aventura","Escuela de buceo","TA-1AEB-1807-01060","105017709","Sociedad Deportes Acuáticos Costa Norte","El Batey","Puerto Plata","Vencida","Inactiva","Cerrado","2008-03-29","8095711028",""
"Turismo de aventura","Parasailing","TA-3APS-1101-01346","130716112","Coral View Investment","Playa Arena Gorda","La Altagracia","Vencida","Inactiva","Cerrado","2020-03-01","8296593874",""
"Turismo de aventura","Viajes en botes","TA-1AVB-1101-00070","132065921","ESPEJO DEL MAR","Playa Cortecito","La Altagracia","Sin licencia","En formación","Cerrado","","8295155405",""
"Turismo de aventura","Viajes en botes","TA-1AVB-1801-02442","105087294","VIAJES BALDEMORA","Sosúa","Puerto Plata","Vencida","Inactiva","Abierto","2005-05-06","8092843500",""
"Turismo de aventura","Viajes en botes","TA-1AVB-1201-02557","131950116","PILATRON SERVICIOS MARITIMO","La Piedra","La Romana","Sin licencia","En formación","Cerrado","","8095015987",""
"Turismo de aventura","Viajes en botes","TA-1AVB-1102-02566","131736009","Vivir el Caribe Tours and Travel","San Rafael del Yuma","La Altagracia","Sin licencia","En formación","Cerrado","","8098898686",""
"Turismo de aventura","Viajes en botes","TA-1AVB-1102-02569","101666803","OPERADORA CAOBA","Flor Bayahibe","La Altagracia","Vigente","Activa","Abierto","2026-06-16","8092992255",""
"Turismo de aventura","Escuela de buceo","TA-1AEB-1101-02570","131941885","ALJA FOOD COMPANY (ESCUELA DE BUCEO)","Cabeza de Toro","La Altagracia","Sin licencia","En formación","Cerrado","","8097962006",""
"Turismo de aventura","Viajes en botes","TA-1AVB-1101-02579","101789141","EMBAT BAYAHIBE","Dominicus - Bayahibe","La Altagracia","Sin licencia","En formación","Abierto","","8096888000",""
"Turismo de aventura","Recreativas","TA-1ARE-1801-02592","03701155347","JOEDAV WATER SPORTS","Playa Teco","Puerto Plata","Sin licencia","En formación","Cerrado","","8098681365",""
"Turismo de aventura","Recreativas","TA-1ARE-2102-02593","130436347","COCONUT PARADISE","Sabana Grande de Palenque","Distrito Nacional","Sin licencia","En formación","Abierto","","7862886793",""
"Turismo de aventura","Recreativas","TA-1ARE-1101-02054","105022907","SEA PRO UNLIMITED WATERSPORTS","Punta Cana","La Altagracia","Vencida","Inactiva","Abierto","2024-10-02","8299600007",""
"Turismo de aventura","Recreativas","TA-1ARE-1101-02596","131775802","KANAPARK","Bávaro","La Altagracia","Sin licencia","En formación","Cerrado","","8299600007",""
"Turismo de aventura","Escuela de kitesurf","TA-1AEK-1404-02609","131322222","LAMROSE GROUP","Playa Grande","María Trinidad Sánchez","Vencida","Inactiva","Cerrado","2024-05-19","8297085099",""
"Turismo de aventura","Paseo turístico","TA-2TPT-1801-02322","132225678","MAGIC JUNGLE","La Yasica","Puerto Plata","Sin licencia","En formación","Cerrado","","8294519368",""
"Turismo de aventura","Viajes en botes","TA-1AVB-1101-02615","132364279","CARIBBEAN STANDAR PICHARJE","El Cortecito","La Altagracia","Vencida","Inactiva","Cerrado","2024-06-22","8298858229",""
"Turismo de aventura","Viajes en botes","TA-1AVB-1101-02622","131871828","OKY SOLUTIONS TOURS","Bávaro","La Altagracia","Vigente","Activa","Cerrado","2027-02-12","8099948988",""
"Turismo de aventura","Viajes en botes","TA-1AVB-1101-02623","02600156547","TORO AQUATIC TOURS BY ERIC NAUTICA","Playa Cabeza De Toro","La Altagracia","Vencida","Inactiva","Cerrado","2020-02-11","8294517987",""
"Turismo de aventura","Viajes en botes","TA-1AVB-1101-02648","132334752","MACAO ACUATICA MARINA MBA","Playa Macao","La Altagracia","Sin licencia","En formación","Cerrado","","8299867390",""
"Turismo de aventura","Zip line-Canopy","TA-3AZI-1801-02576","132225678","MAGIC JUNGLE","La Yasica","Puerto Plata","Sin licencia","En formación","Cerrado","","8294519368",""
"Turismo de aventura","Viajes en botes","TA-1AVB-1101-02652","132297741","COASTLINE CANA TOURS","El Cortecito","La Altagracia","Vencida","Inactiva","Abierto","2024-12-14","8097876798",""
"Turismo de aventura","Escuela de kitesurf","TA-1AEK-1101-02653","131199143","AZPAT KITESURFING AQUATIC SPORTS (EK) - UVERO ALTO","Uvero Alto","La Altagracia","Vencida","Inactiva","Abierto","2023-03-03","8495691966",""
"Turismo de aventura","Paseo turístico","TA-2TPT-3203-02575","132337247","TRIPEATE LA ISLA","Villa Mella","Santo Domingo","Sin licencia","En formación","Cerrado","","8099815711",""
"Turismo de aventura","Viajes en botes","TA-1AVB-1801-01969","105060094","Penny Market Caribe","PUERTO PLATA","Puerto Plata","Vencida","Inactiva","Cerrado","2024-09-05","8293403305",""
"Turismo de aventura","Escuela de kitesurf","TA-1AEK-1807-01087","131381987","Tenedora Daytra","Cabarete","Puerto Plata","Sin licencia","En formación","Cerrado","","",""
"Turismo de aventura","Parasailing","TA-3APS-1102-01355","132009932","Ulise Tours","Dominicus - Bayahibe","La Altagracia","Sin licencia","En formación","Cerrado","","",""
"Turismo de aventura","Paseo turístico","TA-2TPT-1801-01374","105088959","Rancho Don Fernando Jose Ortega Brugal","Los Cacaos","Puerto Plata","Sin licencia","En formación","Abierto","","",""
"Turismo de aventura","Recreativas","TA-1ARE-1807-01389","130591008","Charly Water Sport","La Union","Puerto Plata","Sin licencia","En formación","Abierto","","",""
"Turismo de aventura","Recreativas","TA-1ARE-1806-01392","131838111","NQ LUPERON AQUA TOURS ATRACCTIONS","Luperon","Puerto Plata","Sin licencia","En formación","Cerrado","","",""
"Turismo de aventura","Recreativas","TA-1ARE-2703-01422","9200038181","Cabañas & Kite Surfing School B Stone","Laguna Salada","Valverde","Sin licencia","En formación","Abierto","","",""
"Turismo de aventura","Viajes en botes","TA-1AVB-1101-01945","131319041","Yayo Tours Glass","Playa Jelly Fish","La Altagracia","Sin licencia","En formación","Abierto","","",""
"Turismo de aventura","Viajes en botes","TA-1AVB-1807-01963","131743595","REDFF17","El Batey","Puerto Plata","Sin licencia","En formación","Cerrado","","",""
"Turismo de aventura","Viajes en botes","TA-1ARE-1101-01415","130709531","Talita Tour","Costa Bávaro","La Altagracia","Vencida","Inactiva","Cerrado","2014-12-31","",""
"Turismo de aventura","Recreativas","TA-1ARE-1102-01420","131871828","Oky Solutions Tours","San Rafael del Yuma","La Altagracia","Vencida","Inactiva","Cerrado","2021-03-12","",""
"Turismo de aventura","Viajes en botes","TA-1AVB-1201-02082","101167203","Promotora Dominicana Del Caribe","Dominicus - Bayahibe","La Romana","Vencida","Inactiva","Abierto","2007-06-19","",""
"Turismo de aventura","Viajes en botes","TA-1AVB-3201-01922","130887136","Triton Buddies","Boca Chica","Santo Domingo","Vencida","Inactiva","Cerrado","2018-07-03","",""
"Turismo de aventura","Escuela de buceo","TA-1AEB-1801-01054","105089041","Indy Divers","Costa Dorada","Puerto Plata","Vencida","Inactiva","Cerrado","2016-10-14","",""
"Turismo de aventura","Viajes en botes","TA-1AVB-1101-00235","124009359","Dominican Fantasy","Los Corales","La Altagracia","Sin licencia","En formación","Abierto","","8099785030",""
"Turismo de aventura","Viajes en botes","TA-1AVB-1101-02681","131369626","FDS CARIBE, S.R.L.","Bávaro","La Altagracia","Vencida","Inactiva","Cerrado","2023-09-09","8093506956",""
"Turismo de aventura","Rancho de caballos","TA-2TRC-2003-00337","131250841","RANCHO PLAYA LT","El Limón","Samaná","Vencida","Inactiva","Abierto","2025-07-09","8298685233",""
"Turismo de aventura","Escuela de paddle surf","TA-1AEK-1404-00730","131322222","LAMROSE SRL","Rio San Juan","María Trinidad Sánchez","Sin licencia","En formación","Cerrado","","8096839111",""
"Turismo de aventura","Recreativas","TA-1ARE-1101-02692","131871828","OKY SOLUTIONS TOUR","Los Corales","La Altagracia","Vencida","Inactiva","Cerrado","2023-03-21","8097726993",""
"Turismo de aventura","Escuela de buceo","TA-1AEB-2003-02705","101883634","PROFUNDO BLUE SRL","Las Terrenas","Samaná","Vigente","Activa","Cerrado","2027-01-17","8293491913",""
"Turismo de aventura","Parasailing","TA-3APS-1101-02711","131560008","KIKO RIJO TOURS","Punta Cana","La Altagracia","Vencida","Inactiva","Cerrado","2019-08-30","8095672994",""
"Turismo de aventura","Escuela de surf","TA-1ASU-1101-02725","131154328","PUNTA CANA SURF ADVENTURE","Playa Macao","La Altagracia","Sin licencia","En formación","Abierto","","8294212881",""
"Turismo de aventura","Vuelo en ultra ligeros","TA-3AUL-1101-02722","132469811","FLYING CARIBBEAN GROUP","Playa Jelly Fish","La Altagracia","Sin licencia","En formación","Cerrado","","8097054073",""
"Turismo de aventura","Viajes en botes","TA-1AVB-1101-02731","132479297","EZE&EMA TRANSPORTE ACUÁTICO","Playa Jelly Fish","La Altagracia","Vencida","Inactiva","Abierto","2025-03-14","8292706183",""
"Turismo de aventura","Recreativas","TA-1ARE-3204-02732","132247817","DEPORTES Y PASEO ACUATICOS SPG DE BOCA CHICA","Los Coquitos, Boca Chica","Santo Domingo","Sin licencia","En formación","Abierto","","8096965711",""
"Turismo de aventura","Escuela de buceo","TA-1AEB-1101-02733","130716112","CORAL VIEW INVESTMENT","Punta Cana","La Altagracia","Sin licencia","En formación","Cerrado","","8296596464",""
"Turismo de aventura","Escuela de buceo","TA-1AEB-1101-02734","130716112","CORAL VIEW INVESTMENT","Punta Cana","La Altagracia","Sin licencia","En formación","Cerrado","","8296956464",""
"Turismo de aventura","Escuela de buceo","TA-1AEB-1101-02735","401036819","CORAL VIEW INVESTMENT","Bávaro","La Altagracia","Sin licencia","En formación","Abierto","","8296956464",""
"Turismo de aventura","Escuela de paddle surf","TA-1AEP-2003-02737","132172541","MANATIWA TERSPORTS","Las Terrenas","Samaná","Vigente","Activa","Abierto","2026-06-10","8094588165",""
"Turismo de aventura","Rancho de caballos","TA-2TRC-1101-02738","131921787","GLADYS MOTOR SPORT PUNTA CANA","Verón","La Altagracia","Sin licencia","En formación","Abierto","","8493537771",""
"Turismo de aventura","Viajes en botes","TA-1AVB-1101-02771","132283503","EAGLE TOURS ORLANDO GIL SRL","El Cortecito","La Altagracia","Sin licencia","En formación","Cerrado","","8097726993",""
"Turismo de aventura","Recreativas","TA-1ARE-1101-02773","105022907","SEA PRO UNLIMITED WATER SPORT (HOTEL DREAMS MACAO)","EL Macao","La Altagracia","Vigente","Activa","Abierto","2026-06-02","8093202567",""
"Turismo de aventura","Viajes en botes","TA-1AVB-1807-02786","131326617","PUERTO PLATA BRAVO WATER SPORT","Sosúa","Puerto Plata","Vigente","Activa","Abierto","2026-11-14","8097575887",""
"Turismo de aventura","Rancho de caballos","TA-2TRC-0101-02790","130410194","RANCHO LIMÓN ADVENTURE","Las Terrenas","Samaná","Vencida","Inactiva","Abierto","2024-01-25","8295207527",""
"Turismo de aventura","Escuela de kitesurf","TA-1AEK-2003-02791","130147744","COCO KITE","Las Terrenas","Samaná","Vigente","Activa","Cerrado","2026-07-01","8293808449",""
"Turismo de aventura","Viajes en botes","TA-1AVB-2003-02792","130147744","COCOKITE S.R.L","Las Terrenas","Samaná","Sin licencia","En formación","Cerrado","","8293808449",""
"Turismo de aventura","Viajes en botes","TA-1AVB-1801-02794","132124952","JF ACUATICAS DEL ATLANTICO","Puerto Plata - Centro Ciudad","Puerto Plata","Sin licencia","En formación","Cerrado","","8092610132",""
"Turismo de aventura","Parasailing","TA-3APS-1101-02015","130535841","CLASS IMPORT","EL Macao","La Altagracia","Sin licencia","En formación","Cerrado","","8097054073",""
"Turismo de aventura","Recreativas","TA-1ARE-1402-02798","5600202351","VELAMAR AQUASPORTS","Playa Arroyo Salado","María Trinidad Sánchez","Sin licencia","En formación","Abierto","","8298059988",""
"Turismo de aventura","Viajes en botes","TA-1AVB-1101-02806","132436415","DOLCE VITA GROUP, S.R.L.","Verón","La Altagracia","Sin licencia","En formación","Cerrado","","8294722968",""
"Turismo de aventura","Parques acuáticos temáticos y/o recreativos y/o de atracciones","TA-2TTE-1101-01363","132327365","CARIBBEAN LAKE PARK","Punta Cana","La Altagracia","Vigente","Activa","Abierto","2026-11-27","8294715566",""
"Turismo de aventura","Recreativas","TA-1ARE-1101-02652","132297741","COASTLINE CANA TOURS","Punta Cana","La Altagracia","Sin licencia","En formación","Abierto","","8095521102",""
"Turismo de aventura","Escuela de buceo","TA-1AEB-1101-02815","130498598","UBERO ALTO WATER FUN","Punta Cana","La Altagracia","Vigente","Activa","Abierto","2026-12-30","8098931639",""
"Turismo de aventura","Viajes en botes","TA-1AVB-1101-02822","132009789","THE SAILOR PARROT CATAMARAN","Punta Cana","La Altagracia","En proceso","Activa","Abierto","","8299866870",""
"Turismo de aventura","Viajes en botes","TA-1AVB-2003-02820","131232574","Opexvi","Las Terrenas","Samaná","Vigente","Activa","Abierto","2026-11-17","8095626001",""
"Turismo de aventura","Escuela de kitesurf","TA-1AEK-1807-02827","131850766","WAVE SOUL RETREATS","Sosúa","Puerto Plata","Vencida","Inactiva","Cerrado","2024-07-31","8098800012",""
"Turismo de aventura","Escuela de surf","TA-1ASU-1807-02828","131850766","WAVE SOUL RETREATS","Sosúa","Puerto Plata","Vencida","Inactiva","Cerrado","2024-07-31","8098800012",""
"Turismo de aventura","Escuela de paddle surf","TA-1AEP-1807-02830","131850766","WAVE SOUL RETREATS","Sosúa","Puerto Plata","Vencida","Inactiva","Cerrado","2024-10-17","8098800012",""
"Turismo de aventura","Viajes en botes","TA-1AVB-2301-02831","132351576","TWO OUTLETS COASTAL AND RIVER FISHING, CHARTER & TOURS","San Pedro - Centro Ciudad","San Pedro de Macorís","Sin licencia","En formación","Cerrado","","8298171017",""
"Turismo de aventura","Viajes en botes","TA-1AVB-1101-02832","132268237","SERVICIOS TURISTICOS PERMARD","Playa Jelly Fish","La Altagracia","Vencida","Inactiva","Cerrado","2023-03-30","8097054073",""
"Turismo de aventura","Viajes en botes","TA-1AVB-1102-02842","131034128","MERCANTIL BELTOR","Dominicus - Bayahibe","La Altagracia","Vigente","Activa","Abierto","2026-03-26","8294513292",""
"Turismo de aventura","Recreativas","TA-1ARE-2001-02847","132382013","EVA TOURS","Samaná - Centro Ciudad","Samaná","Sin licencia","En formación","Cerrado","","8299089883",""
"Turismo de aventura","Paseo turístico","TA-2TPT-3201-02849","131429726","ACLYR CONSULTING (TA)","Villa Consuelo","Santo Domingo","Sin licencia","En formación","Cerrado","","8099209031",""
"Turismo de aventura","Escuela de kitesurf","TA-1AEK-2003-02851","132286707","RUSHMORE","Las Terrenas","Samaná","En proceso","Activa","Cerrado","","8099492901",""
"Turismo de aventura","Recreativas","TA-1ARE-1101-02854","132526791","A VOLAR DOMINICANA","Bávaro","La Altagracia","Sin licencia","En formación","Cerrado","","8294722968",""
"Turismo de aventura","Pesca","TA-1APS-2301-02831","132351576","TWO OUTLETS COASTAL AND RIVER FISHING, CHARTER & TOURS","San Pedro - Centro Ciudad","San Pedro de Macorís","Vencida","Inactiva","Cerrado","2023-10-24","8298171017",""
"Turismo de aventura","Viajes en botes","TA-1AVB-1101-02857","130922268","LOS MARINEROS DEL CARIBE","El Cortecito","La Altagracia","Sin licencia","En formación","Cerrado","","8097726993",""
"Turismo de aventura","Recreativas","TA-1ARE-3202-00080","132247811132247820","DEPORTES Y PASEOS ACUATICOS SPG, PLAYAS DE BOCA CHICA, S.R.L","Reparto Ibarra","Santo Domingo","Sin licencia","En formación","Abierto","","1809696571",""
"Turismo de aventura","Viajes en botes","TA-1AVB-1101-02863","119502677","F & F TOURS SRL","El Cortecito","La Altagracia","Incompleta","Inactiva","Cerrado","","18492051986",""
"Turismo de aventura","Recreativas","TA-1ARE-1101-02867","119019887","MANTA DIVERS SRL","EL Macao","La Altagracia","Sin licencia","En formación","Abierto","","8294522601",""
"Turismo de aventura","Viajes en botes","TA-1AVB-1101-02868","132427904","PUNTA CANA JOSE FX LANCHAS TOURS SRL82","El Cortecito","La Altagracia","Sin licencia","En formación","Cerrado","","8297184376",""
"Turismo de aventura","Parques acuáticos temáticos y/o recreativos y/o de atracciones","TA-2TTE-3201-02869","131936857","LA CUEVA DEL EDEN SRL","Los Frailes","Santo Domingo","Sin licencia","En formación","Abierto","","8096970089",""
"Turismo de aventura","Rancho de caballos","TA-2TRC-1804-02897","132462459","GRUPO LA PONDEROSA","La Cabirma","Puerto Plata","Vencida","Inactiva","Cerrado","2023-07-20","8297186230",""
"Turismo de aventura","Escuela de buceo","TA-1AEB-1601-02898","132251891","BUCEO PEDERNALES","Canta la Rana","Pedernales","Vencida","Inactiva","Abierto","2025-09-17","8296358201",""
"Turismo de aventura","Viajes en botes","TA-1AVB-1404-02901","132424336","LA RUTA DEL PIRATA","Rio San Juan","María Trinidad Sánchez","Incompleta","Inactiva","Cerrado","","8498630347",""
"Turismo de aventura","Recreativas","TA-1ARE-1102-02916","131875343","MARESPORT BAYAHIBE","Nuevo Bayahibe","La Altagracia","Sin licencia","En formación","Cerrado","","8296133575",""
"Turismo de aventura","Viajes en botes","TA-1AVB-1801-02917","131474332","EXCURSIONES EN CATAMARAN  AQUACATS","Bahia Maimón","Puerto Plata","Vigente","Activa","Abierto","2027-02-11","8292772345",""
"Turismo de aventura","Zip line-Canopy","TA-3AZI-1801-02920","131499015","NATURE RIVER PARK, LTD","Charcos de la Damajagua","Puerto Plata","Incompleta","Inactiva","Abierto","","8099701919",""
"Turismo de aventura","Parques acuáticos temáticos y/o recreativos y/o de atracciones","TA-2TTE-2001-02923","132528468","ACTION TOURS BY J RAVEN (TA-2TT)","Las Galeras","Samaná","Sin licencia","En formación","Abierto","","8292441675",""
"Turismo de aventura","Rancho de caballos","TA-2TRC-0802-02940","119502731","PAT RANCH SRL","Miches","El Seibo","Vencida","Inactiva","Abierto","2023-06-17","8092238896",""
"Turismo de aventura","Escuela de buceo","TA-1AEB-1101-02941","130669376","SUNDOWN DOMINICANA","Punta Cana","La Altagracia","Vencida","Inactiva","Abierto","2023-11-04","8097294242",""
"Turismo de aventura","Pesca","TA-1APS-1101-02942","131818633","SERVICE NAUTIC GIUSTY PC","Punta Cana","La Altagracia","Sin licencia","En formación","Cerrado","","8493528348",""
"Turismo de aventura","Recreativas","TA-1ARE-1101-02943","130669376","SUNDOWN DOMINICANA","Punta Cana","La Altagracia","Vencida","Inactiva","Abierto","2024-09-13","8097294242",""
"Turismo de aventura","Pesca","TA-1APS-1101-02944","132372603","BRISAS DEL TROPICO S.R.L.","Bávaro","La Altagracia","Vencida","Inactiva","Cerrado","2023-06-09","8492710145",""
"Turismo de aventura","Escuela de surf","TA-1ASU-1807-02955","130775184","PAUHANA SURF CENTER, S.R.L.","Playa Encuentro, Cabarete","Puerto Plata","Sin licencia","En formación","Abierto","","8295732240",""
"Turismo de aventura","Rancho de caballos","TA-2TRC-2001-02956","132531795","PARADA LA PARMA ANTONIO COPLIN","El Limón","Samaná","Sin licencia","En formación","Cerrado","","8297206840",""
"Turismo de aventura","Recreativas","TA-1ARE-0802-02967","132193202","LA ESMERALDA AQUATIC TOUR","Miches","El Seibo","Sin licencia","En formación","Cerrado","","8095535551",""
"Turismo de aventura","Recreativas","TA-1ARE-1101-01982","131531105","SEA LINE SERVICES TOURS","El Cortecito","La Altagracia","Vencida","Inactiva","Cerrado","2020-02-11","8097726993",""
"Turismo de aventura","Escuela de buceo","TA-1AEB-2303-02978","131786189","ALBORAN CHARTERS (TA) - SPM","San Pedro de Macoris","San Pedro de Macorís","Sin licencia","En formación","Abierto","","8092843001",""
"Turismo de aventura","Recreativas","TA-1ARE-1101-02980","132545249","DERJUN ADRENALINE PUNTA CANA","Playa Cortecito","La Altagracia","Sin licencia","En formación","Cerrado","","8097726993",""
"Turismo de aventura","Escuela de buceo","TA-1AEB-1801-01434","101527315","DIWA DOMINICANA","Bahia Maimón","Puerto Plata","Vigente","Activa","Cerrado","2026-05-01","8295798209",""
"Turismo de aventura","Escuela de buceo","TA-1AEB-2306-02984","132581407","SHARK JUAN DOLIO DIVER","Juan Dolio","San Pedro de Macorís","Sin licencia","En formación","Cerrado","","8292823213",""
"Turismo de aventura","Rancho de caballos","TA-2TRC-0802-03001","132041194","Wild District el Limón","Miches","El Seibo","Vencida","Inactiva","Abierto","2025-12-11","8094699075",""
"Turismo de aventura","Escuela de buceo","TA-1AEB-2306-03004","132477375","MAR Y TIERRA","Juan Dolio","San Pedro de Macorís","Vencida","Inactiva","Cerrado","2023-09-08","8094370965",""
"Turismo de aventura","Recreativas","TA-1ARE-1101-03005","105080402","MARIANA CARIBBEAN SPORTS -HOTEL COMPLEJO BARCELO","Bávaro","La Altagracia","Vigente","Activa","Abierto","2026-07-21","8094686532",""
"Turismo de aventura","Viajes en botes","TA-1AVB-1101-03007","131449905","BENZAN BROTHER TOURS SRL","Cabeza de Toro","La Altagracia","Sin licencia","En formación","Abierto","","8293847728",""
"Turismo de aventura","Paseo turístico","TA-2TPT-1802-03012","132088761","NATIVE ECO TOUR","Las Jaguas","Puerto Plata","Vencida","Inactiva","Cerrado","2024-03-13","8098442826",""
"Turismo de aventura","Parques acuáticos temáticos y/o recreativos y/o de atracciones","TA-2TTE-1101-03014","132393856","TOURS MAR Y LODO","Arena Gorda","La Altagracia","Sin licencia","En formación","Abierto","","8498833399",""
"Turismo de aventura","Viajes en botes","TA-1AVB-1101-03018","132086244","PATRIA FISHING","Punta Cana","La Altagracia","Vencida","Inactiva","Abierto","2024-03-07","8295598547",""
"Turismo de aventura","Rancho de caballos","TA-2TRC-1101-03022","132393856","TOURS MAR Y LODO","Arena Gorda","La Altagracia","Sin licencia","En formación","Abierto","","8498833399",""
"Turismo de aventura","Escuela de buceo","TA-1AEB-2003-03033","131786189","ALBORAN CHARTERS (EB) - SAMANÁ PORTILLO","El Portillo","Samaná","Vencida","Inactiva","Abierto","2025-03-15","8092843001",""
"Turismo de aventura","Recreativas","TA-1ARE-1404-03046","132567137","LAS GOLONDRINAS WATER SPORT, V.I.P. SERVICE","Rio San Juan","María Trinidad Sánchez","Vigente","Activa","Cerrado","2027-01-16","8298273934",""
"Turismo de aventura","Recreativas","TA-1ARE-1101-02007","130498598","UBERO ALTO WATER FUN","Uvero Alto","La Altagracia","Vigente","Activa","Abierto","2027-01-12","8098045770",""
"Turismo de aventura","Rancho de caballos","TA-2TRC-1101-03055","132524063","RANCHO UN REGALO DE DIOS","Macao","La Altagracia","Vencida","Inactiva","Cerrado","2025-07-12","8098417135",""
"Turismo de aventura","Escuela de buceo","TA-1AEB-1101-03071","130716112","CORAL VIEW INVESTMENT","Punta Cana","La Altagracia","Sin licencia","En formación","Cerrado","","8296956464",""
"Turismo de aventura","Escuela de buceo","TA-1AEB-1101-03072","130716112","CORAL VIEW INVESTMENT","Punta Cana","La Altagracia","Sin licencia","En formación","Cerrado","","8296956464",""
"Turismo de aventura","Escuela de buceo","TA-1AEB-1101-03073","130716112","CORAL VIEW INVESTMENT","Bávaro","La Altagracia","Sin licencia","En formación","Cerrado","","8296956464",""
"Turismo de aventura","Escuela de buceo","TA-1AEB-1101-03074","130716112","CORAL VIEW INVESTMENT","Punta Cana","La Altagracia","Sin licencia","En formación","Cerrado","","8296956464",""
"Turismo de aventura","Escuela de kitesurf","TA-1AEK-2003-01433","131045677","L.T.K","Punta Popy","Samaná","Sin licencia","En formación","Cerrado","","8098015671",""
"Turismo de aventura","Recreativas","TA-1ARE-1102-03084","132448251","KYMERA DR SRL","Dominicus - Bayahibe","La Altagracia","Sin licencia","En formación","Cerrado","","8098133527",""
"Turismo de aventura","Escuela de kitesurf","TA-1AEK-2003-03086","132639995","KITE-SOUL","Las Terrenas","Samaná","Vencida","Inactiva","Cerrado","2024-03-21","8099977775",""
"Turismo de aventura","Recreativas","TA-1ARE-0802-03091","132040473","FIRST WATERCRAFT AND WAVERUNNERS MICDA SRL","Playa Esmeralda","El Seibo","Sin licencia","En formación","Cerrado","","8098279765",""
"Turismo de aventura","Paseo turístico","TA-2TPT-1801-03093","130085544","CAMEL SAFARI EXPLORING","El Batey","Puerto Plata","Sin licencia","En formación","Abierto","","8093207844",""
"Turismo de aventura","Recreativas","TA-1ARE-1404-03095","132650719","AQUATLANTIC","Rio San Juan","María Trinidad Sánchez","Sin licencia","En formación","Cerrado","","8295207492",""
"Turismo de aventura","Viajes en botes","TA-1AVB-1101-03096","131501001","AUTO MACHINERY TRADER M&A (TA)","Bávaro","La Altagracia","Sin licencia","En formación","Cerrado","","8294722968",""
"Turismo de aventura","Recreativas","TA-1ARE-1101-03097","132327365","CARIBBEAN LAKE PARK","Punta Cana","La Altagracia","Sin licencia","En formación","Abierto","","8299613236",""
"Turismo de aventura","Viajes en botes","TA-1AVB-1101-03099","132083903","BECA SUCCESS","Bávaro","La Altagracia","Incompleta","Inactiva","Cerrado","","8294722968",""
"Turismo de aventura","Recreativas","TA-1ARE-3204-03100","130887136","TRITON BUDDIES","La Toronja","Santo Domingo","Sin licencia","En formación","Cerrado","","8095058231",""
"Turismo de aventura","Recreativas","TA-1ARE-0802-03107","132594632","MICHES JCG AQUATIC TOUR","Miches","El Seibo","Vencida","Inactiva","Cerrado","2023-12-19","8095535551",""
"Turismo de aventura","Viajes en botes","TA-1AVB-1808-03112","131519131","MANGLARES BLUE PR7","Costa Dorada","Puerto Plata","Vencida","Inactiva","Abierto","2025-09-30","8292620077",""
"Turismo de aventura","Viajes en botes","TA-1AVB-1101-03117","132378431","PARASOLEY","Cortecito","La Altagracia","Sin licencia","En formación","Abierto","","8297064149",""
"Turismo de aventura","Escuela de kitesurf","TA-1AEK-2003-03126","132596536","KITE MECCA","Las Terrenas","Samaná","Sin licencia","En formación","Abierto","","8296764426",""
"Turismo de aventura","Viajes en botes","TA-1AVB-1101-03134","132529901","PIER 45","Punta Cana","La Altagracia","Vencida","Inactiva","Cerrado","2024-01-27","8292919907",""
"Turismo de aventura","Paseo turístico","TA-2TPT-1101-03141","132263006","RANCHO PARAISO PUNTA CANA","Playa Lavacama","La Altagracia","Sin licencia","En formación","Cerrado","","8094621964",""
"Turismo de aventura","Recreativas","TA-1ARE-1801-03143","105022907","SEA PRO UNLIMITED WATERSPORTS (HOTEL GRAN VENTANA)","Playa Dorada","Puerto Plata","Vencida","Inactiva","Abierto","2019-05-04","8093202567",""
"Turismo de aventura","Recreativas","TA-1ARE-1801-03144","105022907","SEA PRO UNLIMITED WATERSPORTS (HOTEL SUNSCAPE)","Playa Dorada","Puerto Plata","Sin licencia","En formación","Abierto","","8093202567",""
"Turismo de aventura","Recreativas","TA-1ARE-1801-03145","105022907","SEA PRO UNLIMITED WATERSPORTS","Playa Dorada","Puerto Plata","Sin licencia","En formación","Abierto","","8093202567",""
"Turismo de aventura","Escuela de kitesurf","TA-1AEK-1701-03149","430344923","SALINAS KITESURF","Bani - Centro","Peravia","Sin licencia","En formación","Cerrado","","8093309861",""
"Turismo de aventura","Paseo turístico","TA-2TPT-1801-03152","132028236","ELVIS TOUR","Centro Histórico de Puerto Plata","Puerto Plata","Sin licencia","En formación","Abierto","","8097069243",""
"Turismo de aventura","Recreativas","TA-1ARE-1701-03155","132288491","KAYAKEROS DEL CARIBE SRL","Las Calderas","Puerto Plata","En proceso","Activa","Abierto","","8299059458",""
"Turismo de aventura","Paseo turístico","TA-2TPT-1809-03162","132558529","North Coast Safary Adventure","Ingenio Montellano","Puerto Plata","Sin licencia","En formación","Cerrado","","8095012255",""
"Turismo de aventura","Recreativas","TA-1ARE-3204-03202","131120441","TRASVINA","Boca Chica","Santo Domingo","Sin licencia","En formación","Cerrado","","8094161000",""
"Turismo de aventura","Parques acuáticos temáticos y/o recreativos y/o de atracciones","TA-2TTE-1101-03203","130065731","Katmandú Park Punta Cana","Bávaro","La Altagracia","Vencida","Inactiva","Abierto","2025-03-13","8095415200",""
"Turismo de aventura","Escuela de kitesurf","TA-1AEK-1807-03256","132158352","QUINPER MULTISERVICES","Puerto Plata - Centro Ciudad","Puerto Plata","Sin licencia","En formación","Abierto","","8096096609",""
"Turismo de aventura","Viajes en botes","TA-1AVB-1806-03259","132464869","Seamphony","Isabel de Torres","Puerto Plata","Vencida","Inactiva","Cerrado","2024-04-24","8095718049",""
"Turismo de aventura","Rancho de caballos","TA-2TRC-1801-03227","03700125192","BAY MAIMON RANCH","Pepillo Salcedo","Puerto Plata","Incompleta","Inactiva","Abierto","","8093584969",""
"Turismo de aventura","Recreativas","TA-1ARE-1404-03270","08100092934","LOS MANGLES DIVING CENTER Y WATER SPORT, S.R.L.","Laguna Gri Gri","María Trinidad Sánchez","Sin licencia","En formación","Abierto","","8293841527",""
"Turismo de aventura","Recreativas","TA-1ARE-1801-03253","03700228608","SEA PRO UNLIMITED WATERSPORTS","Costa Dorada","Puerto Plata","Vencida","Inactiva","Cerrado","2024-04-28","8095437593",""
"Turismo de aventura","Viajes en botes","TA-1AVB-1101-03181","22300394784","FISHING PRO EXCLUSIVE PFCJ","Bávaro","La Altagracia","Sin licencia","En formación","Abierto","","8097054073",""
"Turismo de aventura","Viajes en botes","TA-1AVB-1101-03271","02300845274","PINK CAT PUNTA CANA","El Cortecito","La Altagracia","Sin licencia","En formación","Cerrado","","8094662200",""
"Turismo de aventura","Parques acuáticos temáticos y/o recreativos y/o de atracciones","TA-2TTE-1801-03180","09700291892","Taino Valley Tropical Park","Tubagua","Puerto Plata","Sin licencia","En formación","Abierto","","8293997783",""
"Turismo de aventura","Rancho de caballos","TA-2TRC-1101-03188","402247515","Rancho Paraiso arrecife RPAPC","Playa Lavacama","La Altagracia","Sin licencia","En formación","Abierto","","8094621964",""
"Turismo de aventura","Escuela de surf","TA-1ASU-1807-03231","132679857","Cabarete Surf Company","Playa Encuentro, Cabarete","Puerto Plata","Incompleta","Inactiva","Cerrado","","8094173086",""
"Turismo de aventura","Escuela de kitesurf","TA-1AEK-1506-03257","642752597","Friendly Kite School","Playa Punta del Muerto, Monte Cristi","Monte Cristi","Sin licencia","En formación","Abierto","","8296235259",""
"Turismo de aventura","Recreativas","TA-1ARE-1101-03233","08100128779","KORNUDA","Playa Jelly Fish","La Altagracia","Sin licencia","En formación","Cerrado","","8099903906",""
"Turismo de aventura","Viajes en botes","TA-1AVB-1601-03272","131446884","AGUILAS DE LA BAHIA","Cabo Rojo","Pedernales","Vigente","Activa","Abierto","2027-01-30","8098809726",""
"Turismo de aventura","Recreativas","TA-1ARE-1801-03262","037008401","DIVERSIONES ACUATICAS EL PUEBLITO","El Pueblito","Puerto Plata","Vigente","Activa","Abierto","2026-06-11","8299707009",""
"Turismo de aventura","Rancho de caballos","TA-2TRC-1101-03229","02800593333","RANCHO PAPITO","Macao","La Altagracia","Vencida","Inactiva","Cerrado","2024-07-19","8295575677",""
"Turismo de aventura","Paseo turístico","TA-2TPT-1101-03219","00117757468","SIDE BY SIDE ADVENTURES","Verón","La Altagracia","Sin licencia","En formación","Abierto","","8099247190",""
"Turismo de aventura","Viajes en botes","TA-1AVB-1200-04190","110124309","AMILKA TOURS","Playa de las Garitas","Samaná","Vencida","Inactiva","Abierto","2024-07-04","8093922461",""
"Turismo de aventura","Recreativas","TA-1ARE-2001-03277","PAM214052","HACIENDA COCUYO","Monte Rojo","Samaná","Sin licencia","En formación","Abierto","","8298698610",""
"Turismo de aventura","Viajes en botes","TA-1AVB-1101-03284","08100128779","KORNUDA","Jelly Fish","La Altagracia","Sin licencia","En formación","Cerrado","","8099903906",""
"Turismo de aventura","Paseo turístico","TA-2TPT-1101-03285","04900030117","DESERT BUGGY RENT CAR","Hoyos de Molina","La Altagracia","Sin licencia","En formación","Abierto","","8093303553",""
"Turismo de aventura","Viajes en botes","TA-1AVB-1201-03314","132445759","LA MANTARRAYA TOURS OPERADOR","Cumayasa","La Romana","Vencida","Inactiva","Abierto","2024-05-25","8096408195",""
"Turismo de aventura","Escuela de surf","TA-1ASU-0101-03321","40252895038","Surf Samana Elite Efoil Adventures","Playa la Flor","Samaná","Sin licencia","En formación","Abierto","","8494427761",""
"Turismo de aventura","Parques acuáticos temáticos y/o recreativos y/o de atracciones","TA-2TTE-1101-03323","131772994","EL DORADO PARK THE WATER TEMPLE","Juanillo","La Altagracia","Vigente","Activa","Cerrado","2026-09-09","8292828242",""
"Turismo de aventura","Paseo turístico","TA-2TPT-1101-03326","132043202","JHORAJI TOUR OPERADOR SRL","Bávaro","La Altagracia","Sin licencia","En formación","Abierto","","8492066405",""
"Turismo de aventura","Viajes en botes","TA-1AVB-1101-03344","224004227","SUMMITOUR","Playa el Cortecito","La Altagracia","Vencida","Inactiva","Abierto","2024-09-15","8295742377",""
"Turismo de aventura","Escuela de buceo","TA-1AEB-0101-03348","00115235400","EMBAT","Samaná","Samaná","Sin licencia","En formación","Abierto","","8095471654",""
"Turismo de aventura","Escuela de buceo","TA-1AEB-0101-03351","00115235400","EMBAT","Samaná","Samaná","Sin licencia","En formación","Abierto","","8095471654",""
"Turismo de aventura","Recreativas","TA-1ARE-0101-03352","00115235400","EMBAT","Samaná","Samaná","Sin licencia","En formación","Abierto","","8095471654",""
"Turismo de aventura","Escuela de buceo","TA-1AEB-1404-03364","132567137","LAS GOLONDRINAS WATER SPORT, V.I.P. SERVICE","Playa los Muertos","María Trinidad Sánchez","Sin licencia","En formación","Cerrado","","8298273934",""
"Turismo de aventura","Rancho de caballos","TA-2TRC-1101-03360","130964262","Rancho Victoria Caribeño","Arena Gorda","La Altagracia","Vigente","Activa","Abierto","2026-08-13","8097755952",""
"Turismo de aventura","Recreativas","TA-1ARE-1101-03382","132754719","OCEAN BAY AQUA SPORT PUNTA CANA","El Cortecito","La Altagracia","Vencida","Inactiva","Abierto","2024-12-18","8292803259",""
"Turismo de aventura","Recreativas","TA-1ARE-1404-03380","132002032","COMERCIAL KAKU TOURS","RIO SAN JUAN","María Trinidad Sánchez","Vencida","Inactiva","Cerrado","2024-08-24","8299362563",""
"Turismo de aventura","Viajes en botes","TA-1AVB-1101-03401","131447597","OPERADORA CANTABRICO","DOMINICUS","La Altagracia","Sin licencia","En formación","Abierto","","8095672994",""
"Turismo de aventura","Recreativas","TA-1ARE-1101-03406","132808037","OCEAN VIEW AQUATIC","PUNTA CANA","La Altagracia","Vencida","Inactiva","Abierto","2026-03-03","8097962531",""
"Turismo de aventura","Escuela de surf","TA-1ASU-1807-03407","132777409","Eco- Surfing Dominicana","CABARETE","Puerto Plata","Sin licencia","En formación","Cerrado","","8093602576",""
"Turismo de aventura","Viajes en botes","TA-1AVB-1404-03459","132866045","SUNAQUA RD TOURS","PLAYA CALETON","María Trinidad Sánchez","Sin licencia","En formación","Cerrado","","8092691111",""
"Turismo de aventura","Rancho de caballos","TA-2TRC-1801-03442","132833351","RANCHO MONTECARLO, L. Y S","PLAYA COSTA DORADA","Puerto Plata","Vigente","Activa","Abierto","2026-11-12","8296674220",""
"Turismo de aventura","Viajes en botes","TA-1AVB-1404-03460","132816986","JavJos Dentro de Río San Juan","PLAYA DE LOS MUERTOS","María Trinidad Sánchez","Incompleta","Inactiva","Cerrado","","8494053223",""
"Turismo de aventura","Viajes en botes","TA-1AVB-1101-03470","131072692","INVERSIONES LING DEL CARIBE","PLAYA JELLY FISH","La Altagracia","Sin licencia","En formación","Abierto","","8097054073",""
"Turismo de aventura","Escuela de buceo","TA-1AEB-1102-03472","132450353","DIVING BY EASTBAY","VISTA MAR","La Altagracia","Sin licencia","En formación","Cerrado","","8294522601",""
"Turismo de aventura","Recreativas","TA-1ARE-1102-03473","132450353","DIVING BY EASTBAY","VISTA MAR","La Altagracia","Sin licencia","En formación","Cerrado","","8294522601",""
"Turismo de aventura","Paseo turístico","TA-2TPT-1402-03494","132898372","BAOBA WILD TOURS","LA PLAYITA","María Trinidad Sánchez","Sin licencia","En formación","Cerrado","","8094914288",""
"Turismo de aventura","Viajes en botes","TA-1AVB-1101-03505","131786189","ALBORAN CHARTERS (TA) - BÁVARO","PLAYA BAVARO","La Altagracia","Sin licencia","En formación","Abierto","","8092843001",""
"Turismo de aventura","Viajes en botes","TA-1AVB-2001-03506","132528468","ACTION TOURS BY J. RAVEN","Santa Barbara","Samaná","Vigente","Activa","Abierto","2026-06-12","8092441675",""
"Turismo de aventura","Escuela de buceo","TA-1AEB-1101-03507","131786189","ALBORAN CHARTERS (TA) - BÁVARO","PLAYA BAVARO","La Altagracia","En proceso","Activa","Abierto","","8092843001",""
"Turismo de aventura","Escuela de buceo","TA-1AEB-1201-03508","130204462","INVERSIONES WOOD STOCK","PLAYA BAYAHIBE","La Altagracia","Vigente","Activa","Abierto","2026-07-17","8097633023",""
"Turismo de aventura","Recreativas","TA-1ARE-1806-03520","132456955","FRICOLANDIA","la isabela","Puerto Plata","Sin licencia","En formación","Abierto","","8098691394",""
"Turismo de aventura","Recreativas","TA-1ARE-1801-03521","132124952","JF ACUATICAS DEL ATLANTICO","Playa Dorada","Puerto Plata","Sin licencia","En formación","Cerrado","","8097069243",""
"Turismo de aventura","Zip line-Canopy","TA-3AZI-1801-03523","130850518","AMBER COVE DOMINICAN REPUBLIC","Playa Costa Dorada","Puerto Plata","Vigente","Activa","Cerrado","2026-07-17","8297350272",""
"Turismo de aventura","Pesca","TA-1APS-1101-03550","132754719","OCEAN BAY AQUA SPORT PUNTA CANA","PLAYA LOS CORALES","La Altagracia","Vencida","Inactiva","Abierto","2024-10-31","8493854950",""
"Turismo de aventura","Recreativas","TA-1ARE-1101-03565","131325009","ECO CARIBE ADVENTURES PC","playa el cortecito","La Altagracia","Vencida","Inactiva","Abierto","2024-12-28","8094552405",""
"Turismo de aventura","Paseo turístico","TA-2TPT-1801-03581","132543335","CANITA TOURS","cofresi","Puerto Plata","Sin licencia","En formación","Cerrado","","8498167880",""
"Turismo de aventura","Parasailing","TA-3APS-1101-03582","130468419","UBERO ALTO WATER FUM","PLAYA CORTECITO","La Altagracia","Vigente","Activa","Abierto","2026-03-28","8098517279",""
"Turismo de aventura","Viajes en botes","TA-1AVB-1806-03597","132456955","FRICOLANDIA","PLAYA SOSUA","Puerto Plata","Sin licencia","En formación","Abierto","","8098691394",""
"Turismo de aventura","Parques acuáticos temáticos y/o recreativos y/o de atracciones","TA-2TTE-1101-03598","131506801","ATABEY PARK","PLAYA BAVARO","La Altagracia","Sin licencia","En formación","Abierto","","8294722968",""
"Turismo de aventura","Recreativas","TA-1ARE-0101-03607","132047583","KLUB DIVE APONIENTE","PLAYA CABEZA DE TORO","La Altagracia","Vencida","Inactiva","Cerrado","2026-02-21","8092843001",""
"Turismo de aventura","Recreativas","TA-1ARE-1101-03608","132816307","CARIB WATERBIKES (pedalones)","PLAYA BAVARO","La Altagracia","Vencida","Inactiva","Cerrado","2025-01-04","8294960272",""
"Turismo de aventura","Recreativas","TA-1ARE-2003-03611","132887328","Eco-zen logistics","TERRENAS","Samaná","Vencida","Inactiva","Cerrado","2025-01-12","8092847801",""
"Turismo de aventura","Escuela de buceo","TA-1AEB-1101-03646","131786189","ALBORAN CHARTERS (EB) - SAMANÁ PLAYA RINCÓN","PLAYA RINCON","Samaná","Sin licencia","En formación","Abierto","","8092843001",""
"Turismo de aventura","Paintball","TA-2TPA-3001-03686","402257983","INFT PAINTBALL & CAFE","el seibo","Hato Mayor","Sin licencia","En formación","Abierto","","8094809096",""
"Turismo de aventura","Paseo turístico","TA-2TPT-2301-03667","132904372","Rancho Ruta Del KKO","hato mayor","Hato Mayor","Sin licencia","En formación","Abierto","","8492509238",""
"Turismo de aventura","Escuela de kitesurf","TA-1AEK-1101-03724","131199143","Azpat Kite Surfing Aquatic Sport","playa bávaro","La Altagracia","Sin licencia","En formación","Abierto","","8492831708",""
"Turismo de aventura","Paseo turístico","TA-2TPT-1101-03731","133009579","Transporte Turístico Jameson Excellence Service","playa bavaro","La Altagracia","Sin licencia","En formación","Cerrado","","8292108653",""
"Turismo de aventura","Paseo turístico","TA-2TPT-1101-03677","130657922","INVERSIONES BOHIQUES","playa bavaro","La Altagracia","Vigente","Activa","Abierto","2026-06-06","8092216500",""
"Turismo de aventura","Viajes en botes","TA-1AVB-1101-03740","131495893","PINK CAT PUNTA CANA","PLAYA BAVARO","La Altagracia","Vencida","Inactiva","Abierto","2025-03-07","8095521124",""
"Turismo de aventura","Recreativas","TA-1ARE-0802-03773","132601637","ROHE","miches","El Seibo","Sin licencia","En formación","Cerrado","","8297042047",""
"Turismo de aventura","Escuela de kitesurf","TA-1AEK-1101-03768","130814491","BÁVARO KITEBOARDING - JELLYFISH","","La Altagracia","Vencida","Inactiva","Cerrado","2025-07-29","8092582062",""
"Turismo de aventura","Parques acuáticos temáticos y/o recreativos y/o de atracciones","TA-2TTE-1801-03776","131956017","LEVESON INTERNATIONAL GOLF EXCURSION","","La Altagracia","Sin licencia","En formación","Abierto","","8097776380",""
"Turismo de aventura","Recreativas","TA-1ARE-1101-03779","132206096","SWIM HORSE PUNTA CANA","","La Altagracia","Sin licencia","En formación","Abierto","","8099247190",""
"Turismo de aventura","Recreativas","TA-1ARE-1404-03780","132665775","PARAISO DEL NORTE WATER SPORT","","María Trinidad Sánchez","Vencida","Inactiva","Cerrado","2026-02-18","8094624339",""
"Turismo de aventura","Recreativas","TA-1ARE-1101-03781","119020461","BARDOU JET (RE)","","La Altagracia","Sin licencia","En formación","Abierto","","8096043438",""
"Turismo de aventura","Recreativas","TA-1ARE-1101-03783","132811102","Blue Treasure","","La Altagracia","Sin licencia","En formación","Cerrado","","8299128714",""
"Turismo de aventura","Pesca","TA-1APS-1801-03784","132670051","OCEAN SPORT OCAS SRL","","Puerto Plata","Vencida","Inactiva","Abierto","2025-08-05","8093960057",""
"Turismo de aventura","Paseo turístico","TA-2TPT-1807-03788","130193819","ERIC TOURS INTERNATIONAL","","Puerto Plata","Sin licencia","En formación","Abierto","","8097100503",""
"Turismo de aventura","Viajes en botes","TA-1AVB-1101-03789","119020461","BARDOU JET (VB)","","La Altagracia","Sin licencia","En formación","Abierto","","8096043438",""
"Turismo de aventura","Viajes en botes","TA-1AVB-1101-03796","132811102","BLUE TREASURE","","La Altagracia","Sin licencia","En formación","Cerrado","","8299128714",""
"Turismo de aventura","Viajes en botes","TA-1AVB-0101-03805","130892709","BAP BAVARO ADVENTURE PARK (VB)","BAVARO","La Altagracia","Vencida","Inactiva","Abierto","2025-07-22","8095459996",""
"Turismo de aventura","Viajes en botes","TA-1AVB-1101-03756","131608061","FEDNER ALEX TOURS OPERADOR","playa white sand","La Altagracia","Sin licencia","En formación","Cerrado","","8097134720",""
"Turismo de aventura","Escuela de surf","TA-1ASU-2003-03738","131695485","ESTILO DE VIDA AS","PLAYA EL PORTILLO","Samaná","Vencida","Inactiva","Abierto","2025-08-12","8099647051",""
"Turismo de aventura","Viajes en botes","TA-1AVB-1101-03759","132678699","GLEZ MULTISERVICES RD","playa cortecito","La Altagracia","Vencida","Inactiva","Abierto","2026-02-21","8292831670",""
"Turismo de aventura","Escuela de buceo","TA-1AEB-1807-03816","130193819","ERIC TOURS INTERNATIONAL","","Puerto Plata","Sin licencia","En formación","Abierto","","8097100503",""
"Turismo de aventura","Pesca","TA-1ARE-1807-03817","130193819","ERIC TOURS INTERNATIONAL","SOSUA","Puerto Plata","Vencida","Inactiva","Abierto","2026-02-14","8097100503",""
"Turismo de aventura","Escuela de buceo","TA-1AEB-1201-03820","132445759","LA MANTARRAYA TOURS OPERADOR","","La Romana","Sin licencia","En formación","Abierto","","8099514581",""
"Turismo de aventura","Recreativas","TA-1ARE-1101-03821","132009789","The Sailor parrot catamaran","","La Altagracia","Sin licencia","En formación","Abierto","","8097631698",""
"Turismo de aventura","Recreativas","TA-1ARE-1101-03824","132890183","SHARKCANA","","La Altagracia","Sin licencia","En formación","Abierto","","8495068181",""
"Turismo de aventura","Recreativas","TA-1ARE-1101-03829","131786189","ALBORAN CHARTERS (RE) - BÁVARO","","La Altagracia","Sin licencia","En formación","Abierto","","8092843001",""
"Turismo de aventura","Escuela de buceo","TA-1AEB-1101-03830","131786189","SEAKLUB","playa nueva romana","San Pedro de Macorís","Vencida","Inactiva","Abierto","2025-12-19","8092843001",""
"Turismo de aventura","Paseo turístico","TA-2TPT-0802-03831","132811089","CELEDONIO ECO TOUR","","El Seibo","Sin licencia","En formación","Cerrado","","8493307105",""
"Turismo de aventura","Viajes en botes","TA-1AVB-3204-03834","131305441","Ocean Nautica Service","","Santo Domingo","Sin licencia","En formación","Abierto","","8296034777",""
"Turismo de aventura","Escuela de buceo","TA-1AEB-1801-03840","132771397","BLUE TANG DIVERS","PUERTO PLATA","Puerto Plata","Vencida","Inactiva","Abierto","2026-02-05","8097571544",""
"Turismo de aventura","Viajes en botes","TA-1AVB-1404-03841","132665775","PARAISO DEL NORTE WATER SPORT","","María Trinidad Sánchez","Vigente","Activa","Cerrado","2026-10-15","8098293841",""
"Turismo de aventura","Viajes en botes","TA-1AVB-1808-03844","132732081","LORMAN CABRERA TOURS OPERADOR","","Puerto Plata","Vencida","Inactiva","Abierto","2025-11-13","8293984486",""
"Turismo de aventura","Paseo turístico","TA-2TPT-1801-03872","132509277","Taino Valley Tropical Park","PUERTO PLATA","Puerto Plata","Vencida","Inactiva","Abierto","2025-10-28","8297077444",""
"Turismo de aventura","Recreativas","TA-1ARE-1101-03877","131786189","SEAKLUB","SAMANA","Samaná","Vencida","Inactiva","Abierto","2025-10-29","8092843001",""
"Turismo de aventura","Viajes en botes","TA-1AVB-1101-03878","131786189","SEAKLUB - SAMANÁ","","Samaná","Vencida","Inactiva","Abierto","2025-10-25","8092843001",""
"Turismo de aventura","Recreativas","TA-1ARE-1101-03887","133070227","WILD ON WATER BIKES","Bávaro","La Altagracia","Vencida","Inactiva","Cerrado","2025-12-03","8095335655",""
"Turismo de aventura","Viajes en botes","TA-1AVB-1101-03893","131941885","AL-JA FOOD COMPANY","","La Altagracia","Sin licencia","En formación","Cerrado","","8093798569",""
"Turismo de aventura","Escuela de buceo","TA-1AEB-1807-03916","105041499","Escuela de Buceo Merlin,","","Puerto Plata","Sin licencia","En formación","Abierto","","8095450538",""
"Turismo de aventura","Recreativas","TA-1ARE-1201-03919","132379098","Dominican Excursions D&V","","La Altagracia","Vigente","Activa","Abierto","2027-01-08","8096325090",""
"Turismo de aventura","Recreativas","TA-1ARE-1801-03940","102615217","PUERTO BLANCO MARINA","PUERTO PLATA","Puerto Plata","Vencida","Inactiva","Abierto","2026-03-03","8092618609",""
"Turismo de aventura","Paseo turístico","TA-2TPT-1101-03950","132820152","ECOLOGY ADVENTURE TOUR MUD RACE","","La Altagracia","Sin licencia","En formación","Abierto","","8095127295",""
"Turismo de aventura","Recreativas","TA-1ARE-1807-03974","105022478","Vela Watersports Center","","Puerto Plata","Vigente","Activa","Abierto","2026-06-20","8095710805",""
"Turismo de aventura","Recreativas","TA-1ARE-1701-03999","133212455","Born Adventures","","Peravia","Vigente","Activa","Cerrado","2026-04-02","8494822592",""
"Turismo de aventura","Viajes en botes","TA-1AVB-0101-04001","133058881","GRUPO NAVEGANDO RD SERVICES","","La Altagracia","Vigente","Activa","Cerrado","2026-03-06","8096892550",""
"Turismo de aventura","Recreativas","TA-1ARE-1801-04003","105022907","SEAPRO UNLIMITED WATERSPORTS","","La Altagracia","Vigente","Activa","Abierto","2026-06-19","8093202567",""
"Turismo de aventura","Recreativas","TA-1ARE-1807-04004","131833853","ALBERTO FISHING TOURS OPERADORA (RE)","","Puerto Plata","Vencida","Inactiva","Abierto","2025-12-24","8092123657",""
"Turismo de aventura","Viajes en botes","TA-1AVB-0101-04006","132047583","KLUB DIVE APONIENTE","BAVARO","La Altagracia","Vencida","Inactiva","Cerrado","2026-02-20","8092843001",""
"Turismo de aventura","Viajes en botes","TA-1AVB-1101-04007","131786189","SEAKLUB","","La Altagracia","Vigente","Activa","Abierto","2026-07-01","8092843001",""
"Turismo de aventura","Viajes en botes","TA-1AVB-1201-04008","132379098","DOMINICAN EXCURSIONS-D&V”,","","La Altagracia","Vigente","Activa","Abierto","2026-12-30","8096325090",""
"Turismo de aventura","Recreativas","TA-1ARE-1101-04022","131786189","SEAKLUB","","La Altagracia","Vigente","Activa","Abierto","2026-04-15","8092843001",""
"Turismo de aventura","Viajes en botes","TA-1AVB-1101-04026","131786189","SEAKLUB - LA ALTAGRACIA","","La Altagracia","Sin licencia","En formación","Abierto","","8092843001",""
"Turismo de aventura","Zip line-Canopy","TA-3AZI-1101-04032","130527261","DOMINICAN TAINO PARK, DOMITAI PARK","","La Altagracia","Sin licencia","En formación","Abierto","","8094036993",""
"Turismo de aventura","Viajes en botes","TA-1AVB-1101-04034","131786189","SEAKLUB","","La Romana","Sin licencia","En formación","Abierto","","8092843001",""
"Turismo de aventura","Recreativas","TA-1ARE-1101-04046","133050161","DREAMS MARINE INVESTMENTS","","La Altagracia","Sin licencia","En formación","Cerrado","","8299641669",""
"Turismo de aventura","Recreativas","TA-1ARE-0101-04010","101789141","EMBAT","","Samaná","Vigente","Activa","Abierto","2026-12-03","8095471654",""
"Turismo de aventura","Recreativas","TA-1ARE-1102-04057","133169231","Kayakibe Fishing","","La Altagracia","Vencida","Inactiva","Cerrado","2025-12-30","8098627458",""
"Turismo de aventura","Recreativas","TA-1ARE-1303-04059","132066553","MTXPLOR","","La Vega","Vencida","Inactiva","Abierto","2026-01-28","8293899566",""
"Turismo de aventura","Paseo turístico","TA-2TPT-1102-04075","132739061","Fergisand Boat & Tours","","La Altagracia","Sin licencia","En formación","Abierto","","8296393158",""
"Turismo de aventura","Recreativas","TA-1ARE-1101-04089","133070227","Wild On Water Bikes","","La Altagracia","Sin licencia","En formación","Cerrado","","8093457262",""
"Turismo de aventura","Vuelo en ultra ligeros","TA-3AUL-1101-04097","133217432","TOPE TOP AIRTOUR AND TRAVEL","","La Altagracia","Sin licencia","En formación","Cerrado","","8097450221",""
"Turismo de aventura","Parasailing","TA-3APS-1101-04114","132378431","PARASOLEIL","","La Altagracia","Sin licencia","En formación","Abierto","","8297064149",""
"Turismo de aventura","Escuela de kitesurf","TA-1AEK-1807-04143","130531064","VILLA TAINA WATERCLUB","","Puerto Plata","Vigente","Activa","Abierto","2026-06-02","8095710722",""
"Turismo de aventura","Escuela de buceo","TA-1AEB-1101-04150","131447597","SCUBACARIBE","","La Altagracia","Sin licencia","En formación","Abierto","","8492051458",""
"Turismo de aventura","Recreativas","TA-1ARE-1101-04151","131447597","SCUBACARIBE","","La Altagracia","Sin licencia","En formación","Abierto","","8492051458",""
"Turismo de aventura","Viajes en botes","TA-1AVB-1101-04152","131447597","SCUBACARIBE","","La Altagracia","Sin licencia","En formación","Abierto","","8492051458",""
"Turismo de aventura","Viajes en botes","TA-1AVB-0101-04153","131232574","OPEXVI","","El Seibo","Vigente","Activa","Abierto","2026-04-14","8095626001",""
"Turismo de aventura","Recreativas","TA-1ARE-0101-04154","131232574","OPEXVI","","El Seibo","Vigente","Activa","Abierto","2026-04-14","8095626001",""
"Turismo de aventura","Paseo turístico","TA-2TPT-1801-04157","133239061","RST TIERRA CHROME CRUSADERS","","Puerto Plata","Sin licencia","En formación","Cerrado","","8294557151",""
"Turismo de aventura","Rancho de caballos","TA-2TRC-1807-04203","133142503","Rancho fénix","","Puerto Plata","Vigente","Activa","Cerrado","2026-06-17","8292941296",""
"Turismo de aventura","Recreativas","TA-1ARE-2102-04355","133044315","COCONUT YMP RENTAL","","San Cristóbal","Incompleta","Inactiva","Cerrado","","8093284942",""
"Turismo de aventura","Viajes en botes","TA-1AVB-2001-04356","101502126","Moto Marina Club","","Samaná","Sin licencia","En formación","Abierto","","8095382302",""
"Turismo de aventura","Viajes en botes","TA-1AVB-1501-04357","131217656","SORAYA Y LEONARDO TOURS","","Monte Cristi","Vigente","Activa","Abierto","2026-08-04","8099616343",""
"Turismo de aventura","Viajes en botes","TA-1AVB-1601-04359","132070909","TRICAN TOURS ADVENTURE","","Pedernales","Sin licencia","En formación","Cerrado","","8296100196",""
"Turismo de aventura","Recreativas","TA-1ARE-1801-04361","133264315","OCEAN BLUE REMI TECO","","Puerto Plata","Vigente","Activa","Cerrado","2026-07-25","8298166159",""
"Turismo de aventura","Viajes en botes","TA-1AVB-1201-04390","131215351","Romana Port Agents And Tourism Services","","La Romana","Vigente","Activa","Abierto","2026-07-21","8097535299",""
"Turismo de aventura","Recreativas","TA-1ARE-1102-04391","131632122","NADAL TOURS DEL CARIBE","","La Altagracia","Sin licencia","En formación","Cerrado","","8296628568",""
"Turismo de aventura","Viajes en botes","TA-1AVB-1808-04392","132195361","TOUR PROTECTION VICVIL","","Puerto Plata","Vigente","Activa","Abierto","2026-07-29","8492034862",""
"Turismo de aventura","Escuela de buceo","TA-1AEB-1101-04393","131786189","SEAKLUB","","La Altagracia","Vigente","Activa","Abierto","2026-06-20","8092843001",""
"Turismo de aventura","Viajes en botes","TA-1AVB-1102-04394","132739061","FERGISAND BOAT & TOURS","Bayahibe","La Altagracia","Vigente","Activa","Abierto","2027-02-20","8097617347",""
"Turismo de aventura","Viajes en botes","TA-1AVB-1101-04395","131385702","SCUBACARIBE","","La Romana","Sin licencia","En formación","Abierto","","8492051458",""
"Turismo de aventura","Viajes en botes","TA-1AVB-1101-04396","131566571","ECO REEF","","La Altagracia","Vigente","Activa","Abierto","2026-07-28","8095545607",""
"Turismo de aventura","Recreativas","TA-1ARE-1101-04398","131216064","TAIGUEY EMOTION SHOW PC","","La Altagracia","Sin licencia","En formación","Abierto","","8294318542",""
"Turismo de aventura","Recreativas","TA-1ARE-0101-04418","131232574","OPEXVI","","La Altagracia","Vigente","Activa","Abierto","2026-06-27","8095626001",""
"Turismo de aventura","Paseo turístico","TA-2TPT-1101-04424","130527261","DOMINICAN TAINO PARK, DOMITAI PARK","","La Altagracia","Vigente","Activa","Abierto","2026-07-04","8292549434",""
"Turismo de aventura","Rancho de caballos","TA-2TRC-1101-04425","130527261","DOMINICAN TAINO PARK, DOMITAI PARK","","La Altagracia","Vigente","Activa","Abierto","2026-08-12","8292549434",""
"Turismo de aventura","Viajes en botes","TA-1AVB-1101-04440","133183749","SWIM AROUND EXPERIENCE","","La Altagracia","Vigente","Activa","Cerrado","2027-02-02","8099571607",""
"Turismo de aventura","Viajes en botes","TA-1AVB-1404-04451","132567137","LAS GOLONDRINAS WATER SPORT, V.I.P. SERVICE","","María Trinidad Sánchez","Sin licencia","En formación","Cerrado","","8298273934",""
"Turismo de aventura","Recreativas","TA-1ARE-2001-04453","101502126","Moto Marina Tours","","Samaná","Sin licencia","En formación","Abierto","","8095382302",""
"Turismo de aventura","Viajes en botes","TA-1AVB-1101-04466","130527261","NISIBON EXPLORER RIVER RANCH RP","","La Altagracia","Vigente","Activa","Abierto","2026-08-11","8292549434",""
"Turismo de aventura","Parques acuáticos temáticos y/o recreativos y/o de atracciones","TA-2TTE-1101-04468","132877802","PANACA","Punta Cana","La Altagracia","Vigente","Activa","Cerrado","2027-10-20","8294715566",""
"Turismo de aventura","Paseo turístico","TA-2TPT-1101-04473","132840623","MUSEO CAMPESTRE AMALILA","","La Altagracia","Sin licencia","En formación","Cerrado","","8093514345",""
"Turismo de aventura","Zip line-Canopy","TA-3AZI-1101-04493","130527261","ADVENTURE BOOGIES","","La Altagracia","Sin licencia","En formación","Abierto","","8097027037",""
"Turismo de aventura","Paseo turístico","TA-2TPT-1801-04499","133464179","LIAN JAVIER EXCURSIONES Y TOURS","","Puerto Plata","Sin licencia","En formación","Cerrado","","8097069243",""
"Turismo de aventura","Recreativas","TA-1ARE-1807-04508","133299402","ALJ TOURS BY ANEURY Y LORENA","","Puerto Plata","Sin licencia","En formación","Cerrado","","8099652783",""
"Turismo de aventura","Escuela de kitesurf","TA-1AEK-1807-04511","131889867","CROSSING OCEANS CABARETE","Cabarete","Puerto Plata","Vigente","Activa","Cerrado","2026-12-16","8097393033",""
"Turismo de aventura","Pesca","TA-1APS-1101-04516","132761693","FISHING MACHINE PUNTA CANA","","La Altagracia","Vigente","Activa","Cerrado","2026-10-20","8292992424",""
"Turismo de aventura","Viajes en botes","TA-1AVB-0101-04520","132625218","HARBY INVERSIONES","BAYAHIBE","La Altagracia","Vigente","Activa","Cerrado","2026-11-20","8096831000",""
"Turismo de aventura","Rancho de caballos","TA-2TRC-0802-04523","133173085","RANCHO TURISTICO LA JARDA PZ","","El Seibo","Sin licencia","En formación","Cerrado","","8095523094",""
"Turismo de aventura","Viajes en botes","TA-1AVB-1807-04524","130591008","CHARLY WATER SPORT SOSUA","","Puerto Plata","En proceso","Activa","Abierto","","8298617103",""
"Turismo de aventura","Viajes en botes","TA-1AVB-1101-04530","131427162","Marhele Operaciones Turisticas","","La Altagracia","Vigente","Activa","Abierto","2026-12-11","8098784518",""
"Turismo de aventura","Viajes en botes","TA-1AVB-1101-04532","131408583","MARHELE OPERACIONES TURÍSTICAS","Bávaro","La Altagracia","Vigente","Activa","Cerrado","2026-12-08","8098784517",""
"Turismo de aventura","Parques acuáticos temáticos y/o recreativos y/o de atracciones","TA-2TTE-1101-04536","131086659","LA HACIENDA PARK","","La Altagracia","Vigente","Activa","Abierto","2028-02-18","8092219444",""
"Turismo de aventura","Viajes en botes","TA-1AVB-1404-04548","132665775","PARAISO DEL NORTE WATER SPORT","","María Trinidad Sánchez","Sin licencia","En formación","Cerrado","","8294620179",""
"Turismo de aventura","Rancho de caballos","TA-2TRC-1101-04552","132840623","MUSEO CAMPESTRE AMALILA","","La Altagracia","Sin licencia","En formación","Cerrado","","8093514345",""
"Turismo de aventura","Recreativas","TA-1ARE-1101-04562","130567417","PUNTA CARACOL RESORT AND CLUB","","La Altagracia","Incompleta","Inactiva","Abierto","","8095335655",""
"Turismo de aventura","Viajes en botes","TA-1AVB-2001-04570","132572459","Playita Scuba Diving","","Samaná","Incompleta","Inactiva","Cerrado","","8098153434",""
"Turismo de aventura","Viajes en botes","TA-1AVB-1101-04571","130498598","UBERO ALTO WATER FUN","","La Altagracia","En proceso","Activa","Abierto","","8098517279",""
"Turismo de aventura","Recreativas","TA-1ARE-2003-04572","133219761","JOLIE PLAYA","","Samaná","Sin licencia","En formación","Cerrado","","8099143180",""
"Turismo de aventura","Escuela de buceo","TA-1AEB-1102-04573","132448251","SHARKY S CREW DR","","La Altagracia","Sin licencia","En formación","Cerrado","","8298920989",""
"Turismo de aventura","Viajes en botes","TA-1AVB-1807-04574","132856511","CRUZING DR","Sosua","Puerto Plata","Vigente","Activa","Cerrado","2027-02-11","8495810252",""
"Turismo de aventura","Recreativas","TA-1ARE-1801-04575","132670051","OCEAN SPORT OCAS","","Puerto Plata","Sin licencia","En formación","Abierto","","8093960057",""
"Turismo de aventura","Recreativas","TA-1ARE-1801-04584","133248409","LUJEVA MULTIPRE","","Puerto Plata","Sin licencia","En formación","Cerrado","","8299093332",""
"Turismo de aventura","Viajes en botes","TA-1AVB-1801-04586","105049848","Luna Tours","","La Altagracia","Incompleta","Inactiva","Abierto","","8094551135",""
"Turismo de aventura","Paseo turístico","TA-2TPT-1101-04598","133269678","Universal Excursion","","La Altagracia","Sin licencia","En formación","Cerrado","","8097817604",""
"Turismo de aventura","Recreativas","TA-1ARE-3204-04600","133224801","Cubal Adventure","","Santo Domingo","Sin licencia","En formación","Cerrado","","8093708733",""
"Turismo de aventura","Paseo turístico","TA-2TPT-1101-04602","132315278","RANCHO DOÑA MILAGROS PUNTA CANA","","La Altagracia","Sin licencia","En formación","Cerrado","","8094983482",""
"Turismo de aventura","Rancho de caballos","TA-2TRC-1101-04606","132315278","RANCHO DOÑA MILAGROS PUNTA CANA","","La Altagracia","En proceso","Activa","Cerrado","","8094983482",""
"Turismo de aventura","Escuela de paddle surf","TA-1AEP-3204-04625","133596695","AWA SUP CLUB RD","","Santo Domingo","Incompleta","Inactiva","Abierto","","8098037554",""
"Turismo de aventura","Escuela de buceo","TA-1AEB-1101-04626","132450353","DIVING BY EASTBAY","","La Altagracia","Incompleta","Inactiva","Cerrado","","8294522601",""
"Turismo de aventura","Viajes en botes","TA-1AVB-1404-04627","133474999","AVENTUMARE","","María Trinidad Sánchez","Incompleta","Inactiva","Cerrado","","8293562727",""
"Turismo de aventura","Viajes en botes","TA-1AVB-1101-04628","133357992","ACUATICA ESTRELLAS DEL MAR","","La Altagracia","Incompleta","Inactiva","Cerrado","","8294649277",""
"Turismo de aventura","Viajes en botes","TA-1AVB-0802-04629","133340102","OCEAN TOURS JHONIEL","","El Seibo","Incompleta","Inactiva","Cerrado","","8094941760",""
"Turismo de aventura","Recreativas","TA-1ARE-2001-04630","133442035","SAMANA BOATS SPORT PCB","","Samaná","Incompleta","Inactiva","Cerrado","","8494393939",""
"Turismo de aventura","Viajes en botes","TA-1AVB-1101-04635","131427162","Marhele Operaciones Turisticas","","La Altagracia","Incompleta","Inactiva","Abierto","","8098784517",""
"Turismo de aventura","Viajes en botes","TA-1AVB-1101-04636","131408583","Marhele Operaciones Turisticas","","La Altagracia","Incompleta","Inactiva","Cerrado","","8098784517",""
"Turismo de aventura","Viajes en botes","TA-1AVB-1101-04637","105085437","BEBE CATAMARANS","","Pedernales","Incompleta","Inactiva","Abierto","","8093607373",""
"Turismo de aventura","Viajes en botes","TA-1AVB-1101-04638","133119633","CATALUNA TOURS","","La Altagracia","Incompleta","Inactiva","Cerrado","","8495169555",""
"Turismo de aventura","Viajes en botes","TA-1AVB-1101-04640","132844361","PUNTA CANA KING EXCURSIONS","","La Altagracia","Incompleta","Inactiva","Cerrado","","8294488136",""
"Turismo de aventura","Viajes en botes","TA-1AVB-1101-04664","105045044","NEXUS TOURS","","La Romana","Incompleta","Inactiva","Abierto","","8095520943",""